[2026-04-27T05:43:02] No drift, featured unchanged — no push.
[2026-04-27T13:27:53] PUSH ok: featured='10 Signs of a Trustworthy Mechanic in Singapore' (/10-signs-trustworthy-mechanic-singapore/), hero_fixes=0, bucket=0
[2026-04-27T17:48:04] No drift, featured unchanged — no push.
[2026-04-28T18:01:51] PUSH ok: featured='10 Signs of a Trustworthy Mechanic in Singapore' (/10-signs-trustworthy-mechanic-singapore/), hero_fixes=0, bucket=0
[2026-04-30T17:50:25] No drift, featured unchanged — no push.
[2026-05-01T17:32:47] No drift, featured unchanged — no push.
[2026-05-02T17:13:26] No drift, featured unchanged — no push.
[2026-05-03T17:14:11] No drift, featured unchanged — no push.
[2026-05-04T17:59:54] No drift, featured unchanged — no push.
[2026-05-05T17:58:49] No drift, featured unchanged — no push.
[2026-05-06T17:59:07] No drift, featured unchanged — no push.
[2026-05-07T18:05:41] No drift, featured unchanged — no push.
[2026-05-08T17:51:44] PUSH ok: featured='Brake Pads and Rotors: How to Tell When It Is Time to Change in Singapore' (/brake-pads-rotors-singapore-when-to-change/), hero_fixes=0, bucket=2
[2026-05-08T17:52:13] featured_media fix: coe-renewal-vs-scrap-singapore-guide page=1223 5592 -> 1216
[2026-05-09T17:27:32] No drift, featured unchanged — no push.
[2026-05-10T17:28:37] No drift, featured unchanged — no push.
[2026-05-11T18:17:01] PUSH ok: featured='Why Your Car Aircon Isn’t Cold in Singapore (And What Actually Needs Fixing)' (/car-aircon-not-cold-singapore-fix/), hero_fixes=3, bucket=3
[2026-05-11T18:17:01]   hero-fix coe-explained: https://i0.wp.com/therightworkshop.com/wp-content/uploads/2026/05/singapore-expressway-cat-a-cat-b-coe-cars.webp?w=800&ssl=1 -> https://therightworkshop.com/wp-content/uploads/2026/05/COE_Explained_Hero_-_Singapore_Marina_Expressway.jpg
[2026-05-11T18:17:01]   hero-fix cat-a-vs-cat-b-singapore: https://i0.wp.com/therightworkshop.com/wp-content/uploads/2026/05/singapore-expressway-cat-a-cat-b-coe-cars.webp?w=800&ssl=1 -> https://therightworkshop.com/wp-content/uploads/2026/05/singapore-expressway-cat-a-cat-b-coe-cars.jpg
[2026-05-11T18:17:01]   hero-fix what-is-the-right-workshop-singapore: https://i0.wp.com/therightworkshop.com/wp-content/uploads/2026/04/trw-og-image-1200x630-1.webp?w=800&ssl=1 -> https://therightworkshop.com/wp-content/uploads/2026/04/nb_servicing_oilpour_v2.jpg
[2026-05-11T18:17:57] featured_media fix: coe-explained page=4563 5592 -> 5590
[2026-05-11T18:17:59] featured_media fix: what-is-the-right-workshop-singapore page=3774 0 -> 958
[2026-05-12T02:09:12] PUSH ok: featured='Why Your Car Aircon Isn’t Cold in Singapore (And What Actually Needs Fixing)' (/car-aircon-not-cold-singapore-fix/), hero_fixes=0, bucket=3
[2026-05-12T04:13:12] PUSH ok: featured='Why Your Car Aircon Isn’t Cold in Singapore (And What Actually Needs Fixing)' (/car-aircon-not-cold-singapore-fix/), hero_fixes=0, bucket=3
[2026-05-12T05:18:19] PUSH ok: featured='Why Your Car Aircon Isn’t Cold in Singapore (And What Actually Needs Fixing)' (/car-aircon-not-cold-singapore-fix/), hero_fixes=0, bucket=3
[2026-05-12T18:22:53] No drift, featured unchanged — no push.
[2026-05-13T18:24:22] PUSH ok: featured='Why Your Car Aircon Isn’t Cold in Singapore (And What Actually Needs Fixing)' (/car-aircon-not-cold-singapore-fix/), hero_fixes=0, bucket=3
[2026-05-14T18:17:17] PUSH ok: featured='Car Insurance in Singapore: Why One Call to a Broker Beats Calling 10 Companies Yourself' (/car-insurance-broker-singapore/), hero_fixes=4, bucket=4
[2026-05-14T18:17:17]   hero-fix singapore-parf-rebate-schedule-and-cap-revised-from-feb-2026: https://therightworkshop.com/wp-content/uploads/2026/05/AB_regulation_revision-of-preferential-additional-regi.webp -> https://therightworkshop.com/wp-content/uploads/2026/04/logo-white-on-transparent.png
[2026-05-14T18:17:17]   hero-fix singapore-ev-licence-plates-lta-and-scdf-begin-design-consultation: https://therightworkshop.com/wp-content/uploads/2026/05/AB_ev_joint-news-release-by-lta-scdf-launc.webp -> https://therightworkshop.com/wp-content/uploads/2026/04/logo-white-on-transparent.png
[2026-05-14T18:17:17]   hero-fix vep-and-gvp-fees-rise-from-january-2027-for-foreign-vehicles: https://therightworkshop.com/wp-content/uploads/2026/05/AB_regulation_updates-for-foreign-registered-vehicles.webp -> https://therightworkshop.com/wp-content/uploads/2026/04/logo-white-on-transparent.png
[2026-05-14T18:17:17]   hero-fix erp-2-obu-now-mandatory-key-dates-and-penalties-for-singapore-drivers: https://therightworkshop.com/wp-content/uploads/2026/05/AB_erp_amendments-to-road-traffic-act-to-facili.webp -> https://therightworkshop.com/wp-content/uploads/2026/04/logo-white-on-transparent.png
[2026-05-14T18:18:26] featured_media fix: singapore-parf-rebate-schedule-and-cap-revised-from-feb-2026 page=6187 6186 -> 641
[2026-05-14T18:18:27] featured_media fix: singapore-ev-licence-plates-lta-and-scdf-begin-design-consultation page=6193 6192 -> 641
[2026-05-14T18:18:29] featured_media fix: vep-and-gvp-fees-rise-from-january-2027-for-foreign-vehicles page=6199 6198 -> 641
[2026-05-14T18:18:30] featured_media fix: erp-2-obu-now-mandatory-key-dates-and-penalties-for-singapore-drivers page=6279 6278 -> 641
[2026-05-15T18:01:43] No drift, featured unchanged — no push.
[2026-05-16T17:30:18] PUSH ok: featured='Car Insurance in Singapore: Why One Call to a Broker Beats Calling 10 Companies Yourself' (/car-insurance-broker-singapore/), hero_fixes=4, bucket=4
[2026-05-16T17:30:18]   hero-fix erp-2-obu-now-mandatory-key-dates-and-penalties-for-singapore-drivers: https://therightworkshop.com/wp-content/uploads/2026/05/news_b_6279_jfjhmcir.png -> https://therightworkshop.com/wp-content/uploads/2026/04/nb_servicing_oilpour_v2.jpg
[2026-05-16T17:30:18]   hero-fix vep-and-gvp-fees-rise-from-january-2027-for-foreign-vehicles: https://therightworkshop.com/wp-content/uploads/2026/05/news_b_6199_o95pzkv3.png -> https://therightworkshop.com/wp-content/uploads/2026/04/nb_servicing_oilpour_v2.jpg
[2026-05-16T17:30:18]   hero-fix singapore-ev-licence-plates-lta-and-scdf-begin-design-consultation: https://therightworkshop.com/wp-content/uploads/2026/05/news_b_6193_ahyant0o.png -> https://therightworkshop.com/wp-content/uploads/2026/04/nb_servicing_oilpour_v2.jpg
[2026-05-16T17:30:18]   hero-fix singapore-parf-rebate-schedule-and-cap-revised-from-feb-2026: https://therightworkshop.com/wp-content/uploads/2026/05/news_b_6187_288qizix.png -> https://therightworkshop.com/wp-content/uploads/2026/04/nb_servicing_oilpour_v2.jpg
[2026-05-16T17:31:31] featured_media fix: erp-2-obu-now-mandatory-key-dates-and-penalties-for-singapore-drivers page=6279 6829 -> 958
[2026-05-16T17:31:32] featured_media fix: vep-and-gvp-fees-rise-from-january-2027-for-foreign-vehicles page=6199 6835 -> 958
[2026-05-16T17:31:33] featured_media fix: singapore-ev-licence-plates-lta-and-scdf-begin-design-consultation page=6193 6840 -> 958
[2026-05-16T17:31:34] featured_media fix: singapore-parf-rebate-schedule-and-cap-revised-from-feb-2026 page=6187 6845 -> 958
[2026-05-17T17:33:38] No drift, featured unchanged — no push.
[2026-05-18T18:19:35] No drift, featured unchanged — no push.
[2026-05-19T09:14:55] PUSH ok: featured='What Actually Changes Your Car Insurance Premium in Singapore' (/car-insurance-premium-factors-singapore/), hero_fixes=0, bucket=5
[2026-05-19T09:19:54] No drift, featured unchanged — no push.
[2026-05-19T09:26:08] PUSH ok: featured='What Actually Changes Your Car Insurance Premium in Singapore' (/car-insurance-premium-factors-singapore/), hero_fixes=2, bucket=5
[2026-05-19T09:26:08]   hero-fix cat-a-coe-may-2026-hits-124790-whats-driving-the-climb: https://therightworkshop.com/wp-content/uploads/2026/05/coe-cat-a-may-2026-1st-round.png -> https://therightworkshop.com/wp-content/uploads/2026/04/nb_servicing_oilpour_v2.jpg
[2026-05-19T09:26:08]   hero-fix coe-results: https://therightworkshop.com/wp-content/uploads/2026/05/how-to-read-coe-results-singapore-hero.webp -> https://therightworkshop.com/wp-content/uploads/2026/04/trw_export_scrap.jpg
[2026-05-19T09:27:06] featured_media fix: cat-a-coe-may-2026-hits-124790-whats-driving-the-climb page=7143 7202 -> 958
[2026-05-19T09:27:07] featured_media fix: coe-results page=4572 5595 -> 760
[2026-05-19T18:23:27] PUSH ok: featured='What Actually Changes Your Car Insurance Premium in Singapore' (/car-insurance-premium-factors-singapore/), hero_fixes=5, bucket=5
[2026-05-19T18:23:27]   hero-fix erp-2-obu-now-mandatory-key-dates-and-penalties-for-singapore-drivers: https://therightworkshop.com/wp-content/uploads/2026/05/news_b_6279_jfjhmcir.png -> https://therightworkshop.com/wp-content/uploads/2026/04/nb_servicing_oilpour_v2.jpg
[2026-05-19T18:23:27]   hero-fix vep-and-gvp-fees-rise-from-january-2027-for-foreign-vehicles: https://therightworkshop.com/wp-content/uploads/2026/05/news_b_6199_o95pzkv3.png -> https://therightworkshop.com/wp-content/uploads/2026/04/nb_servicing_oilpour_v2.jpg
[2026-05-19T18:23:27]   hero-fix singapore-ev-licence-plates-lta-and-scdf-begin-design-consultation: https://therightworkshop.com/wp-content/uploads/2026/05/news_b_6193_ahyant0o.png -> https://therightworkshop.com/wp-content/uploads/2026/04/nb_servicing_oilpour_v2.jpg
[2026-05-19T18:23:27]   hero-fix singapore-parf-rebate-schedule-and-cap-revised-from-feb-2026: https://therightworkshop.com/wp-content/uploads/2026/05/news_b_6187_288qizix.png -> https://therightworkshop.com/wp-content/uploads/2026/04/nb_servicing_oilpour_v2.jpg
[2026-05-19T18:23:27]   hero-fix cat-a-coe-may-2026-hits-124790-whats-driving-the-climb: https://therightworkshop.com/wp-content/uploads/2026/05/coe-cat-a-may-2026-1st-round.png -> https://therightworkshop.com/wp-content/uploads/2026/04/nb_servicing_oilpour_v2.jpg
[2026-05-19T18:24:47] featured_media fix: erp-2-obu-now-mandatory-key-dates-and-penalties-for-singapore-drivers page=6279 6829 -> 958
[2026-05-19T18:24:49] featured_media fix: vep-and-gvp-fees-rise-from-january-2027-for-foreign-vehicles page=6199 6835 -> 958
[2026-05-19T18:24:51] featured_media fix: singapore-ev-licence-plates-lta-and-scdf-begin-design-consultation page=6193 6840 -> 958
[2026-05-19T18:24:53] featured_media fix: singapore-parf-rebate-schedule-and-cap-revised-from-feb-2026 page=6187 6845 -> 958
[2026-05-20T05:40:31] PUSH ok: featured='What Actually Changes Your Car Insurance Premium in Singapore' (/car-insurance-premium-factors-singapore/), hero_fixes=5, bucket=5
[2026-05-20T05:40:31]   hero-fix erp-2-obu-now-mandatory-key-dates-and-penalties-for-singapore-drivers: https://therightworkshop.com/wp-content/uploads/2026/05/news_b_6279_jfjhmcir.png -> https://therightworkshop.com/wp-content/uploads/2026/04/nb_servicing_oilpour_v2.jpg
[2026-05-20T05:40:31]   hero-fix vep-and-gvp-fees-rise-from-january-2027-for-foreign-vehicles: https://therightworkshop.com/wp-content/uploads/2026/05/news_b_6199_o95pzkv3.png -> https://therightworkshop.com/wp-content/uploads/2026/04/nb_servicing_oilpour_v2.jpg
[2026-05-20T05:40:31]   hero-fix singapore-ev-licence-plates-lta-and-scdf-begin-design-consultation: https://therightworkshop.com/wp-content/uploads/2026/05/news_b_6193_ahyant0o.png -> https://therightworkshop.com/wp-content/uploads/2026/04/nb_servicing_oilpour_v2.jpg
[2026-05-20T05:40:31]   hero-fix singapore-parf-rebate-schedule-and-cap-revised-from-feb-2026: https://therightworkshop.com/wp-content/uploads/2026/05/news_b_6187_288qizix.png -> https://therightworkshop.com/wp-content/uploads/2026/04/nb_servicing_oilpour_v2.jpg
[2026-05-20T05:40:31]   hero-fix cat-a-coe-may-2026-hits-124790-whats-driving-the-climb: https://therightworkshop.com/wp-content/uploads/2026/05/coe-cat-a-may-2026-1st-round.png -> https://therightworkshop.com/wp-content/uploads/2026/04/nb_servicing_oilpour_v2.jpg
[2026-05-20T05:41:30] featured_media fix: erp-2-obu-now-mandatory-key-dates-and-penalties-for-singapore-drivers page=6279 6829 -> 958
[2026-05-20T05:41:32] featured_media fix: vep-and-gvp-fees-rise-from-january-2027-for-foreign-vehicles page=6199 6835 -> 958
[2026-05-20T05:41:33] featured_media fix: singapore-ev-licence-plates-lta-and-scdf-begin-design-consultation page=6193 6840 -> 958
[2026-05-20T05:41:34] featured_media fix: singapore-parf-rebate-schedule-and-cap-revised-from-feb-2026 page=6187 6845 -> 958
[2026-05-20T05:41:36] featured_media fix: cat-a-coe-may-2026-hits-124790-whats-driving-the-climb page=7143 7245 -> 958
[2026-05-20T07:10:11] PUSH ok: featured='What Actually Changes Your Car Insurance Premium in Singapore' (/car-insurance-premium-factors-singapore/), hero_fixes=3, bucket=5
[2026-05-20T07:10:11]   hero-fix vep-and-gvp-fees-rise-from-january-2027-for-foreign-vehicles: https://therightworkshop.com/wp-content/uploads/2026/05/news_b_6199_o95pzkv3.png -> https://therightworkshop.com/wp-content/uploads/2026/04/nb_servicing_oilpour_v2.jpg
[2026-05-20T07:10:11]   hero-fix singapore-ev-licence-plates-lta-and-scdf-begin-design-consultation: https://therightworkshop.com/wp-content/uploads/2026/05/news_b_6193_ahyant0o.png -> https://therightworkshop.com/wp-content/uploads/2026/04/nb_servicing_oilpour_v2.jpg
[2026-05-20T07:10:11]   hero-fix singapore-parf-rebate-schedule-and-cap-revised-from-feb-2026: https://therightworkshop.com/wp-content/uploads/2026/05/news_b_6187_288qizix.png -> https://therightworkshop.com/wp-content/uploads/2026/04/nb_servicing_oilpour_v2.jpg
[2026-05-20T07:11:05] featured_media fix: erp-2-obu-now-mandatory-key-dates-and-penalties-for-singapore-drivers page=6279 6829 -> 958
[2026-05-20T07:11:07] featured_media fix: vep-and-gvp-fees-rise-from-january-2027-for-foreign-vehicles page=6199 6835 -> 958
[2026-05-20T07:11:08] featured_media fix: singapore-ev-licence-plates-lta-and-scdf-begin-design-consultation page=6193 6840 -> 958
[2026-05-20T07:11:09] featured_media fix: singapore-parf-rebate-schedule-and-cap-revised-from-feb-2026 page=6187 6845 -> 958
[2026-05-20T07:59:19] PUSH ok: featured='What Actually Changes Your Car Insurance Premium in Singapore' (/car-insurance-premium-factors-singapore/), hero_fixes=4, bucket=5
[2026-05-20T07:59:19]   hero-fix erp-2-obu-now-mandatory-key-dates-and-penalties-for-singapore-drivers: https://therightworkshop.com/wp-content/uploads/2026/05/news_b_6279_jfjhmcir.png -> https://therightworkshop.com/wp-content/uploads/2026/04/nb_servicing_oilpour_v2.jpg
[2026-05-20T07:59:19]   hero-fix vep-and-gvp-fees-rise-from-january-2027-for-foreign-vehicles: https://therightworkshop.com/wp-content/uploads/2026/05/news_b_6199_o95pzkv3.png -> https://therightworkshop.com/wp-content/uploads/2026/04/nb_servicing_oilpour_v2.jpg
[2026-05-20T07:59:19]   hero-fix singapore-ev-licence-plates-lta-and-scdf-begin-design-consultation: https://therightworkshop.com/wp-content/uploads/2026/05/news_b_6193_ahyant0o.png -> https://therightworkshop.com/wp-content/uploads/2026/04/nb_servicing_oilpour_v2.jpg
[2026-05-20T07:59:19]   hero-fix singapore-parf-rebate-schedule-and-cap-revised-from-feb-2026: https://therightworkshop.com/wp-content/uploads/2026/05/news_b_6187_288qizix.png -> https://therightworkshop.com/wp-content/uploads/2026/04/nb_servicing_oilpour_v2.jpg
[2026-05-20T08:00:15] featured_media fix: erp-2-obu-now-mandatory-key-dates-and-penalties-for-singapore-drivers page=6279 6829 -> 958
[2026-05-20T08:00:16] featured_media fix: vep-and-gvp-fees-rise-from-january-2027-for-foreign-vehicles page=6199 6835 -> 958
[2026-05-20T08:00:18] featured_media fix: singapore-ev-licence-plates-lta-and-scdf-begin-design-consultation page=6193 6840 -> 958
[2026-05-20T08:00:19] featured_media fix: singapore-parf-rebate-schedule-and-cap-revised-from-feb-2026 page=6187 6845 -> 958
[2026-05-20T08:16:59] PUSH ok: featured='What Actually Changes Your Car Insurance Premium in Singapore' (/car-insurance-premium-factors-singapore/), hero_fixes=4, bucket=5
[2026-05-20T08:16:59]   hero-fix erp-2-obu-now-mandatory-key-dates-and-penalties-for-singapore-drivers: https://therightworkshop.com/wp-content/uploads/2026/05/news_b_6279_jfjhmcir.png -> https://therightworkshop.com/wp-content/uploads/2026/04/nb_servicing_oilpour_v2.jpg
[2026-05-20T08:16:59]   hero-fix vep-and-gvp-fees-rise-from-january-2027-for-foreign-vehicles: https://therightworkshop.com/wp-content/uploads/2026/05/news_b_6199_o95pzkv3.png -> https://therightworkshop.com/wp-content/uploads/2026/04/nb_servicing_oilpour_v2.jpg
[2026-05-20T08:16:59]   hero-fix singapore-ev-licence-plates-lta-and-scdf-begin-design-consultation: https://therightworkshop.com/wp-content/uploads/2026/05/news_b_6193_ahyant0o.png -> https://therightworkshop.com/wp-content/uploads/2026/04/nb_servicing_oilpour_v2.jpg
[2026-05-20T08:16:59]   hero-fix singapore-parf-rebate-schedule-and-cap-revised-from-feb-2026: https://therightworkshop.com/wp-content/uploads/2026/05/news_b_6187_288qizix.png -> https://therightworkshop.com/wp-content/uploads/2026/04/nb_servicing_oilpour_v2.jpg
[2026-05-20T08:17:51] featured_media fix: erp-2-obu-now-mandatory-key-dates-and-penalties-for-singapore-drivers page=6279 6829 -> 958
[2026-05-20T08:17:53] featured_media fix: vep-and-gvp-fees-rise-from-january-2027-for-foreign-vehicles page=6199 6835 -> 958
[2026-05-20T08:17:54] featured_media fix: singapore-ev-licence-plates-lta-and-scdf-begin-design-consultation page=6193 6840 -> 958
[2026-05-20T08:17:55] featured_media fix: singapore-parf-rebate-schedule-and-cap-revised-from-feb-2026 page=6187 6845 -> 958
[2026-05-20T18:41:04] PUSH ok: featured='What Actually Changes Your Car Insurance Premium in Singapore' (/car-insurance-premium-factors-singapore/), hero_fixes=4, bucket=5
[2026-05-20T18:41:04]   hero-fix erp-2-obu-now-mandatory-key-dates-and-penalties-for-singapore-drivers: https://therightworkshop.com/wp-content/uploads/2026/05/news_b_6279_jfjhmcir.png -> https://therightworkshop.com/wp-content/uploads/2026/04/nb_servicing_oilpour_v2.jpg
[2026-05-20T18:41:04]   hero-fix vep-and-gvp-fees-rise-from-january-2027-for-foreign-vehicles: https://therightworkshop.com/wp-content/uploads/2026/05/news_b_6199_o95pzkv3.png -> https://therightworkshop.com/wp-content/uploads/2026/04/nb_servicing_oilpour_v2.jpg
[2026-05-20T18:41:04]   hero-fix singapore-ev-licence-plates-lta-and-scdf-begin-design-consultation: https://therightworkshop.com/wp-content/uploads/2026/05/news_b_6193_ahyant0o.png -> https://therightworkshop.com/wp-content/uploads/2026/04/nb_servicing_oilpour_v2.jpg
[2026-05-20T18:41:04]   hero-fix singapore-parf-rebate-schedule-and-cap-revised-from-feb-2026: https://therightworkshop.com/wp-content/uploads/2026/05/news_b_6187_288qizix.png -> https://therightworkshop.com/wp-content/uploads/2026/04/nb_servicing_oilpour_v2.jpg
[2026-05-20T18:42:18] featured_media fix: erp-2-obu-now-mandatory-key-dates-and-penalties-for-singapore-drivers page=6279 6829 -> 958
[2026-05-20T18:42:19] featured_media fix: vep-and-gvp-fees-rise-from-january-2027-for-foreign-vehicles page=6199 6835 -> 958
[2026-05-20T18:42:21] featured_media fix: singapore-ev-licence-plates-lta-and-scdf-begin-design-consultation page=6193 6840 -> 958
[2026-05-20T18:42:22] featured_media fix: singapore-parf-rebate-schedule-and-cap-revised-from-feb-2026 page=6187 6845 -> 958
[2026-05-21T03:37:38] PUSH ok: featured='What Actually Changes Your Car Insurance Premium in Singapore' (/car-insurance-premium-factors-singapore/), hero_fixes=4, bucket=5
[2026-05-21T03:37:38]   hero-fix erp-2-obu-now-mandatory-key-dates-and-penalties-for-singapore-drivers: https://therightworkshop.com/wp-content/uploads/2026/05/news_b_6279_jfjhmcir.png -> https://therightworkshop.com/wp-content/uploads/2026/04/nb_servicing_oilpour_v2.jpg
[2026-05-21T03:37:38]   hero-fix vep-and-gvp-fees-rise-from-january-2027-for-foreign-vehicles: https://therightworkshop.com/wp-content/uploads/2026/05/news_b_6199_o95pzkv3.png -> https://therightworkshop.com/wp-content/uploads/2026/04/nb_servicing_oilpour_v2.jpg
[2026-05-21T03:37:38]   hero-fix singapore-ev-licence-plates-lta-and-scdf-begin-design-consultation: https://therightworkshop.com/wp-content/uploads/2026/05/news_b_6193_ahyant0o.png -> https://therightworkshop.com/wp-content/uploads/2026/04/nb_servicing_oilpour_v2.jpg
[2026-05-21T03:37:38]   hero-fix singapore-parf-rebate-schedule-and-cap-revised-from-feb-2026: https://therightworkshop.com/wp-content/uploads/2026/05/news_b_6187_288qizix.png -> https://therightworkshop.com/wp-content/uploads/2026/04/nb_servicing_oilpour_v2.jpg
[2026-05-21T03:38:39] featured_media fix: erp-2-obu-now-mandatory-key-dates-and-penalties-for-singapore-drivers page=6279 6829 -> 958
[2026-05-21T03:38:40] featured_media fix: vep-and-gvp-fees-rise-from-january-2027-for-foreign-vehicles page=6199 6835 -> 958
[2026-05-21T03:38:41] featured_media fix: singapore-ev-licence-plates-lta-and-scdf-begin-design-consultation page=6193 6840 -> 958
[2026-05-21T03:38:43] featured_media fix: singapore-parf-rebate-schedule-and-cap-revised-from-feb-2026 page=6187 6845 -> 958
[2026-05-21T05:38:49] PUSH ok: featured='What Actually Changes Your Car Insurance Premium in Singapore' (/car-insurance-premium-factors-singapore/), hero_fixes=21, bucket=5
[2026-05-21T05:38:49]   hero-fix car-insurance-broker-singapore: https://therightworkshop.com/wp-content/uploads/2026/05/04-insurance-broker-LOCKED.webp -> https://therightworkshop.com/wp-content/uploads/2026/05/04-insurance-broker-LOCKED.jpg
[2026-05-21T05:38:49]   hero-fix pre-purchase-car-inspection-singapore: https://therightworkshop.com/wp-content/uploads/2026/05/06-inspection-LOCKED.webp -> https://therightworkshop.com/wp-content/uploads/2026/05/06-inspection-LOCKED.jpg
[2026-05-21T05:38:49]   hero-fix cheapest-car-workshop-singapore: https://therightworkshop.com/wp-content/uploads/2026/05/07-workshop-LOCKED.webp -> https://therightworkshop.com/wp-content/uploads/2026/05/07-workshop-LOCKED.jpg
[2026-05-21T05:38:49]   hero-fix car-insurance-premium-factors-singapore: https://therightworkshop.com/wp-content/uploads/2026/05/05-insurance-premium-LOCKED.webp -> https://therightworkshop.com/wp-content/uploads/2026/05/05-insurance-premium-LOCKED.jpg
[2026-05-21T05:38:49]   hero-fix coe-explained: https://therightworkshop.com/wp-content/uploads/2026/05/COE_Explained_Hero_-_Singapore_Marina_Expressway.webp -> https://therightworkshop.com/wp-content/uploads/2026/05/COE_Explained_Hero_-_Singapore_Marina_Expressway.jpg
[2026-05-21T05:38:49]   hero-fix cat-a-vs-cat-b-singapore: https://therightworkshop.com/wp-content/uploads/2026/05/singapore-expressway-cat-a-cat-b-coe-cars.webp -> https://therightworkshop.com/wp-content/uploads/2026/05/singapore-expressway-cat-a-cat-b-coe-cars.jpg
[2026-05-21T05:38:49]   hero-fix coe-results-explained: https://therightworkshop.com/wp-content/uploads/2026/05/how-to-read-coe-results-singapore-hero.webp -> https://therightworkshop.com/wp-content/uploads/2026/05/how-to-read-coe-results-singapore-hero.jpg
[2026-05-21T05:38:49]   hero-fix coe-renewal-singapore: https://therightworkshop.com/wp-content/uploads/2026/05/01-coe-renewal-LOCKED.webp -> https://therightworkshop.com/wp-content/uploads/2026/05/01-coe-renewal-LOCKED.jpg
[2026-05-21T05:38:49]   hero-fix coe-export-car-singapore: https://therightworkshop.com/wp-content/uploads/2026/05/02-coe-export-LOCKED.webp -> https://therightworkshop.com/wp-content/uploads/2026/05/02-coe-export-LOCKED.jpg
[2026-05-21T05:38:49]   hero-fix scrap-car-singapore: https://therightworkshop.com/wp-content/uploads/2026/05/03-coe-scrap-LOCKED.webp -> https://therightworkshop.com/wp-content/uploads/2026/05/03-coe-scrap-LOCKED.jpg
[2026-05-21T05:38:49]   hero-fix coe-renewal-vs-scrap-singapore-guide: https://therightworkshop.com/wp-content/uploads/2026/04/nb_post7_coe_renewal_v1-1.webp -> https://therightworkshop.com/wp-content/uploads/2026/04/nb_post7_coe_renewal_v1-1.jpg
[2026-05-21T05:38:49]   hero-fix what-is-the-right-workshop-singapore: https://therightworkshop.com/wp-content/uploads/2026/04/nb_servicing_oilpour_v2.webp -> https://therightworkshop.com/wp-content/uploads/2026/04/nb_servicing_oilpour_v2.jpg
[2026-05-21T05:38:49]   hero-fix how-to-read-workshop-quote-singapore: https://therightworkshop.com/wp-content/uploads/2026/04/nb_post_read-quote_v1.webp -> https://therightworkshop.com/wp-content/uploads/2026/04/nb_post_read-quote_v1.jpg
[2026-05-21T05:38:49]   hero-fix brake-pads-rotors-singapore-when-to-change: https://therightworkshop.com/wp-content/uploads/2026/04/nb_post5_brake_pads_v1-1.webp -> https://therightworkshop.com/wp-content/uploads/2026/04/nb_post5_brake_pads_v1-1.jpg
[2026-05-21T05:38:49]   hero-fix erp-2-0-singapore-2026: https://therightworkshop.com/wp-content/uploads/2026/05/erp-2-0-gantry-singapore-hero.webp -> https://therightworkshop.com/wp-content/uploads/2026/05/erp-2-0-gantry-singapore-hero.jpg
[2026-05-21T05:38:49]   hero-fix erp-2-obu-now-mandatory-key-dates-and-penalties-for-singapore-drivers: https://therightworkshop.com/wp-content/uploads/2026/05/news_card_erp_obu_mandatory.png -> https://therightworkshop.com/wp-content/uploads/2026/05/news_b_6279_jfjhmcir.png
[2026-05-21T05:38:49]   hero-fix vep-and-gvp-fees-rise-from-january-2027-for-foreign-vehicles: https://therightworkshop.com/wp-content/uploads/2026/05/news_card_vep_fee_rise.png -> https://therightworkshop.com/wp-content/uploads/2026/05/news_b_6199_o95pzkv3.png
[2026-05-21T05:38:49]   hero-fix singapore-ev-licence-plates-lta-and-scdf-begin-design-consultation: https://therightworkshop.com/wp-content/uploads/2026/05/news_card_ev_licence_plates.png -> https://therightworkshop.com/wp-content/uploads/2026/05/news_b_6193_ahyant0o.png
[2026-05-21T05:38:49]   hero-fix singapore-parf-rebate-schedule-and-cap-revised-from-feb-2026: https://therightworkshop.com/wp-content/uploads/2026/05/news_card_parf_rebate.png -> https://therightworkshop.com/wp-content/uploads/2026/05/news_b_6187_288qizix.png
[2026-05-21T05:38:49]   hero-fix cat-a-coe-may-2026-hits-124790-whats-driving-the-climb: https://therightworkshop.com/wp-content/uploads/2026/04/nb_servicing_oilpour_v2.webp -> https://therightworkshop.com/wp-content/uploads/2026/04/nb_servicing_oilpour_v2.jpg
[2026-05-21T05:38:49]   hero-fix coe-results: https://therightworkshop.com/wp-content/uploads/2026/04/trw_export_scrap.webp -> https://therightworkshop.com/wp-content/uploads/2026/04/trw_export_scrap.jpg
[2026-05-21T05:39:41] featured_media fix: erp-2-obu-now-mandatory-key-dates-and-penalties-for-singapore-drivers page=6279 7311 -> 6829
[2026-05-21T05:39:42] featured_media fix: vep-and-gvp-fees-rise-from-january-2027-for-foreign-vehicles page=6199 7312 -> 6835
[2026-05-21T05:39:43] featured_media fix: singapore-ev-licence-plates-lta-and-scdf-begin-design-consultation page=6193 7313 -> 6840
[2026-05-21T05:39:44] featured_media fix: singapore-parf-rebate-schedule-and-cap-revised-from-feb-2026 page=6187 7314 -> 6845
[2026-05-21T15:27:27] PUSH ok: featured='What Actually Changes Your Car Insurance Premium in Singapore' (/car-insurance-premium-factors-singapore/), hero_fixes=21, bucket=5
[2026-05-21T15:27:27]   hero-fix car-insurance-broker-singapore: https://therightworkshop.com/wp-content/uploads/2026/05/04-insurance-broker-LOCKED.webp -> https://therightworkshop.com/wp-content/uploads/2026/05/04-insurance-broker-LOCKED.jpg
[2026-05-21T15:27:27]   hero-fix pre-purchase-car-inspection-singapore: https://therightworkshop.com/wp-content/uploads/2026/05/06-inspection-LOCKED.webp -> https://therightworkshop.com/wp-content/uploads/2026/05/06-inspection-LOCKED.jpg
[2026-05-21T15:27:27]   hero-fix cheapest-car-workshop-singapore: https://therightworkshop.com/wp-content/uploads/2026/05/07-workshop-LOCKED.webp -> https://therightworkshop.com/wp-content/uploads/2026/05/07-workshop-LOCKED.jpg
[2026-05-21T15:27:27]   hero-fix car-insurance-premium-factors-singapore: https://therightworkshop.com/wp-content/uploads/2026/05/05-insurance-premium-LOCKED.webp -> https://therightworkshop.com/wp-content/uploads/2026/05/05-insurance-premium-LOCKED.jpg
[2026-05-21T15:27:27]   hero-fix coe-explained: https://therightworkshop.com/wp-content/uploads/2026/05/COE_Explained_Hero_-_Singapore_Marina_Expressway.webp -> https://therightworkshop.com/wp-content/uploads/2026/05/COE_Explained_Hero_-_Singapore_Marina_Expressway.jpg
[2026-05-21T15:27:27]   hero-fix cat-a-vs-cat-b-singapore: https://therightworkshop.com/wp-content/uploads/2026/05/singapore-expressway-cat-a-cat-b-coe-cars.webp -> https://therightworkshop.com/wp-content/uploads/2026/05/singapore-expressway-cat-a-cat-b-coe-cars.jpg
[2026-05-21T15:27:27]   hero-fix coe-results-explained: https://therightworkshop.com/wp-content/uploads/2026/05/how-to-read-coe-results-singapore-hero.webp -> https://therightworkshop.com/wp-content/uploads/2026/05/how-to-read-coe-results-singapore-hero.jpg
[2026-05-21T15:27:27]   hero-fix coe-renewal-singapore: https://therightworkshop.com/wp-content/uploads/2026/05/01-coe-renewal-LOCKED.webp -> https://therightworkshop.com/wp-content/uploads/2026/05/01-coe-renewal-LOCKED.jpg
[2026-05-21T15:27:27]   hero-fix coe-export-car-singapore: https://therightworkshop.com/wp-content/uploads/2026/05/02-coe-export-LOCKED.webp -> https://therightworkshop.com/wp-content/uploads/2026/05/02-coe-export-LOCKED.jpg
[2026-05-21T15:27:27]   hero-fix scrap-car-singapore: https://therightworkshop.com/wp-content/uploads/2026/05/03-coe-scrap-LOCKED.webp -> https://therightworkshop.com/wp-content/uploads/2026/05/03-coe-scrap-LOCKED.jpg
[2026-05-21T15:27:27]   hero-fix coe-renewal-vs-scrap-singapore-guide: https://therightworkshop.com/wp-content/uploads/2026/04/nb_post7_coe_renewal_v1-1.webp -> https://therightworkshop.com/wp-content/uploads/2026/04/nb_post7_coe_renewal_v1-1.jpg
[2026-05-21T15:27:27]   hero-fix what-is-the-right-workshop-singapore: https://therightworkshop.com/wp-content/uploads/2026/04/nb_servicing_oilpour_v2.webp -> https://therightworkshop.com/wp-content/uploads/2026/04/nb_servicing_oilpour_v2.jpg
[2026-05-21T15:27:27]   hero-fix how-to-read-workshop-quote-singapore: https://therightworkshop.com/wp-content/uploads/2026/04/nb_post_read-quote_v1.webp -> https://therightworkshop.com/wp-content/uploads/2026/04/nb_post_read-quote_v1.jpg
[2026-05-21T15:27:27]   hero-fix brake-pads-rotors-singapore-when-to-change: https://therightworkshop.com/wp-content/uploads/2026/04/nb_post5_brake_pads_v1-1.webp -> https://therightworkshop.com/wp-content/uploads/2026/04/nb_post5_brake_pads_v1-1.jpg
[2026-05-21T15:27:27]   hero-fix may-2026-2nd-bidding: https://therightworkshop.com/wp-content/uploads/2026/05/C_bidding_cat-a-premium-may-2026-2nd-round.png -> https://therightworkshop.com/wp-content/uploads/2026/04/logo-white-on-transparent.png
[2026-05-21T15:27:27]   hero-fix cat-a-coe-may-2026-hits-124790-whats-driving-the-climb: https://therightworkshop.com/wp-content/uploads/2026/05/news_b_coe_may2026_cat_a.png -> https://therightworkshop.com/wp-content/uploads/2026/04/nb_servicing_oilpour_v2.jpg
[2026-05-21T15:27:27]   hero-fix erp-2-0-singapore-2026: https://therightworkshop.com/wp-content/uploads/2026/05/erp-2-0-gantry-singapore-hero.webp -> https://therightworkshop.com/wp-content/uploads/2026/05/erp-2-0-gantry-singapore-hero.jpg
[2026-05-21T15:27:27]   hero-fix erp-2-obu-now-mandatory-key-dates-and-penalties-for-singapore-drivers: https://therightworkshop.com/wp-content/uploads/2026/05/news_card_erp_obu_mandatory.png -> https://therightworkshop.com/wp-content/uploads/2026/05/news_b_6279_jfjhmcir.png
[2026-05-21T15:27:27]   hero-fix vep-and-gvp-fees-rise-from-january-2027-for-foreign-vehicles: https://therightworkshop.com/wp-content/uploads/2026/05/news_card_vep_fee_rise.png -> https://therightworkshop.com/wp-content/uploads/2026/05/news_b_6199_o95pzkv3.png
[2026-05-21T15:27:27]   hero-fix singapore-ev-licence-plates-lta-and-scdf-begin-design-consultation: https://therightworkshop.com/wp-content/uploads/2026/05/news_card_ev_licence_plates.png -> https://therightworkshop.com/wp-content/uploads/2026/05/news_b_6193_ahyant0o.png
[2026-05-21T15:27:27]   hero-fix singapore-parf-rebate-schedule-and-cap-revised-from-feb-2026: https://therightworkshop.com/wp-content/uploads/2026/05/news_card_parf_rebate.png -> https://therightworkshop.com/wp-content/uploads/2026/05/news_b_6187_288qizix.png
[2026-05-21T15:28:35] featured_media fix: may-2026-2nd-bidding page=7302 7301 -> 641
[2026-05-21T15:28:36] featured_media fix: cat-a-coe-may-2026-hits-124790-whats-driving-the-climb page=7143 7331 -> 958
[2026-05-21T15:28:37] featured_media fix: erp-2-obu-now-mandatory-key-dates-and-penalties-for-singapore-drivers page=6279 7311 -> 6829
[2026-05-21T15:28:39] featured_media fix: vep-and-gvp-fees-rise-from-january-2027-for-foreign-vehicles page=6199 7312 -> 6835
[2026-05-21T15:28:40] featured_media fix: singapore-ev-licence-plates-lta-and-scdf-begin-design-consultation page=6193 7313 -> 6840
[2026-05-21T15:28:42] featured_media fix: singapore-parf-rebate-schedule-and-cap-revised-from-feb-2026 page=6187 7314 -> 6845
[2026-05-21T15:30:03] schema fix: may-2026-2nd-bidding page=7302 image->https://therightworkshop.com/wp-content/uploads/2026/04/logo-white-on-transparent.png
[2026-05-21T17:43:20] PUSH ok: featured='What Actually Changes Your Car Insurance Premium in Singapore' (/car-insurance-premium-factors-singapore/), hero_fixes=21, bucket=5
[2026-05-21T17:43:20]   hero-fix car-insurance-broker-singapore: https://therightworkshop.com/wp-content/uploads/2026/05/04-insurance-broker-LOCKED.webp -> https://therightworkshop.com/wp-content/uploads/2026/05/04-insurance-broker-LOCKED.jpg
[2026-05-21T17:43:20]   hero-fix pre-purchase-car-inspection-singapore: https://therightworkshop.com/wp-content/uploads/2026/05/06-inspection-LOCKED.webp -> https://therightworkshop.com/wp-content/uploads/2026/05/06-inspection-LOCKED.jpg
[2026-05-21T17:43:20]   hero-fix cheapest-car-workshop-singapore: https://therightworkshop.com/wp-content/uploads/2026/05/07-workshop-LOCKED.webp -> https://therightworkshop.com/wp-content/uploads/2026/05/07-workshop-LOCKED.jpg
[2026-05-21T17:43:20]   hero-fix car-insurance-premium-factors-singapore: https://therightworkshop.com/wp-content/uploads/2026/05/05-insurance-premium-LOCKED.webp -> https://therightworkshop.com/wp-content/uploads/2026/05/05-insurance-premium-LOCKED.jpg
[2026-05-21T17:43:20]   hero-fix coe-explained: https://therightworkshop.com/wp-content/uploads/2026/05/COE_Explained_Hero_-_Singapore_Marina_Expressway.webp -> https://therightworkshop.com/wp-content/uploads/2026/05/COE_Explained_Hero_-_Singapore_Marina_Expressway.jpg
[2026-05-21T17:43:20]   hero-fix cat-a-vs-cat-b-singapore: https://therightworkshop.com/wp-content/uploads/2026/05/singapore-expressway-cat-a-cat-b-coe-cars.webp -> https://therightworkshop.com/wp-content/uploads/2026/05/singapore-expressway-cat-a-cat-b-coe-cars.jpg
[2026-05-21T17:43:20]   hero-fix coe-results-explained: https://therightworkshop.com/wp-content/uploads/2026/05/how-to-read-coe-results-singapore-hero.webp -> https://therightworkshop.com/wp-content/uploads/2026/05/how-to-read-coe-results-singapore-hero.jpg
[2026-05-21T17:43:20]   hero-fix coe-renewal-singapore: https://therightworkshop.com/wp-content/uploads/2026/05/01-coe-renewal-LOCKED.webp -> https://therightworkshop.com/wp-content/uploads/2026/05/01-coe-renewal-LOCKED.jpg
[2026-05-21T17:43:20]   hero-fix coe-export-car-singapore: https://therightworkshop.com/wp-content/uploads/2026/05/02-coe-export-LOCKED.webp -> https://therightworkshop.com/wp-content/uploads/2026/05/02-coe-export-LOCKED.jpg
[2026-05-21T17:43:20]   hero-fix scrap-car-singapore: https://therightworkshop.com/wp-content/uploads/2026/05/03-coe-scrap-LOCKED.webp -> https://therightworkshop.com/wp-content/uploads/2026/05/03-coe-scrap-LOCKED.jpg
[2026-05-21T17:43:20]   hero-fix coe-renewal-vs-scrap-singapore-guide: https://therightworkshop.com/wp-content/uploads/2026/04/nb_post7_coe_renewal_v1-1.webp -> https://therightworkshop.com/wp-content/uploads/2026/04/nb_post7_coe_renewal_v1-1.jpg
[2026-05-21T17:43:20]   hero-fix what-is-the-right-workshop-singapore: https://therightworkshop.com/wp-content/uploads/2026/04/nb_servicing_oilpour_v2.webp -> https://therightworkshop.com/wp-content/uploads/2026/04/nb_servicing_oilpour_v2.jpg
[2026-05-21T17:43:20]   hero-fix how-to-read-workshop-quote-singapore: https://therightworkshop.com/wp-content/uploads/2026/04/nb_post_read-quote_v1.webp -> https://therightworkshop.com/wp-content/uploads/2026/04/nb_post_read-quote_v1.jpg
[2026-05-21T17:43:20]   hero-fix brake-pads-rotors-singapore-when-to-change: https://therightworkshop.com/wp-content/uploads/2026/04/nb_post5_brake_pads_v1-1.webp -> https://therightworkshop.com/wp-content/uploads/2026/04/nb_post5_brake_pads_v1-1.jpg
[2026-05-21T17:43:20]   hero-fix cat-a-coe-may-2026-hits-124790-whats-driving-the-climb: https://therightworkshop.com/wp-content/uploads/2026/05/news_card_coe_cat_a_may2026.png -> https://therightworkshop.com/wp-content/uploads/2026/04/nb_servicing_oilpour_v2.jpg
[2026-05-21T17:43:20]   hero-fix erp-2-0-singapore-2026: https://therightworkshop.com/wp-content/uploads/2026/05/erp-2-0-gantry-singapore-hero.webp -> https://therightworkshop.com/wp-content/uploads/2026/05/erp-2-0-gantry-singapore-hero.jpg
[2026-05-21T17:43:20]   hero-fix erp-2-obu-now-mandatory-key-dates-and-penalties-for-singapore-drivers: https://therightworkshop.com/wp-content/uploads/2026/05/news_card_erp_obu_mandatory.png -> https://therightworkshop.com/wp-content/uploads/2026/05/news_b_6279_jfjhmcir.png
[2026-05-21T17:43:20]   hero-fix vep-and-gvp-fees-rise-from-january-2027-for-foreign-vehicles: https://therightworkshop.com/wp-content/uploads/2026/05/news_card_vep_fee_rise.png -> https://therightworkshop.com/wp-content/uploads/2026/05/news_b_6199_o95pzkv3.png
[2026-05-21T17:43:20]   hero-fix singapore-ev-licence-plates-lta-and-scdf-begin-design-consultation: https://therightworkshop.com/wp-content/uploads/2026/05/news_card_ev_licence_plates.png -> https://therightworkshop.com/wp-content/uploads/2026/05/news_b_6193_ahyant0o.png
[2026-05-21T17:43:20]   hero-fix singapore-parf-rebate-schedule-and-cap-revised-from-feb-2026: https://therightworkshop.com/wp-content/uploads/2026/05/news_card_parf_rebate.png -> https://therightworkshop.com/wp-content/uploads/2026/05/news_b_6187_288qizix.png
[2026-05-21T17:43:20]   hero-fix may-2026-2nd-bidding: https://therightworkshop.com/wp-content/uploads/2026/04/logo-white-on-transparent-padded.webp -> https://therightworkshop.com/wp-content/uploads/2026/04/logo-white-on-transparent.png
[2026-05-21T18:20:14] PUSH ok: featured='What Actually Changes Your Car Insurance Premium in Singapore' (/car-insurance-premium-factors-singapore/), hero_fixes=17, bucket=5
[2026-05-21T18:20:14]   hero-fix car-insurance-broker-singapore: https://therightworkshop.com/wp-content/uploads/2026/05/04-insurance-broker-LOCKED.webp -> https://therightworkshop.com/wp-content/uploads/2026/05/04-insurance-broker-LOCKED.jpg
[2026-05-21T18:20:14]   hero-fix pre-purchase-car-inspection-singapore: https://therightworkshop.com/wp-content/uploads/2026/05/06-inspection-LOCKED.webp -> https://therightworkshop.com/wp-content/uploads/2026/05/06-inspection-LOCKED.jpg
[2026-05-21T18:20:14]   hero-fix cheapest-car-workshop-singapore: https://therightworkshop.com/wp-content/uploads/2026/05/07-workshop-LOCKED.webp -> https://therightworkshop.com/wp-content/uploads/2026/05/07-workshop-LOCKED.jpg
[2026-05-21T18:20:14]   hero-fix car-insurance-premium-factors-singapore: https://therightworkshop.com/wp-content/uploads/2026/05/05-insurance-premium-LOCKED.webp -> https://therightworkshop.com/wp-content/uploads/2026/05/05-insurance-premium-LOCKED.jpg
[2026-05-21T18:20:14]   hero-fix coe-explained: https://therightworkshop.com/wp-content/uploads/2026/05/COE_Explained_Hero_-_Singapore_Marina_Expressway.webp -> https://therightworkshop.com/wp-content/uploads/2026/05/COE_Explained_Hero_-_Singapore_Marina_Expressway.jpg
[2026-05-21T18:20:14]   hero-fix cat-a-vs-cat-b-singapore: https://therightworkshop.com/wp-content/uploads/2026/05/singapore-expressway-cat-a-cat-b-coe-cars.webp -> https://therightworkshop.com/wp-content/uploads/2026/05/singapore-expressway-cat-a-cat-b-coe-cars.jpg
[2026-05-21T18:20:14]   hero-fix coe-results-explained: https://therightworkshop.com/wp-content/uploads/2026/05/how-to-read-coe-results-singapore-hero.webp -> https://therightworkshop.com/wp-content/uploads/2026/05/how-to-read-coe-results-singapore-hero.jpg
[2026-05-21T18:20:14]   hero-fix coe-renewal-singapore: https://therightworkshop.com/wp-content/uploads/2026/05/01-coe-renewal-LOCKED.webp -> https://therightworkshop.com/wp-content/uploads/2026/05/01-coe-renewal-LOCKED.jpg
[2026-05-21T18:20:14]   hero-fix coe-export-car-singapore: https://therightworkshop.com/wp-content/uploads/2026/05/02-coe-export-LOCKED.webp -> https://therightworkshop.com/wp-content/uploads/2026/05/02-coe-export-LOCKED.jpg
[2026-05-21T18:20:14]   hero-fix scrap-car-singapore: https://therightworkshop.com/wp-content/uploads/2026/05/03-coe-scrap-LOCKED.webp -> https://therightworkshop.com/wp-content/uploads/2026/05/03-coe-scrap-LOCKED.jpg
[2026-05-21T18:20:14]   hero-fix coe-renewal-vs-scrap-singapore-guide: https://therightworkshop.com/wp-content/uploads/2026/04/nb_post7_coe_renewal_v1-1.webp -> https://therightworkshop.com/wp-content/uploads/2026/04/nb_post7_coe_renewal_v1-1.jpg
[2026-05-21T18:20:14]   hero-fix what-is-the-right-workshop-singapore: https://therightworkshop.com/wp-content/uploads/2026/04/nb_servicing_oilpour_v2.webp -> https://therightworkshop.com/wp-content/uploads/2026/04/nb_servicing_oilpour_v2.jpg
[2026-05-21T18:20:14]   hero-fix how-to-read-workshop-quote-singapore: https://therightworkshop.com/wp-content/uploads/2026/04/nb_post_read-quote_v1.webp -> https://therightworkshop.com/wp-content/uploads/2026/04/nb_post_read-quote_v1.jpg
[2026-05-21T18:20:14]   hero-fix brake-pads-rotors-singapore-when-to-change: https://therightworkshop.com/wp-content/uploads/2026/04/nb_post5_brake_pads_v1-1.webp -> https://therightworkshop.com/wp-content/uploads/2026/04/nb_post5_brake_pads_v1-1.jpg
[2026-05-21T18:20:14]   hero-fix cat-a-coe-may-2026-hits-124790-whats-driving-the-climb: https://therightworkshop.com/wp-content/uploads/2026/05/news_card_coe_cat_a_may2026.png -> https://therightworkshop.com/wp-content/uploads/2026/04/nb_servicing_oilpour_v2.jpg
[2026-05-21T18:20:14]   hero-fix erp-2-0-singapore-2026: https://therightworkshop.com/wp-content/uploads/2026/05/erp-2-0-gantry-singapore-hero.webp -> https://therightworkshop.com/wp-content/uploads/2026/05/erp-2-0-gantry-singapore-hero.jpg
[2026-05-21T18:20:14]   hero-fix may-2026-2nd-bidding: https://therightworkshop.com/wp-content/uploads/2026/04/logo-white-on-transparent-padded.webp -> https://therightworkshop.com/wp-content/uploads/2026/04/logo-white-on-transparent.png
[2026-05-22T18:16:16] PUSH ok: featured='What Actually Changes Your Car Insurance Premium in Singapore' (/car-insurance-premium-factors-singapore/), hero_fixes=17, bucket=5
[2026-05-22T18:16:16]   hero-fix car-insurance-broker-singapore: https://therightworkshop.com/wp-content/uploads/2026/05/04-insurance-broker-LOCKED.webp -> https://therightworkshop.com/wp-content/uploads/2026/05/04-insurance-broker-LOCKED.jpg
[2026-05-22T18:16:16]   hero-fix pre-purchase-car-inspection-singapore: https://therightworkshop.com/wp-content/uploads/2026/05/06-inspection-LOCKED.webp -> https://therightworkshop.com/wp-content/uploads/2026/05/06-inspection-LOCKED.jpg
[2026-05-22T18:16:16]   hero-fix cheapest-car-workshop-singapore: https://therightworkshop.com/wp-content/uploads/2026/05/07-workshop-LOCKED.webp -> https://therightworkshop.com/wp-content/uploads/2026/05/07-workshop-LOCKED.jpg
[2026-05-22T18:16:16]   hero-fix car-insurance-premium-factors-singapore: https://therightworkshop.com/wp-content/uploads/2026/05/05-insurance-premium-LOCKED.webp -> https://therightworkshop.com/wp-content/uploads/2026/05/05-insurance-premium-LOCKED.jpg
[2026-05-22T18:16:16]   hero-fix coe-explained: https://therightworkshop.com/wp-content/uploads/2026/05/COE_Explained_Hero_-_Singapore_Marina_Expressway.webp -> https://therightworkshop.com/wp-content/uploads/2026/05/COE_Explained_Hero_-_Singapore_Marina_Expressway.jpg
[2026-05-22T18:16:16]   hero-fix cat-a-vs-cat-b-singapore: https://therightworkshop.com/wp-content/uploads/2026/05/singapore-expressway-cat-a-cat-b-coe-cars.webp -> https://therightworkshop.com/wp-content/uploads/2026/05/singapore-expressway-cat-a-cat-b-coe-cars.jpg
[2026-05-22T18:16:16]   hero-fix coe-results-explained: https://therightworkshop.com/wp-content/uploads/2026/05/how-to-read-coe-results-singapore-hero.webp -> https://therightworkshop.com/wp-content/uploads/2026/05/how-to-read-coe-results-singapore-hero.jpg
[2026-05-22T18:16:16]   hero-fix coe-renewal-singapore: https://therightworkshop.com/wp-content/uploads/2026/05/01-coe-renewal-LOCKED.webp -> https://therightworkshop.com/wp-content/uploads/2026/05/01-coe-renewal-LOCKED.jpg
[2026-05-22T18:16:16]   hero-fix coe-export-car-singapore: https://therightworkshop.com/wp-content/uploads/2026/05/02-coe-export-LOCKED.webp -> https://therightworkshop.com/wp-content/uploads/2026/05/02-coe-export-LOCKED.jpg
[2026-05-22T18:16:16]   hero-fix scrap-car-singapore: https://therightworkshop.com/wp-content/uploads/2026/05/03-coe-scrap-LOCKED.webp -> https://therightworkshop.com/wp-content/uploads/2026/05/03-coe-scrap-LOCKED.jpg
[2026-05-22T18:16:16]   hero-fix coe-renewal-vs-scrap-singapore-guide: https://therightworkshop.com/wp-content/uploads/2026/04/nb_post7_coe_renewal_v1-1.webp -> https://therightworkshop.com/wp-content/uploads/2026/04/nb_post7_coe_renewal_v1-1.jpg
[2026-05-22T18:16:16]   hero-fix what-is-the-right-workshop-singapore: https://therightworkshop.com/wp-content/uploads/2026/04/nb_servicing_oilpour_v2.webp -> https://therightworkshop.com/wp-content/uploads/2026/04/nb_servicing_oilpour_v2.jpg
[2026-05-22T18:16:16]   hero-fix how-to-read-workshop-quote-singapore: https://therightworkshop.com/wp-content/uploads/2026/04/nb_post_read-quote_v1.webp -> https://therightworkshop.com/wp-content/uploads/2026/04/nb_post_read-quote_v1.jpg
[2026-05-22T18:16:16]   hero-fix brake-pads-rotors-singapore-when-to-change: https://therightworkshop.com/wp-content/uploads/2026/04/nb_post5_brake_pads_v1-1.webp -> https://therightworkshop.com/wp-content/uploads/2026/04/nb_post5_brake_pads_v1-1.jpg
[2026-05-22T18:16:16]   hero-fix cat-a-coe-may-2026-hits-124790-whats-driving-the-climb: https://therightworkshop.com/wp-content/uploads/2026/04/nb_servicing_oilpour_v2.webp -> https://therightworkshop.com/wp-content/uploads/2026/04/nb_servicing_oilpour_v2.jpg
[2026-05-22T18:16:16]   hero-fix erp-2-0-singapore-2026: https://therightworkshop.com/wp-content/uploads/2026/05/erp-2-0-gantry-singapore-hero.webp -> https://therightworkshop.com/wp-content/uploads/2026/05/erp-2-0-gantry-singapore-hero.jpg
[2026-05-22T18:16:16]   hero-fix may-2026-2nd-bidding: https://therightworkshop.com/wp-content/uploads/2026/04/logo-white-on-transparent-padded.webp -> https://therightworkshop.com/wp-content/uploads/2026/04/logo-white-on-transparent.png
[2026-05-23T01:52:41] PUSH ok: featured='What Actually Changes Your Car Insurance Premium in Singapore' (/car-insurance-premium-factors-singapore/), hero_fixes=16, bucket=5
[2026-05-23T01:52:41]   hero-fix car-insurance-broker-singapore: https://therightworkshop.com/wp-content/uploads/2026/05/04-insurance-broker-LOCKED.webp -> https://therightworkshop.com/wp-content/uploads/2026/05/04-insurance-broker-LOCKED.jpg
[2026-05-23T01:52:41]   hero-fix pre-purchase-car-inspection-singapore: https://therightworkshop.com/wp-content/uploads/2026/05/06-inspection-LOCKED.webp -> https://therightworkshop.com/wp-content/uploads/2026/05/06-inspection-LOCKED.jpg
[2026-05-23T01:52:41]   hero-fix cheapest-car-workshop-singapore: https://therightworkshop.com/wp-content/uploads/2026/05/07-workshop-LOCKED.webp -> https://therightworkshop.com/wp-content/uploads/2026/05/07-workshop-LOCKED.jpg
[2026-05-23T01:52:41]   hero-fix car-insurance-premium-factors-singapore: https://therightworkshop.com/wp-content/uploads/2026/05/05-insurance-premium-LOCKED.webp -> https://therightworkshop.com/wp-content/uploads/2026/05/05-insurance-premium-LOCKED.jpg
[2026-05-23T01:52:41]   hero-fix coe-explained: https://therightworkshop.com/wp-content/uploads/2026/05/COE_Explained_Hero_-_Singapore_Marina_Expressway.webp -> https://therightworkshop.com/wp-content/uploads/2026/05/COE_Explained_Hero_-_Singapore_Marina_Expressway.jpg
[2026-05-23T01:52:41]   hero-fix cat-a-vs-cat-b-singapore: https://therightworkshop.com/wp-content/uploads/2026/05/singapore-expressway-cat-a-cat-b-coe-cars.webp -> https://therightworkshop.com/wp-content/uploads/2026/05/singapore-expressway-cat-a-cat-b-coe-cars.jpg
[2026-05-23T01:52:41]   hero-fix coe-results-explained: https://therightworkshop.com/wp-content/uploads/2026/05/how-to-read-coe-results-singapore-hero.webp -> https://therightworkshop.com/wp-content/uploads/2026/05/how-to-read-coe-results-singapore-hero.jpg
[2026-05-23T01:52:41]   hero-fix coe-renewal-singapore: https://therightworkshop.com/wp-content/uploads/2026/05/01-coe-renewal-LOCKED.webp -> https://therightworkshop.com/wp-content/uploads/2026/05/01-coe-renewal-LOCKED.jpg
[2026-05-23T01:52:41]   hero-fix coe-export-car-singapore: https://therightworkshop.com/wp-content/uploads/2026/05/02-coe-export-LOCKED.webp -> https://therightworkshop.com/wp-content/uploads/2026/05/02-coe-export-LOCKED.jpg
[2026-05-23T01:52:41]   hero-fix scrap-car-singapore: https://therightworkshop.com/wp-content/uploads/2026/05/03-coe-scrap-LOCKED.webp -> https://therightworkshop.com/wp-content/uploads/2026/05/03-coe-scrap-LOCKED.jpg
[2026-05-23T01:52:41]   hero-fix coe-renewal-vs-scrap-singapore-guide: https://therightworkshop.com/wp-content/uploads/2026/04/nb_post7_coe_renewal_v1-1.webp -> https://therightworkshop.com/wp-content/uploads/2026/04/nb_post7_coe_renewal_v1-1.jpg
[2026-05-23T01:52:41]   hero-fix what-is-the-right-workshop-singapore: https://therightworkshop.com/wp-content/uploads/2026/04/nb_servicing_oilpour_v2.webp -> https://therightworkshop.com/wp-content/uploads/2026/04/nb_servicing_oilpour_v2.jpg
[2026-05-23T01:52:41]   hero-fix how-to-read-workshop-quote-singapore: https://therightworkshop.com/wp-content/uploads/2026/04/nb_post_read-quote_v1.webp -> https://therightworkshop.com/wp-content/uploads/2026/04/nb_post_read-quote_v1.jpg
[2026-05-23T01:52:41]   hero-fix brake-pads-rotors-singapore-when-to-change: https://therightworkshop.com/wp-content/uploads/2026/04/nb_post5_brake_pads_v1-1.webp -> https://therightworkshop.com/wp-content/uploads/2026/04/nb_post5_brake_pads_v1-1.jpg
[2026-05-23T01:52:41]   hero-fix cat-a-coe-may-2026-hits-124790-whats-driving-the-climb: https://therightworkshop.com/wp-content/uploads/2026/05/news_card_coe_cat_a_may2026.png -> https://therightworkshop.com/wp-content/uploads/2026/04/nb_servicing_oilpour_v2.jpg
[2026-05-23T01:52:41]   hero-fix erp-2-0-singapore-2026: https://therightworkshop.com/wp-content/uploads/2026/05/erp-2-0-gantry-singapore-hero.webp -> https://therightworkshop.com/wp-content/uploads/2026/05/erp-2-0-gantry-singapore-hero.jpg
[2026-05-24T17:34:00] PUSH ok: featured='Car Servicing Singapore' (/car-servicing/), hero_fixes=17, bucket=6
[2026-05-24T17:34:00]   hero-fix car-insurance-broker-singapore: https://therightworkshop.com/wp-content/uploads/2026/05/04-insurance-broker-LOCKED.webp -> https://therightworkshop.com/wp-content/uploads/2026/05/04-insurance-broker-LOCKED.jpg
[2026-05-24T17:34:00]   hero-fix pre-purchase-car-inspection-singapore: https://therightworkshop.com/wp-content/uploads/2026/05/06-inspection-LOCKED.webp -> https://therightworkshop.com/wp-content/uploads/2026/05/06-inspection-LOCKED.jpg
[2026-05-24T17:34:00]   hero-fix cheapest-car-workshop-singapore: https://therightworkshop.com/wp-content/uploads/2026/05/07-workshop-LOCKED.webp -> https://therightworkshop.com/wp-content/uploads/2026/05/07-workshop-LOCKED.jpg
[2026-05-24T17:34:00]   hero-fix car-insurance-premium-factors-singapore: https://therightworkshop.com/wp-content/uploads/2026/05/05-insurance-premium-LOCKED.webp -> https://therightworkshop.com/wp-content/uploads/2026/05/05-insurance-premium-LOCKED.jpg
[2026-05-24T17:34:00]   hero-fix coe-explained: https://therightworkshop.com/wp-content/uploads/2026/05/COE_Explained_Hero_-_Singapore_Marina_Expressway.webp -> https://therightworkshop.com/wp-content/uploads/2026/05/COE_Explained_Hero_-_Singapore_Marina_Expressway.jpg
[2026-05-24T17:34:00]   hero-fix cat-a-vs-cat-b-singapore: https://therightworkshop.com/wp-content/uploads/2026/05/singapore-expressway-cat-a-cat-b-coe-cars.webp -> https://therightworkshop.com/wp-content/uploads/2026/05/singapore-expressway-cat-a-cat-b-coe-cars.jpg
[2026-05-24T17:34:00]   hero-fix coe-results-explained: https://therightworkshop.com/wp-content/uploads/2026/05/how-to-read-coe-results-singapore-hero.webp -> https://therightworkshop.com/wp-content/uploads/2026/05/how-to-read-coe-results-singapore-hero.jpg
[2026-05-24T17:34:00]   hero-fix coe-renewal-singapore: https://therightworkshop.com/wp-content/uploads/2026/05/01-coe-renewal-LOCKED.webp -> https://therightworkshop.com/wp-content/uploads/2026/05/01-coe-renewal-LOCKED.jpg
[2026-05-24T17:34:00]   hero-fix coe-export-car-singapore: https://therightworkshop.com/wp-content/uploads/2026/05/02-coe-export-LOCKED.webp -> https://therightworkshop.com/wp-content/uploads/2026/05/02-coe-export-LOCKED.jpg
[2026-05-24T17:34:00]   hero-fix scrap-car-singapore: https://therightworkshop.com/wp-content/uploads/2026/05/03-coe-scrap-LOCKED.webp -> https://therightworkshop.com/wp-content/uploads/2026/05/03-coe-scrap-LOCKED.jpg
[2026-05-24T17:34:00]   hero-fix coe-renewal-vs-scrap-singapore-guide: https://therightworkshop.com/wp-content/uploads/2026/04/nb_post7_coe_renewal_v1-1.webp -> https://therightworkshop.com/wp-content/uploads/2026/04/nb_post7_coe_renewal_v1-1.jpg
[2026-05-24T17:34:00]   hero-fix what-is-the-right-workshop-singapore: https://therightworkshop.com/wp-content/uploads/2026/04/nb_servicing_oilpour_v2.webp -> https://therightworkshop.com/wp-content/uploads/2026/04/nb_servicing_oilpour_v2.jpg
[2026-05-24T17:34:00]   hero-fix how-to-read-workshop-quote-singapore: https://therightworkshop.com/wp-content/uploads/2026/04/nb_post_read-quote_v1.webp -> https://therightworkshop.com/wp-content/uploads/2026/04/nb_post_read-quote_v1.jpg
[2026-05-24T17:34:00]   hero-fix brake-pads-rotors-singapore-when-to-change: https://therightworkshop.com/wp-content/uploads/2026/04/nb_post5_brake_pads_v1-1.webp -> https://therightworkshop.com/wp-content/uploads/2026/04/nb_post5_brake_pads_v1-1.jpg
[2026-05-24T17:34:00]   hero-fix erp-2-0-singapore-2026: https://therightworkshop.com/wp-content/uploads/2026/05/erp-2-0-gantry-singapore-hero.webp -> https://therightworkshop.com/wp-content/uploads/2026/05/erp-2-0-gantry-singapore-hero.jpg
[2026-05-24T17:34:00]   hero-fix car-servicing: https://therightworkshop.com/wp-content/uploads/2026/04/trw-og-image-1200x630-1.webp -> https://therightworkshop.com/wp-content/uploads/2026/04/logo-white-on-transparent.png
[2026-05-24T17:34:00]   hero-fix services: https://therightworkshop.com/wp-content/uploads/2026/04/trw-og-image-1200x630-1.webp -> https://therightworkshop.com/wp-content/uploads/2026/04/nb_servicing_oilpour_v2.jpg
[2026-05-24T17:35:30] featured_media fix: car-servicing page=466 581 -> 641
[2026-05-24T17:35:32] featured_media fix: services page=465 581 -> 958
[2026-05-25T18:11:13] PUSH ok: featured='Car Servicing Singapore' (/car-servicing/), hero_fixes=21, bucket=6
[2026-05-25T18:11:13]   hero-fix car-insurance-broker-singapore: https://therightworkshop.com/wp-content/uploads/2026/05/04-insurance-broker-LOCKED.webp -> https://therightworkshop.com/wp-content/uploads/2026/05/04-insurance-broker-LOCKED.jpg
[2026-05-25T18:11:13]   hero-fix pre-purchase-car-inspection-singapore: https://therightworkshop.com/wp-content/uploads/2026/05/06-inspection-LOCKED.webp -> https://therightworkshop.com/wp-content/uploads/2026/05/06-inspection-LOCKED.jpg
[2026-05-25T18:11:13]   hero-fix cheapest-car-workshop-singapore: https://therightworkshop.com/wp-content/uploads/2026/05/07-workshop-LOCKED.webp -> https://therightworkshop.com/wp-content/uploads/2026/05/07-workshop-LOCKED.jpg
[2026-05-25T18:11:13]   hero-fix car-insurance-premium-factors-singapore: https://therightworkshop.com/wp-content/uploads/2026/05/05-insurance-premium-LOCKED.webp -> https://therightworkshop.com/wp-content/uploads/2026/05/05-insurance-premium-LOCKED.jpg
[2026-05-25T18:11:13]   hero-fix coe-explained: https://therightworkshop.com/wp-content/uploads/2026/05/COE_Explained_Hero_-_Singapore_Marina_Expressway.webp -> https://therightworkshop.com/wp-content/uploads/2026/05/COE_Explained_Hero_-_Singapore_Marina_Expressway.jpg
[2026-05-25T18:11:13]   hero-fix cat-a-vs-cat-b-singapore: https://therightworkshop.com/wp-content/uploads/2026/05/singapore-expressway-cat-a-cat-b-coe-cars.webp -> https://therightworkshop.com/wp-content/uploads/2026/05/singapore-expressway-cat-a-cat-b-coe-cars.jpg
[2026-05-25T18:11:13]   hero-fix coe-results-explained: https://therightworkshop.com/wp-content/uploads/2026/05/how-to-read-coe-results-singapore-hero.webp -> https://therightworkshop.com/wp-content/uploads/2026/05/how-to-read-coe-results-singapore-hero.jpg
[2026-05-25T18:11:13]   hero-fix coe-renewal-singapore: https://therightworkshop.com/wp-content/uploads/2026/05/01-coe-renewal-LOCKED.webp -> https://therightworkshop.com/wp-content/uploads/2026/05/01-coe-renewal-LOCKED.jpg
[2026-05-25T18:11:13]   hero-fix coe-export-car-singapore: https://therightworkshop.com/wp-content/uploads/2026/05/02-coe-export-LOCKED.webp -> https://therightworkshop.com/wp-content/uploads/2026/05/02-coe-export-LOCKED.jpg
[2026-05-25T18:11:13]   hero-fix scrap-car-singapore: https://therightworkshop.com/wp-content/uploads/2026/05/03-coe-scrap-LOCKED.webp -> https://therightworkshop.com/wp-content/uploads/2026/05/03-coe-scrap-LOCKED.jpg
[2026-05-25T18:11:13]   hero-fix coe-renewal-vs-scrap-singapore-guide: https://therightworkshop.com/wp-content/uploads/2026/04/nb_post7_coe_renewal_v1-1.webp -> https://therightworkshop.com/wp-content/uploads/2026/04/nb_post7_coe_renewal_v1-1.jpg
[2026-05-25T18:11:13]   hero-fix what-is-the-right-workshop-singapore: https://therightworkshop.com/wp-content/uploads/2026/04/nb_servicing_oilpour_v2.webp -> https://therightworkshop.com/wp-content/uploads/2026/04/nb_servicing_oilpour_v2.jpg
[2026-05-25T18:11:13]   hero-fix how-to-read-workshop-quote-singapore: https://therightworkshop.com/wp-content/uploads/2026/04/nb_post_read-quote_v1.webp -> https://therightworkshop.com/wp-content/uploads/2026/04/nb_post_read-quote_v1.jpg
[2026-05-25T18:11:13]   hero-fix brake-pads-rotors-singapore-when-to-change: https://therightworkshop.com/wp-content/uploads/2026/04/nb_post5_brake_pads_v1-1.webp -> https://therightworkshop.com/wp-content/uploads/2026/04/nb_post5_brake_pads_v1-1.jpg
[2026-05-25T18:11:13]   hero-fix erp-2-0-singapore-2026: https://therightworkshop.com/wp-content/uploads/2026/05/erp-2-0-gantry-singapore-hero.webp -> https://therightworkshop.com/wp-content/uploads/2026/05/erp-2-0-gantry-singapore-hero.jpg
[2026-05-25T18:11:13]   hero-fix erp-2-obu-now-mandatory-key-dates-and-penalties-for-singapore-drivers: https://therightworkshop.com/wp-content/uploads/2026/05/news_b_6279_jfjhmcir.png -> https://therightworkshop.com/wp-content/uploads/2026/05/6279_v2.png
[2026-05-25T18:11:13]   hero-fix vep-and-gvp-fees-rise-from-january-2027-for-foreign-vehicles: https://therightworkshop.com/wp-content/uploads/2026/05/news_b_6199_o95pzkv3.png -> https://therightworkshop.com/wp-content/uploads/2026/05/6199_v2.png
[2026-05-25T18:11:13]   hero-fix singapore-ev-licence-plates-lta-and-scdf-begin-design-consultation: https://therightworkshop.com/wp-content/uploads/2026/05/news_b_6193_ahyant0o.png -> https://therightworkshop.com/wp-content/uploads/2026/05/6193_v2.png
[2026-05-25T18:11:13]   hero-fix singapore-parf-rebate-schedule-and-cap-revised-from-feb-2026: https://therightworkshop.com/wp-content/uploads/2026/05/news_b_6187_288qizix.png -> https://therightworkshop.com/wp-content/uploads/2026/05/6187_v2.png
[2026-05-25T18:11:13]   hero-fix car-servicing: https://therightworkshop.com/wp-content/uploads/2026/04/logo-white-on-transparent-padded.webp -> https://therightworkshop.com/wp-content/uploads/2026/04/logo-white-on-transparent.png
[2026-05-25T18:11:13]   hero-fix services: https://therightworkshop.com/wp-content/uploads/2026/04/nb_servicing_oilpour_v2.webp -> https://therightworkshop.com/wp-content/uploads/2026/04/nb_servicing_oilpour_v2.jpg
[2026-05-25T18:12:43] featured_media fix: erp-2-obu-now-mandatory-key-dates-and-penalties-for-singapore-drivers page=6279 6829 -> 7452
[2026-05-25T18:12:44] featured_media fix: vep-and-gvp-fees-rise-from-january-2027-for-foreign-vehicles page=6199 6835 -> 7448
[2026-05-25T18:12:45] featured_media fix: singapore-ev-licence-plates-lta-and-scdf-begin-design-consultation page=6193 6840 -> 7450
[2026-05-25T18:12:47] featured_media fix: singapore-parf-rebate-schedule-and-cap-revised-from-feb-2026 page=6187 6845 -> 7446
[2026-05-26T15:58:30] featured_media fix: revised-erp-rates-from-2-june-2026-school-holiday-cuts-and-post-holiday-rises page=7557 7564 -> 958
[2026-05-26T15:58:32] featured_media fix: erp-2-obu-now-mandatory-key-dates-and-penalties-for-singapore-drivers page=6279 6829 -> 7452
[2026-05-26T15:58:34] featured_media fix: vep-and-gvp-fees-rise-from-january-2027-for-foreign-vehicles page=6199 6835 -> 7448
[2026-05-26T15:58:36] featured_media fix: singapore-ev-licence-plates-lta-and-scdf-begin-design-consultation page=6193 6840 -> 7450
[2026-05-26T15:58:37] featured_media fix: singapore-parf-rebate-schedule-and-cap-revised-from-feb-2026 page=6187 6845 -> 7446
[2026-05-26T15:08:58] PUSH ok: featured='Car Servicing Singapore' (/car-servicing/), hero_fixes=18, bucket=6
[2026-05-26T15:08:58]   hero-fix revised-erp-rates-from-2-june-2026-school-holiday-cuts-and-post-holiday-rises: https://therightworkshop.com/wp-content/uploads/2026/04/nb_servicing_oilpour_v2.webp -> https://therightworkshop.com/wp-content/uploads/2026/04/nb_servicing_oilpour_v2.jpg
[2026-05-26T15:08:58]   hero-fix car-insurance-broker-singapore: https://therightworkshop.com/wp-content/uploads/2026/05/04-insurance-broker-LOCKED.webp -> https://therightworkshop.com/wp-content/uploads/2026/05/04-insurance-broker-LOCKED.jpg
[2026-05-26T15:08:58]   hero-fix pre-purchase-car-inspection-singapore: https://therightworkshop.com/wp-content/uploads/2026/05/06-inspection-LOCKED.webp -> https://therightworkshop.com/wp-content/uploads/2026/05/06-inspection-LOCKED.jpg
[2026-05-26T15:08:58]   hero-fix cheapest-car-workshop-singapore: https://therightworkshop.com/wp-content/uploads/2026/05/07-workshop-LOCKED.webp -> https://therightworkshop.com/wp-content/uploads/2026/05/07-workshop-LOCKED.jpg
[2026-05-26T15:08:58]   hero-fix car-insurance-premium-factors-singapore: https://therightworkshop.com/wp-content/uploads/2026/05/05-insurance-premium-LOCKED.webp -> https://therightworkshop.com/wp-content/uploads/2026/05/05-insurance-premium-LOCKED.jpg
[2026-05-26T15:08:58]   hero-fix coe-explained: https://therightworkshop.com/wp-content/uploads/2026/05/COE_Explained_Hero_-_Singapore_Marina_Expressway.webp -> https://therightworkshop.com/wp-content/uploads/2026/05/COE_Explained_Hero_-_Singapore_Marina_Expressway.jpg
[2026-05-26T15:08:58]   hero-fix cat-a-vs-cat-b-singapore: https://therightworkshop.com/wp-content/uploads/2026/05/singapore-expressway-cat-a-cat-b-coe-cars.webp -> https://therightworkshop.com/wp-content/uploads/2026/05/singapore-expressway-cat-a-cat-b-coe-cars.jpg
[2026-05-26T15:08:58]   hero-fix coe-results-explained: https://therightworkshop.com/wp-content/uploads/2026/05/how-to-read-coe-results-singapore-hero.webp -> https://therightworkshop.com/wp-content/uploads/2026/05/how-to-read-coe-results-singapore-hero.jpg
[2026-05-26T15:08:58]   hero-fix coe-renewal-singapore: https://therightworkshop.com/wp-content/uploads/2026/05/01-coe-renewal-LOCKED.webp -> https://therightworkshop.com/wp-content/uploads/2026/05/01-coe-renewal-LOCKED.jpg
[2026-05-26T15:08:58]   hero-fix coe-export-car-singapore: https://therightworkshop.com/wp-content/uploads/2026/05/02-coe-export-LOCKED.webp -> https://therightworkshop.com/wp-content/uploads/2026/05/02-coe-export-LOCKED.jpg
[2026-05-26T15:08:58]   hero-fix scrap-car-singapore: https://therightworkshop.com/wp-content/uploads/2026/05/03-coe-scrap-LOCKED.webp -> https://therightworkshop.com/wp-content/uploads/2026/05/03-coe-scrap-LOCKED.jpg
[2026-05-26T15:08:58]   hero-fix coe-renewal-vs-scrap-singapore-guide: https://therightworkshop.com/wp-content/uploads/2026/04/nb_post7_coe_renewal_v1-1.webp -> https://therightworkshop.com/wp-content/uploads/2026/04/nb_post7_coe_renewal_v1-1.jpg
[2026-05-26T15:08:58]   hero-fix what-is-the-right-workshop-singapore: https://therightworkshop.com/wp-content/uploads/2026/04/nb_servicing_oilpour_v2.webp -> https://therightworkshop.com/wp-content/uploads/2026/04/nb_servicing_oilpour_v2.jpg
[2026-05-26T15:08:58]   hero-fix how-to-read-workshop-quote-singapore: https://therightworkshop.com/wp-content/uploads/2026/04/nb_post_read-quote_v1.webp -> https://therightworkshop.com/wp-content/uploads/2026/04/nb_post_read-quote_v1.jpg
[2026-05-26T15:08:58]   hero-fix brake-pads-rotors-singapore-when-to-change: https://therightworkshop.com/wp-content/uploads/2026/04/nb_post5_brake_pads_v1-1.webp -> https://therightworkshop.com/wp-content/uploads/2026/04/nb_post5_brake_pads_v1-1.jpg
[2026-05-26T15:08:58]   hero-fix erp-2-0-singapore-2026: https://therightworkshop.com/wp-content/uploads/2026/05/erp-2-0-gantry-singapore-hero.webp -> https://therightworkshop.com/wp-content/uploads/2026/05/erp-2-0-gantry-singapore-hero.jpg
[2026-05-26T15:08:58]   hero-fix car-servicing: https://therightworkshop.com/wp-content/uploads/2026/04/logo-white-on-transparent-padded.webp -> https://therightworkshop.com/wp-content/uploads/2026/04/logo-white-on-transparent.png
[2026-05-26T15:08:58]   hero-fix services: https://therightworkshop.com/wp-content/uploads/2026/04/nb_servicing_oilpour_v2.webp -> https://therightworkshop.com/wp-content/uploads/2026/04/nb_servicing_oilpour_v2.jpg
[2026-05-26T18:43:08] PUSH ok: featured='Car Servicing Singapore' (/car-servicing/), hero_fixes=17, bucket=6
[2026-05-26T18:43:08]   hero-fix car-insurance-broker-singapore: https://therightworkshop.com/wp-content/uploads/2026/05/04-insurance-broker-LOCKED.webp -> https://therightworkshop.com/wp-content/uploads/2026/05/04-insurance-broker-LOCKED.jpg
[2026-05-26T18:43:08]   hero-fix pre-purchase-car-inspection-singapore: https://therightworkshop.com/wp-content/uploads/2026/05/06-inspection-LOCKED.webp -> https://therightworkshop.com/wp-content/uploads/2026/05/06-inspection-LOCKED.jpg
[2026-05-26T18:43:08]   hero-fix cheapest-car-workshop-singapore: https://therightworkshop.com/wp-content/uploads/2026/05/07-workshop-LOCKED.webp -> https://therightworkshop.com/wp-content/uploads/2026/05/07-workshop-LOCKED.jpg
[2026-05-26T18:43:08]   hero-fix car-insurance-premium-factors-singapore: https://therightworkshop.com/wp-content/uploads/2026/05/05-insurance-premium-LOCKED.webp -> https://therightworkshop.com/wp-content/uploads/2026/05/05-insurance-premium-LOCKED.jpg
[2026-05-26T18:43:08]   hero-fix coe-explained: https://therightworkshop.com/wp-content/uploads/2026/05/COE_Explained_Hero_-_Singapore_Marina_Expressway.webp -> https://therightworkshop.com/wp-content/uploads/2026/05/COE_Explained_Hero_-_Singapore_Marina_Expressway.jpg
[2026-05-26T18:43:08]   hero-fix cat-a-vs-cat-b-singapore: https://therightworkshop.com/wp-content/uploads/2026/05/singapore-expressway-cat-a-cat-b-coe-cars.webp -> https://therightworkshop.com/wp-content/uploads/2026/05/singapore-expressway-cat-a-cat-b-coe-cars.jpg
[2026-05-26T18:43:08]   hero-fix coe-results-explained: https://therightworkshop.com/wp-content/uploads/2026/05/how-to-read-coe-results-singapore-hero.webp -> https://therightworkshop.com/wp-content/uploads/2026/05/how-to-read-coe-results-singapore-hero.jpg
[2026-05-26T18:43:08]   hero-fix coe-renewal-singapore: https://therightworkshop.com/wp-content/uploads/2026/05/01-coe-renewal-LOCKED.webp -> https://therightworkshop.com/wp-content/uploads/2026/05/01-coe-renewal-LOCKED.jpg
[2026-05-26T18:43:08]   hero-fix coe-export-car-singapore: https://therightworkshop.com/wp-content/uploads/2026/05/02-coe-export-LOCKED.webp -> https://therightworkshop.com/wp-content/uploads/2026/05/02-coe-export-LOCKED.jpg
[2026-05-26T18:43:08]   hero-fix scrap-car-singapore: https://therightworkshop.com/wp-content/uploads/2026/05/03-coe-scrap-LOCKED.webp -> https://therightworkshop.com/wp-content/uploads/2026/05/03-coe-scrap-LOCKED.jpg
[2026-05-26T18:43:08]   hero-fix coe-renewal-vs-scrap-singapore-guide: https://therightworkshop.com/wp-content/uploads/2026/04/nb_post7_coe_renewal_v1-1.webp -> https://therightworkshop.com/wp-content/uploads/2026/04/nb_post7_coe_renewal_v1-1.jpg
[2026-05-26T18:43:08]   hero-fix what-is-the-right-workshop-singapore: https://therightworkshop.com/wp-content/uploads/2026/04/nb_servicing_oilpour_v2.webp -> https://therightworkshop.com/wp-content/uploads/2026/04/nb_servicing_oilpour_v2.jpg
[2026-05-26T18:43:08]   hero-fix how-to-read-workshop-quote-singapore: https://therightworkshop.com/wp-content/uploads/2026/04/nb_post_read-quote_v1.webp -> https://therightworkshop.com/wp-content/uploads/2026/04/nb_post_read-quote_v1.jpg
[2026-05-26T18:43:08]   hero-fix brake-pads-rotors-singapore-when-to-change: https://therightworkshop.com/wp-content/uploads/2026/04/nb_post5_brake_pads_v1-1.webp -> https://therightworkshop.com/wp-content/uploads/2026/04/nb_post5_brake_pads_v1-1.jpg
[2026-05-26T18:43:08]   hero-fix erp-2-0-singapore-2026: https://therightworkshop.com/wp-content/uploads/2026/05/erp-2-0-gantry-singapore-hero.webp -> https://therightworkshop.com/wp-content/uploads/2026/05/erp-2-0-gantry-singapore-hero.jpg
[2026-05-26T18:43:08]   hero-fix car-servicing: https://therightworkshop.com/wp-content/uploads/2026/04/logo-white-on-transparent-padded.webp -> https://therightworkshop.com/wp-content/uploads/2026/04/logo-white-on-transparent.png
[2026-05-26T18:43:08]   hero-fix services: https://therightworkshop.com/wp-content/uploads/2026/04/nb_servicing_oilpour_v2.webp -> https://therightworkshop.com/wp-content/uploads/2026/04/nb_servicing_oilpour_v2.jpg
[2026-05-27T18:40:06] PUSH ok: featured='Car Servicing Singapore' (/car-servicing/), hero_fixes=21, bucket=6
[2026-05-27T18:40:06]   hero-fix car-insurance-broker-singapore: https://therightworkshop.com/wp-content/uploads/2026/05/04-insurance-broker-LOCKED.webp -> https://therightworkshop.com/wp-content/uploads/2026/05/04-insurance-broker-LOCKED.jpg
[2026-05-27T18:40:06]   hero-fix pre-purchase-car-inspection-singapore: https://therightworkshop.com/wp-content/uploads/2026/05/06-inspection-LOCKED.webp -> https://therightworkshop.com/wp-content/uploads/2026/05/06-inspection-LOCKED.jpg
[2026-05-27T18:40:06]   hero-fix cheapest-car-workshop-singapore: https://therightworkshop.com/wp-content/uploads/2026/05/07-workshop-LOCKED.webp -> https://therightworkshop.com/wp-content/uploads/2026/05/07-workshop-LOCKED.jpg
[2026-05-27T18:40:06]   hero-fix car-insurance-premium-factors-singapore: https://therightworkshop.com/wp-content/uploads/2026/05/05-insurance-premium-LOCKED.webp -> https://therightworkshop.com/wp-content/uploads/2026/05/05-insurance-premium-LOCKED.jpg
[2026-05-27T18:40:06]   hero-fix coe-explained: https://therightworkshop.com/wp-content/uploads/2026/05/COE_Explained_Hero_-_Singapore_Marina_Expressway.webp -> https://therightworkshop.com/wp-content/uploads/2026/05/COE_Explained_Hero_-_Singapore_Marina_Expressway.jpg
[2026-05-27T18:40:06]   hero-fix cat-a-vs-cat-b-singapore: https://therightworkshop.com/wp-content/uploads/2026/05/singapore-expressway-cat-a-cat-b-coe-cars.webp -> https://therightworkshop.com/wp-content/uploads/2026/05/singapore-expressway-cat-a-cat-b-coe-cars.jpg
[2026-05-27T18:40:06]   hero-fix coe-results-explained: https://therightworkshop.com/wp-content/uploads/2026/05/how-to-read-coe-results-singapore-hero.webp -> https://therightworkshop.com/wp-content/uploads/2026/05/how-to-read-coe-results-singapore-hero.jpg
[2026-05-27T18:40:06]   hero-fix coe-renewal-singapore: https://therightworkshop.com/wp-content/uploads/2026/05/01-coe-renewal-LOCKED.webp -> https://therightworkshop.com/wp-content/uploads/2026/05/01-coe-renewal-LOCKED.jpg
[2026-05-27T18:40:06]   hero-fix coe-export-car-singapore: https://therightworkshop.com/wp-content/uploads/2026/05/02-coe-export-LOCKED.webp -> https://therightworkshop.com/wp-content/uploads/2026/05/02-coe-export-LOCKED.jpg
[2026-05-27T18:40:06]   hero-fix scrap-car-singapore: https://therightworkshop.com/wp-content/uploads/2026/05/03-coe-scrap-LOCKED.webp -> https://therightworkshop.com/wp-content/uploads/2026/05/03-coe-scrap-LOCKED.jpg
[2026-05-27T18:40:06]   hero-fix coe-renewal-vs-scrap-singapore-guide: https://therightworkshop.com/wp-content/uploads/2026/04/nb_post7_coe_renewal_v1-1.webp -> https://therightworkshop.com/wp-content/uploads/2026/04/nb_post7_coe_renewal_v1-1.jpg
[2026-05-27T18:40:06]   hero-fix what-is-the-right-workshop-singapore: https://therightworkshop.com/wp-content/uploads/2026/04/nb_servicing_oilpour_v2.webp -> https://therightworkshop.com/wp-content/uploads/2026/04/nb_servicing_oilpour_v2.jpg
[2026-05-27T18:40:06]   hero-fix how-to-read-workshop-quote-singapore: https://therightworkshop.com/wp-content/uploads/2026/04/nb_post_read-quote_v1.webp -> https://therightworkshop.com/wp-content/uploads/2026/04/nb_post_read-quote_v1.jpg
[2026-05-27T18:40:06]   hero-fix brake-pads-rotors-singapore-when-to-change: https://therightworkshop.com/wp-content/uploads/2026/04/nb_post5_brake_pads_v1-1.webp -> https://therightworkshop.com/wp-content/uploads/2026/04/nb_post5_brake_pads_v1-1.jpg
[2026-05-27T18:40:06]   hero-fix erp-2-0-singapore-2026: https://therightworkshop.com/wp-content/uploads/2026/05/erp-2-0-gantry-singapore-hero.webp -> https://therightworkshop.com/wp-content/uploads/2026/05/erp-2-0-gantry-singapore-hero.jpg
[2026-05-27T18:40:06]   hero-fix erp-2-obu-now-mandatory-key-dates-and-penalties-for-singapore-drivers: https://therightworkshop.com/wp-content/uploads/2026/05/news_b_6279_jfjhmcir.png -> https://therightworkshop.com/wp-content/uploads/2026/05/6279_v2.png
[2026-05-27T18:40:06]   hero-fix vep-and-gvp-fees-rise-from-january-2027-for-foreign-vehicles: https://therightworkshop.com/wp-content/uploads/2026/05/news_b_6199_o95pzkv3.png -> https://therightworkshop.com/wp-content/uploads/2026/05/6199_v2.png
[2026-05-27T18:40:06]   hero-fix singapore-ev-licence-plates-lta-and-scdf-begin-design-consultation: https://therightworkshop.com/wp-content/uploads/2026/05/news_b_6193_ahyant0o.png -> https://therightworkshop.com/wp-content/uploads/2026/05/6193_v2.png
[2026-05-27T18:40:06]   hero-fix singapore-parf-rebate-schedule-and-cap-revised-from-feb-2026: https://therightworkshop.com/wp-content/uploads/2026/05/news_b_6187_288qizix.png -> https://therightworkshop.com/wp-content/uploads/2026/05/6187_v2.png
[2026-05-27T18:40:06]   hero-fix car-servicing: https://therightworkshop.com/wp-content/uploads/2026/04/logo-white-on-transparent-padded.webp -> https://therightworkshop.com/wp-content/uploads/2026/04/logo-white-on-transparent.png
[2026-05-27T18:40:06]   hero-fix services: https://therightworkshop.com/wp-content/uploads/2026/04/nb_servicing_oilpour_v2.webp -> https://therightworkshop.com/wp-content/uploads/2026/04/nb_servicing_oilpour_v2.jpg
[2026-05-27T18:41:40] featured_media fix: erp-2-obu-now-mandatory-key-dates-and-penalties-for-singapore-drivers page=6279 6829 -> 7452
[2026-05-27T18:41:42] featured_media fix: vep-and-gvp-fees-rise-from-january-2027-for-foreign-vehicles page=6199 6835 -> 7448
[2026-05-27T18:41:43] featured_media fix: singapore-ev-licence-plates-lta-and-scdf-begin-design-consultation page=6193 6840 -> 7450
[2026-05-27T18:41:45] featured_media fix: singapore-parf-rebate-schedule-and-cap-revised-from-feb-2026 page=6187 6845 -> 7446
[2026-05-28T04:25:21] PUSH ok: featured='Car Servicing Singapore' (/car-servicing/), hero_fixes=21, bucket=6
[2026-05-28T04:25:21]   hero-fix car-insurance-broker-singapore: https://therightworkshop.com/wp-content/uploads/2026/05/04-insurance-broker-LOCKED.webp -> https://therightworkshop.com/wp-content/uploads/2026/05/04-insurance-broker-LOCKED.jpg
[2026-05-28T04:25:21]   hero-fix pre-purchase-car-inspection-singapore: https://therightworkshop.com/wp-content/uploads/2026/05/06-inspection-LOCKED.webp -> https://therightworkshop.com/wp-content/uploads/2026/05/06-inspection-LOCKED.jpg
[2026-05-28T04:25:21]   hero-fix cheapest-car-workshop-singapore: https://therightworkshop.com/wp-content/uploads/2026/05/07-workshop-LOCKED.webp -> https://therightworkshop.com/wp-content/uploads/2026/05/07-workshop-LOCKED.jpg
[2026-05-28T04:25:21]   hero-fix car-insurance-premium-factors-singapore: https://therightworkshop.com/wp-content/uploads/2026/05/05-insurance-premium-LOCKED.webp -> https://therightworkshop.com/wp-content/uploads/2026/05/05-insurance-premium-LOCKED.jpg
[2026-05-28T04:25:21]   hero-fix coe-explained: https://therightworkshop.com/wp-content/uploads/2026/05/COE_Explained_Hero_-_Singapore_Marina_Expressway.webp -> https://therightworkshop.com/wp-content/uploads/2026/05/COE_Explained_Hero_-_Singapore_Marina_Expressway.jpg
[2026-05-28T04:25:21]   hero-fix cat-a-vs-cat-b-singapore: https://therightworkshop.com/wp-content/uploads/2026/05/singapore-expressway-cat-a-cat-b-coe-cars.webp -> https://therightworkshop.com/wp-content/uploads/2026/05/singapore-expressway-cat-a-cat-b-coe-cars.jpg
[2026-05-28T04:25:21]   hero-fix coe-results-explained: https://therightworkshop.com/wp-content/uploads/2026/05/how-to-read-coe-results-singapore-hero.webp -> https://therightworkshop.com/wp-content/uploads/2026/05/how-to-read-coe-results-singapore-hero.jpg
[2026-05-28T04:25:21]   hero-fix coe-renewal-singapore: https://therightworkshop.com/wp-content/uploads/2026/05/01-coe-renewal-LOCKED.webp -> https://therightworkshop.com/wp-content/uploads/2026/05/01-coe-renewal-LOCKED.jpg
[2026-05-28T04:25:21]   hero-fix coe-export-car-singapore: https://therightworkshop.com/wp-content/uploads/2026/05/02-coe-export-LOCKED.webp -> https://therightworkshop.com/wp-content/uploads/2026/05/02-coe-export-LOCKED.jpg
[2026-05-28T04:25:21]   hero-fix scrap-car-singapore: https://therightworkshop.com/wp-content/uploads/2026/05/03-coe-scrap-LOCKED.webp -> https://therightworkshop.com/wp-content/uploads/2026/05/03-coe-scrap-LOCKED.jpg
[2026-05-28T04:25:21]   hero-fix coe-renewal-vs-scrap-singapore-guide: https://therightworkshop.com/wp-content/uploads/2026/04/nb_post7_coe_renewal_v1-1.webp -> https://therightworkshop.com/wp-content/uploads/2026/04/nb_post7_coe_renewal_v1-1.jpg
[2026-05-28T04:25:21]   hero-fix what-is-the-right-workshop-singapore: https://therightworkshop.com/wp-content/uploads/2026/04/nb_servicing_oilpour_v2.webp -> https://therightworkshop.com/wp-content/uploads/2026/04/nb_servicing_oilpour_v2.jpg
[2026-05-28T04:25:21]   hero-fix how-to-read-workshop-quote-singapore: https://therightworkshop.com/wp-content/uploads/2026/04/nb_post_read-quote_v1.webp -> https://therightworkshop.com/wp-content/uploads/2026/04/nb_post_read-quote_v1.jpg
[2026-05-28T04:25:21]   hero-fix brake-pads-rotors-singapore-when-to-change: https://therightworkshop.com/wp-content/uploads/2026/04/nb_post5_brake_pads_v1-1.webp -> https://therightworkshop.com/wp-content/uploads/2026/04/nb_post5_brake_pads_v1-1.jpg
[2026-05-28T04:25:21]   hero-fix erp-2-0-singapore-2026: https://therightworkshop.com/wp-content/uploads/2026/05/erp-2-0-gantry-singapore-hero.webp -> https://therightworkshop.com/wp-content/uploads/2026/05/erp-2-0-gantry-singapore-hero.jpg
[2026-05-28T04:25:21]   hero-fix erp-2-obu-now-mandatory-key-dates-and-penalties-for-singapore-drivers: https://therightworkshop.com/wp-content/uploads/2026/05/news_b_6279_jfjhmcir.png -> https://therightworkshop.com/wp-content/uploads/2026/05/6279_v2.png
[2026-05-28T04:25:21]   hero-fix vep-and-gvp-fees-rise-from-january-2027-for-foreign-vehicles: https://therightworkshop.com/wp-content/uploads/2026/05/news_b_6199_o95pzkv3.png -> https://therightworkshop.com/wp-content/uploads/2026/05/6199_v2.png
[2026-05-28T04:25:21]   hero-fix singapore-ev-licence-plates-lta-and-scdf-begin-design-consultation: https://therightworkshop.com/wp-content/uploads/2026/05/news_b_6193_ahyant0o.png -> https://therightworkshop.com/wp-content/uploads/2026/05/6193_v2.png
[2026-05-28T04:25:21]   hero-fix singapore-parf-rebate-schedule-and-cap-revised-from-feb-2026: https://therightworkshop.com/wp-content/uploads/2026/05/news_b_6187_288qizix.png -> https://therightworkshop.com/wp-content/uploads/2026/05/6187_v2.png
[2026-05-28T04:25:21]   hero-fix car-servicing: https://therightworkshop.com/wp-content/uploads/2026/04/nb_servicing_oilpour_v2.webp -> https://therightworkshop.com/wp-content/uploads/2026/04/logo-white-on-transparent.png
[2026-05-28T04:25:21]   hero-fix services: https://therightworkshop.com/wp-content/uploads/2026/04/nb_servicing_oilpour_v2.webp -> https://therightworkshop.com/wp-content/uploads/2026/04/nb_servicing_oilpour_v2.jpg
[2026-05-28T04:26:57] featured_media fix: erp-2-obu-now-mandatory-key-dates-and-penalties-for-singapore-drivers page=6279 6829 -> 7452
[2026-05-28T04:26:58] featured_media fix: vep-and-gvp-fees-rise-from-january-2027-for-foreign-vehicles page=6199 6835 -> 7448
[2026-05-28T04:26:59] featured_media fix: singapore-ev-licence-plates-lta-and-scdf-begin-design-consultation page=6193 6840 -> 7450
[2026-05-28T04:27:01] featured_media fix: singapore-parf-rebate-schedule-and-cap-revised-from-feb-2026 page=6187 6845 -> 7446
[2026-05-28T04:27:02] featured_media fix: car-servicing page=466 958 -> 641
[2026-05-28T19:12:41] PUSH ok: featured='Car Servicing Singapore' (/car-servicing/), hero_fixes=17, bucket=6
[2026-05-28T19:12:41]   hero-fix car-insurance-broker-singapore: https://therightworkshop.com/wp-content/uploads/2026/05/04-insurance-broker-LOCKED.webp -> https://therightworkshop.com/wp-content/uploads/2026/05/04-insurance-broker-LOCKED.jpg
[2026-05-28T19:12:41]   hero-fix pre-purchase-car-inspection-singapore: https://therightworkshop.com/wp-content/uploads/2026/05/06-inspection-LOCKED.webp -> https://therightworkshop.com/wp-content/uploads/2026/05/06-inspection-LOCKED.jpg
[2026-05-28T19:12:41]   hero-fix cheapest-car-workshop-singapore: https://therightworkshop.com/wp-content/uploads/2026/05/07-workshop-LOCKED.webp -> https://therightworkshop.com/wp-content/uploads/2026/05/07-workshop-LOCKED.jpg
[2026-05-28T19:12:41]   hero-fix car-insurance-premium-factors-singapore: https://therightworkshop.com/wp-content/uploads/2026/05/05-insurance-premium-LOCKED.webp -> https://therightworkshop.com/wp-content/uploads/2026/05/05-insurance-premium-LOCKED.jpg
[2026-05-28T19:12:41]   hero-fix coe-explained: https://therightworkshop.com/wp-content/uploads/2026/05/COE_Explained_Hero_-_Singapore_Marina_Expressway.webp -> https://therightworkshop.com/wp-content/uploads/2026/05/COE_Explained_Hero_-_Singapore_Marina_Expressway.jpg
[2026-05-28T19:12:41]   hero-fix cat-a-vs-cat-b-singapore: https://therightworkshop.com/wp-content/uploads/2026/05/singapore-expressway-cat-a-cat-b-coe-cars.webp -> https://therightworkshop.com/wp-content/uploads/2026/05/singapore-expressway-cat-a-cat-b-coe-cars.jpg
[2026-05-28T19:12:41]   hero-fix coe-results-explained: https://therightworkshop.com/wp-content/uploads/2026/05/how-to-read-coe-results-singapore-hero.webp -> https://therightworkshop.com/wp-content/uploads/2026/05/how-to-read-coe-results-singapore-hero.jpg
[2026-05-28T19:12:41]   hero-fix coe-renewal-singapore: https://therightworkshop.com/wp-content/uploads/2026/05/01-coe-renewal-LOCKED.webp -> https://therightworkshop.com/wp-content/uploads/2026/05/01-coe-renewal-LOCKED.jpg
[2026-05-28T19:12:41]   hero-fix coe-export-car-singapore: https://therightworkshop.com/wp-content/uploads/2026/05/02-coe-export-LOCKED.webp -> https://therightworkshop.com/wp-content/uploads/2026/05/02-coe-export-LOCKED.jpg
[2026-05-28T19:12:41]   hero-fix scrap-car-singapore: https://therightworkshop.com/wp-content/uploads/2026/05/03-coe-scrap-LOCKED.webp -> https://therightworkshop.com/wp-content/uploads/2026/05/03-coe-scrap-LOCKED.jpg
[2026-05-28T19:12:41]   hero-fix coe-renewal-vs-scrap-singapore-guide: https://therightworkshop.com/wp-content/uploads/2026/04/nb_post7_coe_renewal_v1-1.webp -> https://therightworkshop.com/wp-content/uploads/2026/04/nb_post7_coe_renewal_v1-1.jpg
[2026-05-28T19:12:41]   hero-fix what-is-the-right-workshop-singapore: https://therightworkshop.com/wp-content/uploads/2026/04/nb_servicing_oilpour_v2.webp -> https://therightworkshop.com/wp-content/uploads/2026/04/nb_servicing_oilpour_v2.jpg
[2026-05-28T19:12:41]   hero-fix how-to-read-workshop-quote-singapore: https://therightworkshop.com/wp-content/uploads/2026/04/nb_post_read-quote_v1.webp -> https://therightworkshop.com/wp-content/uploads/2026/04/nb_post_read-quote_v1.jpg
[2026-05-28T19:12:41]   hero-fix brake-pads-rotors-singapore-when-to-change: https://therightworkshop.com/wp-content/uploads/2026/04/nb_post5_brake_pads_v1-1.webp -> https://therightworkshop.com/wp-content/uploads/2026/04/nb_post5_brake_pads_v1-1.jpg
[2026-05-28T19:12:41]   hero-fix erp-2-0-singapore-2026: https://therightworkshop.com/wp-content/uploads/2026/05/erp-2-0-gantry-singapore-hero.webp -> https://therightworkshop.com/wp-content/uploads/2026/05/erp-2-0-gantry-singapore-hero.jpg
[2026-05-28T19:12:41]   hero-fix car-servicing: https://therightworkshop.com/wp-content/uploads/2026/04/logo-white-on-transparent-padded.webp -> https://therightworkshop.com/wp-content/uploads/2026/04/logo-white-on-transparent.png
[2026-05-28T19:12:41]   hero-fix services: https://therightworkshop.com/wp-content/uploads/2026/04/nb_servicing_oilpour_v2.webp -> https://therightworkshop.com/wp-content/uploads/2026/04/nb_servicing_oilpour_v2.jpg
[2026-05-29T19:09:30] PUSH ok: featured='Cat A COE May 2026 Hits $124,790: What’s Driving the Climb?' (/cat-a-coe-may-2026-hits-124790-whats-driving-the-climb/), hero_fixes=21, bucket=7
[2026-05-29T19:09:30]   hero-fix car-insurance-broker-singapore: https://therightworkshop.com/wp-content/uploads/2026/05/04-insurance-broker-LOCKED.webp -> https://therightworkshop.com/wp-content/uploads/2026/05/04-insurance-broker-LOCKED.jpg
[2026-05-29T19:09:30]   hero-fix pre-purchase-car-inspection-singapore: https://therightworkshop.com/wp-content/uploads/2026/05/06-inspection-LOCKED.webp -> https://therightworkshop.com/wp-content/uploads/2026/05/06-inspection-LOCKED.jpg
[2026-05-29T19:09:30]   hero-fix cheapest-car-workshop-singapore: https://therightworkshop.com/wp-content/uploads/2026/05/07-workshop-LOCKED.webp -> https://therightworkshop.com/wp-content/uploads/2026/05/07-workshop-LOCKED.jpg
[2026-05-29T19:09:30]   hero-fix car-insurance-premium-factors-singapore: https://therightworkshop.com/wp-content/uploads/2026/05/05-insurance-premium-LOCKED.webp -> https://therightworkshop.com/wp-content/uploads/2026/05/05-insurance-premium-LOCKED.jpg
[2026-05-29T19:09:30]   hero-fix coe-explained: https://therightworkshop.com/wp-content/uploads/2026/05/COE_Explained_Hero_-_Singapore_Marina_Expressway.webp -> https://therightworkshop.com/wp-content/uploads/2026/05/COE_Explained_Hero_-_Singapore_Marina_Expressway.jpg
[2026-05-29T19:09:30]   hero-fix cat-a-vs-cat-b-singapore: https://therightworkshop.com/wp-content/uploads/2026/05/singapore-expressway-cat-a-cat-b-coe-cars.webp -> https://therightworkshop.com/wp-content/uploads/2026/05/singapore-expressway-cat-a-cat-b-coe-cars.jpg
[2026-05-29T19:09:30]   hero-fix coe-results-explained: https://therightworkshop.com/wp-content/uploads/2026/05/how-to-read-coe-results-singapore-hero.webp -> https://therightworkshop.com/wp-content/uploads/2026/05/how-to-read-coe-results-singapore-hero.jpg
[2026-05-29T19:09:30]   hero-fix coe-renewal-singapore: https://therightworkshop.com/wp-content/uploads/2026/05/01-coe-renewal-LOCKED.webp -> https://therightworkshop.com/wp-content/uploads/2026/05/01-coe-renewal-LOCKED.jpg
[2026-05-29T19:09:30]   hero-fix coe-export-car-singapore: https://therightworkshop.com/wp-content/uploads/2026/05/02-coe-export-LOCKED.webp -> https://therightworkshop.com/wp-content/uploads/2026/05/02-coe-export-LOCKED.jpg
[2026-05-29T19:09:30]   hero-fix scrap-car-singapore: https://therightworkshop.com/wp-content/uploads/2026/05/03-coe-scrap-LOCKED.webp -> https://therightworkshop.com/wp-content/uploads/2026/05/03-coe-scrap-LOCKED.jpg
[2026-05-29T19:09:30]   hero-fix coe-renewal-vs-scrap-singapore-guide: https://therightworkshop.com/wp-content/uploads/2026/04/nb_post7_coe_renewal_v1-1.webp -> https://therightworkshop.com/wp-content/uploads/2026/04/nb_post7_coe_renewal_v1-1.jpg
[2026-05-29T19:09:30]   hero-fix what-is-the-right-workshop-singapore: https://therightworkshop.com/wp-content/uploads/2026/04/nb_servicing_oilpour_v2.webp -> https://therightworkshop.com/wp-content/uploads/2026/04/nb_servicing_oilpour_v2.jpg
[2026-05-29T19:09:30]   hero-fix how-to-read-workshop-quote-singapore: https://therightworkshop.com/wp-content/uploads/2026/04/nb_post_read-quote_v1.webp -> https://therightworkshop.com/wp-content/uploads/2026/04/nb_post_read-quote_v1.jpg
[2026-05-29T19:09:30]   hero-fix brake-pads-rotors-singapore-when-to-change: https://therightworkshop.com/wp-content/uploads/2026/04/nb_post5_brake_pads_v1-1.webp -> https://therightworkshop.com/wp-content/uploads/2026/04/nb_post5_brake_pads_v1-1.jpg
[2026-05-29T19:09:30]   hero-fix erp-2-0-singapore-2026: https://therightworkshop.com/wp-content/uploads/2026/05/erp-2-0-gantry-singapore-hero.webp -> https://therightworkshop.com/wp-content/uploads/2026/05/erp-2-0-gantry-singapore-hero.jpg
[2026-05-29T19:09:30]   hero-fix erp-2-obu-now-mandatory-key-dates-and-penalties-for-singapore-drivers: https://therightworkshop.com/wp-content/uploads/2026/05/news_b_6279_jfjhmcir.png -> https://therightworkshop.com/wp-content/uploads/2026/05/6279_v2.png
[2026-05-29T19:09:30]   hero-fix vep-and-gvp-fees-rise-from-january-2027-for-foreign-vehicles: https://therightworkshop.com/wp-content/uploads/2026/05/news_b_6199_o95pzkv3.png -> https://therightworkshop.com/wp-content/uploads/2026/05/6199_v2.png
[2026-05-29T19:09:30]   hero-fix singapore-ev-licence-plates-lta-and-scdf-begin-design-consultation: https://therightworkshop.com/wp-content/uploads/2026/05/news_b_6193_ahyant0o.png -> https://therightworkshop.com/wp-content/uploads/2026/05/6193_v2.png
[2026-05-29T19:09:30]   hero-fix singapore-parf-rebate-schedule-and-cap-revised-from-feb-2026: https://therightworkshop.com/wp-content/uploads/2026/05/news_b_6187_288qizix.png -> https://therightworkshop.com/wp-content/uploads/2026/05/6187_v2.png
[2026-05-29T19:09:30]   hero-fix car-servicing: https://therightworkshop.com/wp-content/uploads/2026/04/logo-white-on-transparent-padded.webp -> https://therightworkshop.com/wp-content/uploads/2026/04/logo-white-on-transparent.png
[2026-05-29T19:09:30]   hero-fix services: https://therightworkshop.com/wp-content/uploads/2026/04/nb_servicing_oilpour_v2.webp -> https://therightworkshop.com/wp-content/uploads/2026/04/nb_servicing_oilpour_v2.jpg
[2026-05-29T19:11:08] featured_media fix: erp-2-obu-now-mandatory-key-dates-and-penalties-for-singapore-drivers page=6279 6829 -> 7452
[2026-05-29T19:11:10] featured_media fix: vep-and-gvp-fees-rise-from-january-2027-for-foreign-vehicles page=6199 6835 -> 7448
[2026-05-29T19:11:11] featured_media fix: singapore-ev-licence-plates-lta-and-scdf-begin-design-consultation page=6193 6840 -> 7450
[2026-05-29T19:11:12] featured_media fix: singapore-parf-rebate-schedule-and-cap-revised-from-feb-2026 page=6187 6845 -> 7446
[2026-05-30T17:37:25] PUSH ok: featured='Cat A COE May 2026 Hits $124,790: What’s Driving the Climb?' (/cat-a-coe-may-2026-hits-124790-whats-driving-the-climb/), hero_fixes=21, bucket=7
[2026-05-30T17:37:25]   hero-fix car-insurance-broker-singapore: https://therightworkshop.com/wp-content/uploads/2026/05/04-insurance-broker-LOCKED.webp -> https://therightworkshop.com/wp-content/uploads/2026/05/04-insurance-broker-LOCKED.jpg
[2026-05-30T17:37:25]   hero-fix pre-purchase-car-inspection-singapore: https://therightworkshop.com/wp-content/uploads/2026/05/06-inspection-LOCKED.webp -> https://therightworkshop.com/wp-content/uploads/2026/05/06-inspection-LOCKED.jpg
[2026-05-30T17:37:25]   hero-fix cheapest-car-workshop-singapore: https://therightworkshop.com/wp-content/uploads/2026/05/07-workshop-LOCKED.webp -> https://therightworkshop.com/wp-content/uploads/2026/05/07-workshop-LOCKED.jpg
[2026-05-30T17:37:25]   hero-fix car-insurance-premium-factors-singapore: https://therightworkshop.com/wp-content/uploads/2026/05/05-insurance-premium-LOCKED.webp -> https://therightworkshop.com/wp-content/uploads/2026/05/05-insurance-premium-LOCKED.jpg
[2026-05-30T17:37:25]   hero-fix coe-explained: https://therightworkshop.com/wp-content/uploads/2026/05/COE_Explained_Hero_-_Singapore_Marina_Expressway.webp -> https://therightworkshop.com/wp-content/uploads/2026/05/COE_Explained_Hero_-_Singapore_Marina_Expressway.jpg
[2026-05-30T17:37:25]   hero-fix cat-a-vs-cat-b-singapore: https://therightworkshop.com/wp-content/uploads/2026/05/singapore-expressway-cat-a-cat-b-coe-cars.webp -> https://therightworkshop.com/wp-content/uploads/2026/05/singapore-expressway-cat-a-cat-b-coe-cars.jpg
[2026-05-30T17:37:25]   hero-fix coe-results-explained: https://therightworkshop.com/wp-content/uploads/2026/05/how-to-read-coe-results-singapore-hero.webp -> https://therightworkshop.com/wp-content/uploads/2026/05/how-to-read-coe-results-singapore-hero.jpg
[2026-05-30T17:37:25]   hero-fix coe-renewal-singapore: https://therightworkshop.com/wp-content/uploads/2026/05/01-coe-renewal-LOCKED.webp -> https://therightworkshop.com/wp-content/uploads/2026/05/01-coe-renewal-LOCKED.jpg
[2026-05-30T17:37:25]   hero-fix coe-export-car-singapore: https://therightworkshop.com/wp-content/uploads/2026/05/02-coe-export-LOCKED.webp -> https://therightworkshop.com/wp-content/uploads/2026/05/02-coe-export-LOCKED.jpg
[2026-05-30T17:37:25]   hero-fix scrap-car-singapore: https://therightworkshop.com/wp-content/uploads/2026/05/03-coe-scrap-LOCKED.webp -> https://therightworkshop.com/wp-content/uploads/2026/05/03-coe-scrap-LOCKED.jpg
[2026-05-30T17:37:25]   hero-fix coe-renewal-vs-scrap-singapore-guide: https://therightworkshop.com/wp-content/uploads/2026/04/nb_post7_coe_renewal_v1-1.webp -> https://therightworkshop.com/wp-content/uploads/2026/04/nb_post7_coe_renewal_v1-1.jpg
[2026-05-30T17:37:25]   hero-fix what-is-the-right-workshop-singapore: https://therightworkshop.com/wp-content/uploads/2026/04/nb_servicing_oilpour_v2.webp -> https://therightworkshop.com/wp-content/uploads/2026/04/nb_servicing_oilpour_v2.jpg
[2026-05-30T17:37:25]   hero-fix how-to-read-workshop-quote-singapore: https://therightworkshop.com/wp-content/uploads/2026/04/nb_post_read-quote_v1.webp -> https://therightworkshop.com/wp-content/uploads/2026/04/nb_post_read-quote_v1.jpg
[2026-05-30T17:37:25]   hero-fix brake-pads-rotors-singapore-when-to-change: https://therightworkshop.com/wp-content/uploads/2026/04/nb_post5_brake_pads_v1-1.webp -> https://therightworkshop.com/wp-content/uploads/2026/04/nb_post5_brake_pads_v1-1.jpg
[2026-05-30T17:37:25]   hero-fix erp-2-0-singapore-2026: https://therightworkshop.com/wp-content/uploads/2026/05/erp-2-0-gantry-singapore-hero.webp -> https://therightworkshop.com/wp-content/uploads/2026/05/erp-2-0-gantry-singapore-hero.jpg
[2026-05-30T17:37:25]   hero-fix erp-2-obu-now-mandatory-key-dates-and-penalties-for-singapore-drivers: https://therightworkshop.com/wp-content/uploads/2026/05/news_b_6279_jfjhmcir.png -> https://therightworkshop.com/wp-content/uploads/2026/05/6279_v2.png
[2026-05-30T17:37:25]   hero-fix vep-and-gvp-fees-rise-from-january-2027-for-foreign-vehicles: https://therightworkshop.com/wp-content/uploads/2026/05/news_b_6199_o95pzkv3.png -> https://therightworkshop.com/wp-content/uploads/2026/05/6199_v2.png
[2026-05-30T17:37:25]   hero-fix singapore-ev-licence-plates-lta-and-scdf-begin-design-consultation: https://therightworkshop.com/wp-content/uploads/2026/05/news_b_6193_ahyant0o.png -> https://therightworkshop.com/wp-content/uploads/2026/05/6193_v2.png
[2026-05-30T17:37:25]   hero-fix singapore-parf-rebate-schedule-and-cap-revised-from-feb-2026: https://therightworkshop.com/wp-content/uploads/2026/05/news_b_6187_288qizix.png -> https://therightworkshop.com/wp-content/uploads/2026/05/6187_v2.png
[2026-05-30T17:37:25]   hero-fix car-servicing: https://therightworkshop.com/wp-content/uploads/2026/04/logo-white-on-transparent-padded.webp -> https://therightworkshop.com/wp-content/uploads/2026/04/logo-white-on-transparent.png
[2026-05-30T17:37:25]   hero-fix services: https://therightworkshop.com/wp-content/uploads/2026/04/nb_servicing_oilpour_v2.webp -> https://therightworkshop.com/wp-content/uploads/2026/04/nb_servicing_oilpour_v2.jpg
[2026-05-30T17:39:06] featured_media fix: erp-2-obu-now-mandatory-key-dates-and-penalties-for-singapore-drivers page=6279 6829 -> 7452
[2026-05-30T17:39:07] featured_media fix: vep-and-gvp-fees-rise-from-january-2027-for-foreign-vehicles page=6199 6835 -> 7448
[2026-05-30T17:39:09] featured_media fix: singapore-ev-licence-plates-lta-and-scdf-begin-design-consultation page=6193 6840 -> 7450
[2026-05-30T17:39:11] featured_media fix: singapore-parf-rebate-schedule-and-cap-revised-from-feb-2026 page=6187 6845 -> 7446
[2026-05-31T17:39:23] PUSH ok: featured='Cat A COE May 2026 Hits $124,790: What’s Driving the Climb?' (/cat-a-coe-may-2026-hits-124790-whats-driving-the-climb/), hero_fixes=21, bucket=7
[2026-05-31T17:39:23]   hero-fix car-insurance-broker-singapore: https://therightworkshop.com/wp-content/uploads/2026/05/04-insurance-broker-LOCKED.webp -> https://therightworkshop.com/wp-content/uploads/2026/05/04-insurance-broker-LOCKED.jpg
[2026-05-31T17:39:23]   hero-fix pre-purchase-car-inspection-singapore: https://therightworkshop.com/wp-content/uploads/2026/05/06-inspection-LOCKED.webp -> https://therightworkshop.com/wp-content/uploads/2026/05/06-inspection-LOCKED.jpg
[2026-05-31T17:39:23]   hero-fix cheapest-car-workshop-singapore: https://therightworkshop.com/wp-content/uploads/2026/05/07-workshop-LOCKED.webp -> https://therightworkshop.com/wp-content/uploads/2026/05/07-workshop-LOCKED.jpg
[2026-05-31T17:39:23]   hero-fix car-insurance-premium-factors-singapore: https://therightworkshop.com/wp-content/uploads/2026/05/05-insurance-premium-LOCKED.webp -> https://therightworkshop.com/wp-content/uploads/2026/05/05-insurance-premium-LOCKED.jpg
[2026-05-31T17:39:23]   hero-fix coe-explained: https://therightworkshop.com/wp-content/uploads/2026/05/COE_Explained_Hero_-_Singapore_Marina_Expressway.webp -> https://therightworkshop.com/wp-content/uploads/2026/05/COE_Explained_Hero_-_Singapore_Marina_Expressway.jpg
[2026-05-31T17:39:23]   hero-fix cat-a-vs-cat-b-singapore: https://therightworkshop.com/wp-content/uploads/2026/05/singapore-expressway-cat-a-cat-b-coe-cars.webp -> https://therightworkshop.com/wp-content/uploads/2026/05/singapore-expressway-cat-a-cat-b-coe-cars.jpg
[2026-05-31T17:39:23]   hero-fix coe-results-explained: https://therightworkshop.com/wp-content/uploads/2026/05/how-to-read-coe-results-singapore-hero.webp -> https://therightworkshop.com/wp-content/uploads/2026/05/how-to-read-coe-results-singapore-hero.jpg
[2026-05-31T17:39:23]   hero-fix coe-renewal-singapore: https://therightworkshop.com/wp-content/uploads/2026/05/01-coe-renewal-LOCKED.webp -> https://therightworkshop.com/wp-content/uploads/2026/05/01-coe-renewal-LOCKED.jpg
[2026-05-31T17:39:23]   hero-fix coe-export-car-singapore: https://therightworkshop.com/wp-content/uploads/2026/05/02-coe-export-LOCKED.webp -> https://therightworkshop.com/wp-content/uploads/2026/05/02-coe-export-LOCKED.jpg
[2026-05-31T17:39:23]   hero-fix scrap-car-singapore: https://therightworkshop.com/wp-content/uploads/2026/05/03-coe-scrap-LOCKED.webp -> https://therightworkshop.com/wp-content/uploads/2026/05/03-coe-scrap-LOCKED.jpg
[2026-05-31T17:39:23]   hero-fix coe-renewal-vs-scrap-singapore-guide: https://therightworkshop.com/wp-content/uploads/2026/04/nb_post7_coe_renewal_v1-1.webp -> https://therightworkshop.com/wp-content/uploads/2026/04/nb_post7_coe_renewal_v1-1.jpg
[2026-05-31T17:39:23]   hero-fix what-is-the-right-workshop-singapore: https://therightworkshop.com/wp-content/uploads/2026/04/nb_servicing_oilpour_v2.webp -> https://therightworkshop.com/wp-content/uploads/2026/04/nb_servicing_oilpour_v2.jpg
[2026-05-31T17:39:23]   hero-fix how-to-read-workshop-quote-singapore: https://therightworkshop.com/wp-content/uploads/2026/04/nb_post_read-quote_v1.webp -> https://therightworkshop.com/wp-content/uploads/2026/04/nb_post_read-quote_v1.jpg
[2026-05-31T17:39:23]   hero-fix brake-pads-rotors-singapore-when-to-change: https://therightworkshop.com/wp-content/uploads/2026/04/nb_post5_brake_pads_v1-1.webp -> https://therightworkshop.com/wp-content/uploads/2026/04/nb_post5_brake_pads_v1-1.jpg
[2026-05-31T17:39:23]   hero-fix erp-2-0-singapore-2026: https://therightworkshop.com/wp-content/uploads/2026/05/erp-2-0-gantry-singapore-hero.webp -> https://therightworkshop.com/wp-content/uploads/2026/05/erp-2-0-gantry-singapore-hero.jpg
[2026-05-31T17:39:23]   hero-fix erp-2-obu-now-mandatory-key-dates-and-penalties-for-singapore-drivers: https://therightworkshop.com/wp-content/uploads/2026/05/news_b_6279_jfjhmcir.png -> https://therightworkshop.com/wp-content/uploads/2026/05/6279_v2.png
[2026-05-31T17:39:23]   hero-fix vep-and-gvp-fees-rise-from-january-2027-for-foreign-vehicles: https://therightworkshop.com/wp-content/uploads/2026/05/news_b_6199_o95pzkv3.png -> https://therightworkshop.com/wp-content/uploads/2026/05/6199_v2.png
[2026-05-31T17:39:23]   hero-fix singapore-ev-licence-plates-lta-and-scdf-begin-design-consultation: https://therightworkshop.com/wp-content/uploads/2026/05/news_b_6193_ahyant0o.png -> https://therightworkshop.com/wp-content/uploads/2026/05/6193_v2.png
[2026-05-31T17:39:23]   hero-fix singapore-parf-rebate-schedule-and-cap-revised-from-feb-2026: https://therightworkshop.com/wp-content/uploads/2026/05/news_b_6187_288qizix.png -> https://therightworkshop.com/wp-content/uploads/2026/05/6187_v2.png
[2026-05-31T17:39:23]   hero-fix car-servicing: https://therightworkshop.com/wp-content/uploads/2026/04/logo-white-on-transparent-padded.webp -> https://therightworkshop.com/wp-content/uploads/2026/04/logo-white-on-transparent.png
[2026-05-31T17:39:23]   hero-fix services: https://therightworkshop.com/wp-content/uploads/2026/04/nb_servicing_oilpour_v2.webp -> https://therightworkshop.com/wp-content/uploads/2026/04/nb_servicing_oilpour_v2.jpg
[2026-05-31T17:41:04] featured_media fix: erp-2-obu-now-mandatory-key-dates-and-penalties-for-singapore-drivers page=6279 6829 -> 7452
[2026-05-31T17:41:05] featured_media fix: vep-and-gvp-fees-rise-from-january-2027-for-foreign-vehicles page=6199 6835 -> 7448
[2026-05-31T17:41:07] featured_media fix: singapore-ev-licence-plates-lta-and-scdf-begin-design-consultation page=6193 6840 -> 7450
[2026-05-31T17:41:08] featured_media fix: singapore-parf-rebate-schedule-and-cap-revised-from-feb-2026 page=6187 6845 -> 7446
[2026-06-01T20:45:30] PUSH ok: featured='Cat A COE May 2026 Hits $124,790: What’s Driving the Climb?' (/cat-a-coe-may-2026-hits-124790-whats-driving-the-climb/), hero_fixes=21, bucket=7
[2026-06-01T20:45:30]   hero-fix car-insurance-broker-singapore: https://therightworkshop.com/wp-content/uploads/2026/05/04-insurance-broker-LOCKED.webp -> https://therightworkshop.com/wp-content/uploads/2026/05/04-insurance-broker-LOCKED.jpg
[2026-06-01T20:45:30]   hero-fix pre-purchase-car-inspection-singapore: https://therightworkshop.com/wp-content/uploads/2026/05/06-inspection-LOCKED.webp -> https://therightworkshop.com/wp-content/uploads/2026/05/06-inspection-LOCKED.jpg
[2026-06-01T20:45:30]   hero-fix cheapest-car-workshop-singapore: https://therightworkshop.com/wp-content/uploads/2026/05/07-workshop-LOCKED.webp -> https://therightworkshop.com/wp-content/uploads/2026/05/07-workshop-LOCKED.jpg
[2026-06-01T20:45:30]   hero-fix car-insurance-premium-factors-singapore: https://therightworkshop.com/wp-content/uploads/2026/05/05-insurance-premium-LOCKED.webp -> https://therightworkshop.com/wp-content/uploads/2026/05/05-insurance-premium-LOCKED.jpg
[2026-06-01T20:45:30]   hero-fix coe-explained: https://therightworkshop.com/wp-content/uploads/2026/05/COE_Explained_Hero_-_Singapore_Marina_Expressway.webp -> https://therightworkshop.com/wp-content/uploads/2026/05/COE_Explained_Hero_-_Singapore_Marina_Expressway.jpg
[2026-06-01T20:45:30]   hero-fix cat-a-vs-cat-b-singapore: https://therightworkshop.com/wp-content/uploads/2026/05/singapore-expressway-cat-a-cat-b-coe-cars.webp -> https://therightworkshop.com/wp-content/uploads/2026/05/singapore-expressway-cat-a-cat-b-coe-cars.jpg
[2026-06-01T20:45:30]   hero-fix coe-results-explained: https://therightworkshop.com/wp-content/uploads/2026/05/how-to-read-coe-results-singapore-hero.webp -> https://therightworkshop.com/wp-content/uploads/2026/05/how-to-read-coe-results-singapore-hero.jpg
[2026-06-01T20:45:30]   hero-fix coe-renewal-singapore: https://therightworkshop.com/wp-content/uploads/2026/05/01-coe-renewal-LOCKED.webp -> https://therightworkshop.com/wp-content/uploads/2026/05/01-coe-renewal-LOCKED.jpg
[2026-06-01T20:45:30]   hero-fix coe-export-car-singapore: https://therightworkshop.com/wp-content/uploads/2026/05/02-coe-export-LOCKED.webp -> https://therightworkshop.com/wp-content/uploads/2026/05/02-coe-export-LOCKED.jpg
[2026-06-01T20:45:30]   hero-fix scrap-car-singapore: https://therightworkshop.com/wp-content/uploads/2026/05/03-coe-scrap-LOCKED.webp -> https://therightworkshop.com/wp-content/uploads/2026/05/03-coe-scrap-LOCKED.jpg
[2026-06-01T20:45:30]   hero-fix coe-renewal-vs-scrap-singapore-guide: https://therightworkshop.com/wp-content/uploads/2026/04/nb_post7_coe_renewal_v1-1.webp -> https://therightworkshop.com/wp-content/uploads/2026/04/nb_post7_coe_renewal_v1-1.jpg
[2026-06-01T20:45:30]   hero-fix what-is-the-right-workshop-singapore: https://therightworkshop.com/wp-content/uploads/2026/04/nb_servicing_oilpour_v2.webp -> https://therightworkshop.com/wp-content/uploads/2026/04/nb_servicing_oilpour_v2.jpg
[2026-06-01T20:45:30]   hero-fix how-to-read-workshop-quote-singapore: https://therightworkshop.com/wp-content/uploads/2026/04/nb_post_read-quote_v1.webp -> https://therightworkshop.com/wp-content/uploads/2026/04/nb_post_read-quote_v1.jpg
[2026-06-01T20:45:30]   hero-fix brake-pads-rotors-singapore-when-to-change: https://therightworkshop.com/wp-content/uploads/2026/04/nb_post5_brake_pads_v1-1.webp -> https://therightworkshop.com/wp-content/uploads/2026/04/nb_post5_brake_pads_v1-1.jpg
[2026-06-01T20:45:30]   hero-fix erp-2-0-singapore-2026: https://therightworkshop.com/wp-content/uploads/2026/05/erp-2-0-gantry-singapore-hero.webp -> https://therightworkshop.com/wp-content/uploads/2026/05/erp-2-0-gantry-singapore-hero.jpg
[2026-06-01T20:45:30]   hero-fix erp-2-obu-now-mandatory-key-dates-and-penalties-for-singapore-drivers: https://therightworkshop.com/wp-content/uploads/2026/05/news_b_6279_jfjhmcir.png -> https://therightworkshop.com/wp-content/uploads/2026/05/6279_v2.png
[2026-06-01T20:45:30]   hero-fix vep-and-gvp-fees-rise-from-january-2027-for-foreign-vehicles: https://therightworkshop.com/wp-content/uploads/2026/05/news_b_6199_o95pzkv3.png -> https://therightworkshop.com/wp-content/uploads/2026/05/6199_v2.png
[2026-06-01T20:45:30]   hero-fix singapore-ev-licence-plates-lta-and-scdf-begin-design-consultation: https://therightworkshop.com/wp-content/uploads/2026/05/news_b_6193_ahyant0o.png -> https://therightworkshop.com/wp-content/uploads/2026/05/6193_v2.png
[2026-06-01T20:45:30]   hero-fix singapore-parf-rebate-schedule-and-cap-revised-from-feb-2026: https://therightworkshop.com/wp-content/uploads/2026/05/news_b_6187_288qizix.png -> https://therightworkshop.com/wp-content/uploads/2026/05/6187_v2.png
[2026-06-01T20:45:30]   hero-fix car-servicing: https://therightworkshop.com/wp-content/uploads/2026/04/logo-white-on-transparent-padded.webp -> https://therightworkshop.com/wp-content/uploads/2026/04/logo-white-on-transparent.png
[2026-06-01T20:45:30]   hero-fix services: https://therightworkshop.com/wp-content/uploads/2026/04/nb_servicing_oilpour_v2.webp -> https://therightworkshop.com/wp-content/uploads/2026/04/nb_servicing_oilpour_v2.jpg
[2026-06-01T20:47:11] featured_media fix: erp-2-obu-now-mandatory-key-dates-and-penalties-for-singapore-drivers page=6279 6829 -> 7452
[2026-06-01T20:47:13] featured_media fix: vep-and-gvp-fees-rise-from-january-2027-for-foreign-vehicles page=6199 6835 -> 7448
[2026-06-01T20:47:14] featured_media fix: singapore-ev-licence-plates-lta-and-scdf-begin-design-consultation page=6193 6840 -> 7450
[2026-06-01T20:47:16] featured_media fix: singapore-parf-rebate-schedule-and-cap-revised-from-feb-2026 page=6187 6845 -> 7446
[2026-06-02T19:58:17] PUSH ok: featured='Cat A COE May 2026 Hits $124,790: What’s Driving the Climb?' (/cat-a-coe-may-2026-hits-124790-whats-driving-the-climb/), hero_fixes=21, bucket=7
[2026-06-02T19:58:17]   hero-fix car-insurance-broker-singapore: https://therightworkshop.com/wp-content/uploads/2026/05/04-insurance-broker-LOCKED.webp -> https://therightworkshop.com/wp-content/uploads/2026/05/04-insurance-broker-LOCKED.jpg
[2026-06-02T19:58:17]   hero-fix pre-purchase-car-inspection-singapore: https://therightworkshop.com/wp-content/uploads/2026/05/06-inspection-LOCKED.webp -> https://therightworkshop.com/wp-content/uploads/2026/05/06-inspection-LOCKED.jpg
[2026-06-02T19:58:17]   hero-fix cheapest-car-workshop-singapore: https://therightworkshop.com/wp-content/uploads/2026/05/07-workshop-LOCKED.webp -> https://therightworkshop.com/wp-content/uploads/2026/05/07-workshop-LOCKED.jpg
[2026-06-02T19:58:17]   hero-fix car-insurance-premium-factors-singapore: https://therightworkshop.com/wp-content/uploads/2026/05/05-insurance-premium-LOCKED.webp -> https://therightworkshop.com/wp-content/uploads/2026/05/05-insurance-premium-LOCKED.jpg
[2026-06-02T19:58:17]   hero-fix coe-explained: https://therightworkshop.com/wp-content/uploads/2026/05/COE_Explained_Hero_-_Singapore_Marina_Expressway.webp -> https://therightworkshop.com/wp-content/uploads/2026/05/COE_Explained_Hero_-_Singapore_Marina_Expressway.jpg
[2026-06-02T19:58:17]   hero-fix cat-a-vs-cat-b-singapore: https://therightworkshop.com/wp-content/uploads/2026/05/singapore-expressway-cat-a-cat-b-coe-cars.webp -> https://therightworkshop.com/wp-content/uploads/2026/05/singapore-expressway-cat-a-cat-b-coe-cars.jpg
[2026-06-02T19:58:17]   hero-fix coe-results-explained: https://therightworkshop.com/wp-content/uploads/2026/05/how-to-read-coe-results-singapore-hero.webp -> https://therightworkshop.com/wp-content/uploads/2026/05/how-to-read-coe-results-singapore-hero.jpg
[2026-06-02T19:58:17]   hero-fix coe-renewal-singapore: https://therightworkshop.com/wp-content/uploads/2026/05/01-coe-renewal-LOCKED.webp -> https://therightworkshop.com/wp-content/uploads/2026/05/01-coe-renewal-LOCKED.jpg
[2026-06-02T19:58:17]   hero-fix coe-export-car-singapore: https://therightworkshop.com/wp-content/uploads/2026/05/02-coe-export-LOCKED.webp -> https://therightworkshop.com/wp-content/uploads/2026/05/02-coe-export-LOCKED.jpg
[2026-06-02T19:58:17]   hero-fix scrap-car-singapore: https://therightworkshop.com/wp-content/uploads/2026/05/03-coe-scrap-LOCKED.webp -> https://therightworkshop.com/wp-content/uploads/2026/05/03-coe-scrap-LOCKED.jpg
[2026-06-02T19:58:17]   hero-fix coe-renewal-vs-scrap-singapore-guide: https://therightworkshop.com/wp-content/uploads/2026/04/nb_post7_coe_renewal_v1-1.webp -> https://therightworkshop.com/wp-content/uploads/2026/04/nb_post7_coe_renewal_v1-1.jpg
[2026-06-02T19:58:17]   hero-fix what-is-the-right-workshop-singapore: https://therightworkshop.com/wp-content/uploads/2026/04/nb_servicing_oilpour_v2.webp -> https://therightworkshop.com/wp-content/uploads/2026/04/nb_servicing_oilpour_v2.jpg
[2026-06-02T19:58:17]   hero-fix how-to-read-workshop-quote-singapore: https://therightworkshop.com/wp-content/uploads/2026/04/nb_post_read-quote_v1.webp -> https://therightworkshop.com/wp-content/uploads/2026/04/nb_post_read-quote_v1.jpg
[2026-06-02T19:58:17]   hero-fix brake-pads-rotors-singapore-when-to-change: https://therightworkshop.com/wp-content/uploads/2026/04/nb_post5_brake_pads_v1-1.webp -> https://therightworkshop.com/wp-content/uploads/2026/04/nb_post5_brake_pads_v1-1.jpg
[2026-06-02T19:58:17]   hero-fix erp-2-0-singapore-2026: https://therightworkshop.com/wp-content/uploads/2026/05/erp-2-0-gantry-singapore-hero.webp -> https://therightworkshop.com/wp-content/uploads/2026/05/erp-2-0-gantry-singapore-hero.jpg
[2026-06-02T19:58:17]   hero-fix erp-2-obu-now-mandatory-key-dates-and-penalties-for-singapore-drivers: https://therightworkshop.com/wp-content/uploads/2026/05/news_b_6279_jfjhmcir.png -> https://therightworkshop.com/wp-content/uploads/2026/05/6279_v2.png
[2026-06-02T19:58:17]   hero-fix vep-and-gvp-fees-rise-from-january-2027-for-foreign-vehicles: https://therightworkshop.com/wp-content/uploads/2026/05/news_b_6199_o95pzkv3.png -> https://therightworkshop.com/wp-content/uploads/2026/05/6199_v2.png
[2026-06-02T19:58:17]   hero-fix singapore-ev-licence-plates-lta-and-scdf-begin-design-consultation: https://therightworkshop.com/wp-content/uploads/2026/05/news_b_6193_ahyant0o.png -> https://therightworkshop.com/wp-content/uploads/2026/05/6193_v2.png
[2026-06-02T19:58:17]   hero-fix singapore-parf-rebate-schedule-and-cap-revised-from-feb-2026: https://therightworkshop.com/wp-content/uploads/2026/05/news_b_6187_288qizix.png -> https://therightworkshop.com/wp-content/uploads/2026/05/6187_v2.png
[2026-06-02T19:58:17]   hero-fix car-servicing: https://therightworkshop.com/wp-content/uploads/2026/04/logo-white-on-transparent-padded.webp -> https://therightworkshop.com/wp-content/uploads/2026/04/logo-white-on-transparent.png
[2026-06-02T19:58:17]   hero-fix services: https://therightworkshop.com/wp-content/uploads/2026/04/nb_servicing_oilpour_v2.webp -> https://therightworkshop.com/wp-content/uploads/2026/04/nb_servicing_oilpour_v2.jpg
[2026-06-02T20:00:05] featured_media fix: erp-2-obu-now-mandatory-key-dates-and-penalties-for-singapore-drivers page=6279 6829 -> 7452
[2026-06-02T20:00:06] featured_media fix: vep-and-gvp-fees-rise-from-january-2027-for-foreign-vehicles page=6199 6835 -> 7448
[2026-06-02T20:00:08] featured_media fix: singapore-ev-licence-plates-lta-and-scdf-begin-design-consultation page=6193 6840 -> 7450
[2026-06-02T20:00:09] featured_media fix: singapore-parf-rebate-schedule-and-cap-revised-from-feb-2026 page=6187 6845 -> 7446
[2026-06-03T20:03:44] PUSH ok: featured='Cat A vs Cat B COE in Singapore: The Real Difference' (/cat-a-vs-cat-b-singapore/), hero_fixes=20, bucket=8
[2026-06-03T20:03:44]   hero-fix car-insurance-broker-singapore: https://therightworkshop.com/wp-content/uploads/2026/05/04-insurance-broker-LOCKED.webp -> https://therightworkshop.com/wp-content/uploads/2026/05/04-insurance-broker-LOCKED.jpg
[2026-06-03T20:03:44]   hero-fix pre-purchase-car-inspection-singapore: https://therightworkshop.com/wp-content/uploads/2026/05/06-inspection-LOCKED.webp -> https://therightworkshop.com/wp-content/uploads/2026/05/06-inspection-LOCKED.jpg
[2026-06-03T20:03:44]   hero-fix cheapest-car-workshop-singapore: https://therightworkshop.com/wp-content/uploads/2026/05/07-workshop-LOCKED.webp -> https://therightworkshop.com/wp-content/uploads/2026/05/07-workshop-LOCKED.jpg
[2026-06-03T20:03:44]   hero-fix car-insurance-premium-factors-singapore: https://therightworkshop.com/wp-content/uploads/2026/05/05-insurance-premium-LOCKED.webp -> https://therightworkshop.com/wp-content/uploads/2026/05/05-insurance-premium-LOCKED.jpg
[2026-06-03T20:03:44]   hero-fix coe-explained: https://therightworkshop.com/wp-content/uploads/2026/05/COE_Explained_Hero_-_Singapore_Marina_Expressway.webp -> https://therightworkshop.com/wp-content/uploads/2026/05/COE_Explained_Hero_-_Singapore_Marina_Expressway.jpg
[2026-06-03T20:03:44]   hero-fix cat-a-vs-cat-b-singapore: https://therightworkshop.com/wp-content/uploads/2026/05/singapore-expressway-cat-a-cat-b-coe-cars.webp -> https://therightworkshop.com/wp-content/uploads/2026/05/singapore-expressway-cat-a-cat-b-coe-cars.jpg
[2026-06-03T20:03:44]   hero-fix coe-results-explained: https://therightworkshop.com/wp-content/uploads/2026/05/how-to-read-coe-results-singapore-hero.webp -> https://therightworkshop.com/wp-content/uploads/2026/05/how-to-read-coe-results-singapore-hero.jpg
[2026-06-03T20:03:44]   hero-fix coe-renewal-singapore: https://therightworkshop.com/wp-content/uploads/2026/05/01-coe-renewal-LOCKED.webp -> https://therightworkshop.com/wp-content/uploads/2026/05/01-coe-renewal-LOCKED.jpg
[2026-06-03T20:03:44]   hero-fix coe-export-car-singapore: https://therightworkshop.com/wp-content/uploads/2026/05/02-coe-export-LOCKED.webp -> https://therightworkshop.com/wp-content/uploads/2026/05/02-coe-export-LOCKED.jpg
[2026-06-03T20:03:44]   hero-fix scrap-car-singapore: https://therightworkshop.com/wp-content/uploads/2026/05/03-coe-scrap-LOCKED.webp -> https://therightworkshop.com/wp-content/uploads/2026/05/03-coe-scrap-LOCKED.jpg
[2026-06-03T20:03:44]   hero-fix coe-renewal-vs-scrap-singapore-guide: https://therightworkshop.com/wp-content/uploads/2026/04/nb_post7_coe_renewal_v1-1.webp -> https://therightworkshop.com/wp-content/uploads/2026/04/nb_post7_coe_renewal_v1-1.jpg
[2026-06-03T20:03:44]   hero-fix what-is-the-right-workshop-singapore: https://therightworkshop.com/wp-content/uploads/2026/04/nb_servicing_oilpour_v2.webp -> https://therightworkshop.com/wp-content/uploads/2026/04/nb_servicing_oilpour_v2.jpg
[2026-06-03T20:03:44]   hero-fix how-to-read-workshop-quote-singapore: https://therightworkshop.com/wp-content/uploads/2026/04/nb_post_read-quote_v1.webp -> https://therightworkshop.com/wp-content/uploads/2026/04/nb_post_read-quote_v1.jpg
[2026-06-03T20:03:44]   hero-fix brake-pads-rotors-singapore-when-to-change: https://therightworkshop.com/wp-content/uploads/2026/04/nb_post5_brake_pads_v1-1.webp -> https://therightworkshop.com/wp-content/uploads/2026/04/nb_post5_brake_pads_v1-1.jpg
[2026-06-03T20:03:44]   hero-fix erp-2-0-singapore-2026: https://therightworkshop.com/wp-content/uploads/2026/05/erp-2-0-gantry-singapore-hero.webp -> https://therightworkshop.com/wp-content/uploads/2026/05/erp-2-0-gantry-singapore-hero.jpg
[2026-06-03T20:03:44]   hero-fix vep-and-gvp-fees-rise-from-january-2027-for-foreign-vehicles: https://therightworkshop.com/wp-content/uploads/2026/05/news_b_6199_o95pzkv3.png -> https://therightworkshop.com/wp-content/uploads/2026/05/6199_v2.png
[2026-06-03T20:03:44]   hero-fix singapore-ev-licence-plates-lta-and-scdf-begin-design-consultation: https://therightworkshop.com/wp-content/uploads/2026/05/news_b_6193_ahyant0o.png -> https://therightworkshop.com/wp-content/uploads/2026/05/6193_v2.png
[2026-06-03T20:03:44]   hero-fix singapore-parf-rebate-schedule-and-cap-revised-from-feb-2026: https://therightworkshop.com/wp-content/uploads/2026/05/news_b_6187_288qizix.png -> https://therightworkshop.com/wp-content/uploads/2026/05/6187_v2.png
[2026-06-03T20:03:44]   hero-fix car-servicing: https://therightworkshop.com/wp-content/uploads/2026/04/logo-white-on-transparent-padded.webp -> https://therightworkshop.com/wp-content/uploads/2026/04/logo-white-on-transparent.png
[2026-06-03T20:03:44]   hero-fix services: https://therightworkshop.com/wp-content/uploads/2026/04/nb_servicing_oilpour_v2.webp -> https://therightworkshop.com/wp-content/uploads/2026/04/nb_servicing_oilpour_v2.jpg
[2026-06-03T20:05:22] featured_media fix: erp-2-obu-now-mandatory-key-dates-and-penalties-for-singapore-drivers page=6279 6829 -> 7452
[2026-06-03T20:05:26] featured_media fix: vep-and-gvp-fees-rise-from-january-2027-for-foreign-vehicles page=6199 6835 -> 7448
[2026-06-03T20:05:27] featured_media fix: singapore-ev-licence-plates-lta-and-scdf-begin-design-consultation page=6193 6840 -> 7450
[2026-06-03T20:05:29] featured_media fix: singapore-parf-rebate-schedule-and-cap-revised-from-feb-2026 page=6187 6845 -> 7446
[2026-06-04T18:35:57] PUSH ok: featured='Cat A vs Cat B COE in Singapore: The Real Difference' (/cat-a-vs-cat-b-singapore/), hero_fixes=21, bucket=8
[2026-06-04T18:35:57]   hero-fix car-insurance-broker-singapore: https://therightworkshop.com/wp-content/uploads/2026/05/04-insurance-broker-LOCKED.webp -> https://therightworkshop.com/wp-content/uploads/2026/05/04-insurance-broker-LOCKED.jpg
[2026-06-04T18:35:57]   hero-fix pre-purchase-car-inspection-singapore: https://therightworkshop.com/wp-content/uploads/2026/05/06-inspection-LOCKED.webp -> https://therightworkshop.com/wp-content/uploads/2026/05/06-inspection-LOCKED.jpg
[2026-06-04T18:35:57]   hero-fix cheapest-car-workshop-singapore: https://therightworkshop.com/wp-content/uploads/2026/05/07-workshop-LOCKED.webp -> https://therightworkshop.com/wp-content/uploads/2026/05/07-workshop-LOCKED.jpg
[2026-06-04T18:35:57]   hero-fix car-insurance-premium-factors-singapore: https://therightworkshop.com/wp-content/uploads/2026/05/05-insurance-premium-LOCKED.webp -> https://therightworkshop.com/wp-content/uploads/2026/05/05-insurance-premium-LOCKED.jpg
[2026-06-04T18:35:57]   hero-fix coe-explained: https://therightworkshop.com/wp-content/uploads/2026/05/COE_Explained_Hero_-_Singapore_Marina_Expressway.webp -> https://therightworkshop.com/wp-content/uploads/2026/05/COE_Explained_Hero_-_Singapore_Marina_Expressway.jpg
[2026-06-04T18:35:57]   hero-fix cat-a-vs-cat-b-singapore: https://therightworkshop.com/wp-content/uploads/2026/05/singapore-expressway-cat-a-cat-b-coe-cars.webp -> https://therightworkshop.com/wp-content/uploads/2026/05/singapore-expressway-cat-a-cat-b-coe-cars.jpg
[2026-06-04T18:35:57]   hero-fix coe-results-explained: https://therightworkshop.com/wp-content/uploads/2026/05/how-to-read-coe-results-singapore-hero.webp -> https://therightworkshop.com/wp-content/uploads/2026/05/how-to-read-coe-results-singapore-hero.jpg
[2026-06-04T18:35:57]   hero-fix coe-renewal-singapore: https://therightworkshop.com/wp-content/uploads/2026/05/01-coe-renewal-LOCKED.webp -> https://therightworkshop.com/wp-content/uploads/2026/05/01-coe-renewal-LOCKED.jpg
[2026-06-04T18:35:57]   hero-fix coe-export-car-singapore: https://therightworkshop.com/wp-content/uploads/2026/05/02-coe-export-LOCKED.webp -> https://therightworkshop.com/wp-content/uploads/2026/05/02-coe-export-LOCKED.jpg
[2026-06-04T18:35:57]   hero-fix scrap-car-singapore: https://therightworkshop.com/wp-content/uploads/2026/05/03-coe-scrap-LOCKED.webp -> https://therightworkshop.com/wp-content/uploads/2026/05/03-coe-scrap-LOCKED.jpg
[2026-06-04T18:35:57]   hero-fix coe-renewal-vs-scrap-singapore-guide: https://therightworkshop.com/wp-content/uploads/2026/04/nb_post7_coe_renewal_v1-1.webp -> https://therightworkshop.com/wp-content/uploads/2026/04/nb_post7_coe_renewal_v1-1.jpg
[2026-06-04T18:35:57]   hero-fix what-is-the-right-workshop-singapore: https://therightworkshop.com/wp-content/uploads/2026/04/nb_servicing_oilpour_v2.webp -> https://therightworkshop.com/wp-content/uploads/2026/04/nb_servicing_oilpour_v2.jpg
[2026-06-04T18:35:57]   hero-fix how-to-read-workshop-quote-singapore: https://therightworkshop.com/wp-content/uploads/2026/04/nb_post_read-quote_v1.webp -> https://therightworkshop.com/wp-content/uploads/2026/04/nb_post_read-quote_v1.jpg
[2026-06-04T18:35:57]   hero-fix brake-pads-rotors-singapore-when-to-change: https://therightworkshop.com/wp-content/uploads/2026/04/nb_post5_brake_pads_v1-1.webp -> https://therightworkshop.com/wp-content/uploads/2026/04/nb_post5_brake_pads_v1-1.jpg
[2026-06-04T18:35:57]   hero-fix erp-2-0-singapore-2026: https://therightworkshop.com/wp-content/uploads/2026/05/erp-2-0-gantry-singapore-hero.webp -> https://therightworkshop.com/wp-content/uploads/2026/05/erp-2-0-gantry-singapore-hero.jpg
[2026-06-04T18:35:57]   hero-fix erp-2-obu-now-mandatory-key-dates-and-penalties-for-singapore-drivers: https://therightworkshop.com/wp-content/uploads/2026/05/news_b_6279_jfjhmcir.png -> https://therightworkshop.com/wp-content/uploads/2026/05/6279_v2.png
[2026-06-04T18:35:57]   hero-fix vep-and-gvp-fees-rise-from-january-2027-for-foreign-vehicles: https://therightworkshop.com/wp-content/uploads/2026/05/news_b_6199_o95pzkv3.png -> https://therightworkshop.com/wp-content/uploads/2026/05/6199_v2.png
[2026-06-04T18:35:57]   hero-fix singapore-ev-licence-plates-lta-and-scdf-begin-design-consultation: https://therightworkshop.com/wp-content/uploads/2026/05/news_b_6193_ahyant0o.png -> https://therightworkshop.com/wp-content/uploads/2026/05/6193_v2.png
[2026-06-04T18:35:57]   hero-fix singapore-parf-rebate-schedule-and-cap-revised-from-feb-2026: https://therightworkshop.com/wp-content/uploads/2026/05/news_b_6187_288qizix.png -> https://therightworkshop.com/wp-content/uploads/2026/05/6187_v2.png
[2026-06-04T18:35:57]   hero-fix car-servicing: https://therightworkshop.com/wp-content/uploads/2026/04/logo-white-on-transparent-padded.webp -> https://therightworkshop.com/wp-content/uploads/2026/04/logo-white-on-transparent.png
[2026-06-04T18:35:57]   hero-fix services: https://therightworkshop.com/wp-content/uploads/2026/04/nb_servicing_oilpour_v2.webp -> https://therightworkshop.com/wp-content/uploads/2026/04/nb_servicing_oilpour_v2.jpg
[2026-06-04T18:37:48] featured_media fix: erp-2-obu-now-mandatory-key-dates-and-penalties-for-singapore-drivers page=6279 6829 -> 7452
[2026-06-04T18:37:50] featured_media fix: vep-and-gvp-fees-rise-from-january-2027-for-foreign-vehicles page=6199 6835 -> 7448
[2026-06-04T18:37:52] featured_media fix: singapore-ev-licence-plates-lta-and-scdf-begin-design-consultation page=6193 6840 -> 7450
[2026-06-04T18:37:54] featured_media fix: singapore-parf-rebate-schedule-and-cap-revised-from-feb-2026 page=6187 6845 -> 7446
[2026-06-05T18:23:58] PUSH ok: featured='Cat A vs Cat B COE in Singapore: The Real Difference' (/cat-a-vs-cat-b-singapore/), hero_fixes=17, bucket=8
[2026-06-05T18:23:58]   hero-fix car-insurance-broker-singapore: https://therightworkshop.com/wp-content/uploads/2026/05/04-insurance-broker-LOCKED.webp -> https://therightworkshop.com/wp-content/uploads/2026/05/04-insurance-broker-LOCKED.jpg
[2026-06-05T18:23:58]   hero-fix pre-purchase-car-inspection-singapore: https://therightworkshop.com/wp-content/uploads/2026/05/06-inspection-LOCKED.webp -> https://therightworkshop.com/wp-content/uploads/2026/05/06-inspection-LOCKED.jpg
[2026-06-05T18:23:58]   hero-fix cheapest-car-workshop-singapore: https://therightworkshop.com/wp-content/uploads/2026/05/07-workshop-LOCKED.webp -> https://therightworkshop.com/wp-content/uploads/2026/05/07-workshop-LOCKED.jpg
[2026-06-05T18:23:58]   hero-fix car-insurance-premium-factors-singapore: https://therightworkshop.com/wp-content/uploads/2026/05/05-insurance-premium-LOCKED.webp -> https://therightworkshop.com/wp-content/uploads/2026/05/05-insurance-premium-LOCKED.jpg
[2026-06-05T18:23:58]   hero-fix coe-explained: https://therightworkshop.com/wp-content/uploads/2026/05/COE_Explained_Hero_-_Singapore_Marina_Expressway.webp -> https://therightworkshop.com/wp-content/uploads/2026/05/COE_Explained_Hero_-_Singapore_Marina_Expressway.jpg
[2026-06-05T18:23:58]   hero-fix cat-a-vs-cat-b-singapore: https://therightworkshop.com/wp-content/uploads/2026/05/singapore-expressway-cat-a-cat-b-coe-cars.webp -> https://therightworkshop.com/wp-content/uploads/2026/05/singapore-expressway-cat-a-cat-b-coe-cars.jpg
[2026-06-05T18:23:58]   hero-fix coe-results-explained: https://therightworkshop.com/wp-content/uploads/2026/05/how-to-read-coe-results-singapore-hero.webp -> https://therightworkshop.com/wp-content/uploads/2026/05/how-to-read-coe-results-singapore-hero.jpg
[2026-06-05T18:23:58]   hero-fix coe-renewal-singapore: https://therightworkshop.com/wp-content/uploads/2026/05/01-coe-renewal-LOCKED.webp -> https://therightworkshop.com/wp-content/uploads/2026/05/01-coe-renewal-LOCKED.jpg
[2026-06-05T18:23:58]   hero-fix coe-export-car-singapore: https://therightworkshop.com/wp-content/uploads/2026/05/02-coe-export-LOCKED.webp -> https://therightworkshop.com/wp-content/uploads/2026/05/02-coe-export-LOCKED.jpg
[2026-06-05T18:23:58]   hero-fix scrap-car-singapore: https://therightworkshop.com/wp-content/uploads/2026/05/03-coe-scrap-LOCKED.webp -> https://therightworkshop.com/wp-content/uploads/2026/05/03-coe-scrap-LOCKED.jpg
[2026-06-05T18:23:58]   hero-fix coe-renewal-vs-scrap-singapore-guide: https://therightworkshop.com/wp-content/uploads/2026/04/nb_post7_coe_renewal_v1-1.webp -> https://therightworkshop.com/wp-content/uploads/2026/04/nb_post7_coe_renewal_v1-1.jpg
[2026-06-05T18:23:58]   hero-fix what-is-the-right-workshop-singapore: https://therightworkshop.com/wp-content/uploads/2026/04/nb_servicing_oilpour_v2.webp -> https://therightworkshop.com/wp-content/uploads/2026/04/nb_servicing_oilpour_v2.jpg
[2026-06-05T18:23:58]   hero-fix how-to-read-workshop-quote-singapore: https://therightworkshop.com/wp-content/uploads/2026/04/nb_post_read-quote_v1.webp -> https://therightworkshop.com/wp-content/uploads/2026/04/nb_post_read-quote_v1.jpg
[2026-06-05T18:23:58]   hero-fix brake-pads-rotors-singapore-when-to-change: https://therightworkshop.com/wp-content/uploads/2026/04/nb_post5_brake_pads_v1-1.webp -> https://therightworkshop.com/wp-content/uploads/2026/04/nb_post5_brake_pads_v1-1.jpg
[2026-06-05T18:23:58]   hero-fix erp-2-0-singapore-2026: https://therightworkshop.com/wp-content/uploads/2026/05/erp-2-0-gantry-singapore-hero.webp -> https://therightworkshop.com/wp-content/uploads/2026/05/erp-2-0-gantry-singapore-hero.jpg
[2026-06-05T18:23:58]   hero-fix car-servicing: https://therightworkshop.com/wp-content/uploads/2026/04/logo-white-on-transparent-padded.webp -> https://therightworkshop.com/wp-content/uploads/2026/04/logo-white-on-transparent.png
[2026-06-05T18:23:58]   hero-fix services: https://therightworkshop.com/wp-content/uploads/2026/04/nb_servicing_oilpour_v2.webp -> https://therightworkshop.com/wp-content/uploads/2026/04/nb_servicing_oilpour_v2.jpg
[2026-06-06T17:43:27] PUSH ok: featured='Cat A vs Cat B COE in Singapore: The Real Difference' (/cat-a-vs-cat-b-singapore/), hero_fixes=17, bucket=8
[2026-06-06T17:43:27]   hero-fix car-insurance-broker-singapore: https://therightworkshop.com/wp-content/uploads/2026/05/04-insurance-broker-LOCKED.webp -> https://therightworkshop.com/wp-content/uploads/2026/05/04-insurance-broker-LOCKED.jpg
[2026-06-06T17:43:27]   hero-fix pre-purchase-car-inspection-singapore: https://therightworkshop.com/wp-content/uploads/2026/05/06-inspection-LOCKED.webp -> https://therightworkshop.com/wp-content/uploads/2026/05/06-inspection-LOCKED.jpg
[2026-06-06T17:43:27]   hero-fix cheapest-car-workshop-singapore: https://therightworkshop.com/wp-content/uploads/2026/05/07-workshop-LOCKED.webp -> https://therightworkshop.com/wp-content/uploads/2026/05/07-workshop-LOCKED.jpg
[2026-06-06T17:43:27]   hero-fix car-insurance-premium-factors-singapore: https://therightworkshop.com/wp-content/uploads/2026/05/05-insurance-premium-LOCKED.webp -> https://therightworkshop.com/wp-content/uploads/2026/05/05-insurance-premium-LOCKED.jpg
[2026-06-06T17:43:27]   hero-fix coe-explained: https://therightworkshop.com/wp-content/uploads/2026/05/COE_Explained_Hero_-_Singapore_Marina_Expressway.webp -> https://therightworkshop.com/wp-content/uploads/2026/05/COE_Explained_Hero_-_Singapore_Marina_Expressway.jpg
[2026-06-06T17:43:27]   hero-fix cat-a-vs-cat-b-singapore: https://therightworkshop.com/wp-content/uploads/2026/05/singapore-expressway-cat-a-cat-b-coe-cars.webp -> https://therightworkshop.com/wp-content/uploads/2026/05/singapore-expressway-cat-a-cat-b-coe-cars.jpg
[2026-06-06T17:43:27]   hero-fix coe-results-explained: https://therightworkshop.com/wp-content/uploads/2026/05/how-to-read-coe-results-singapore-hero.webp -> https://therightworkshop.com/wp-content/uploads/2026/05/how-to-read-coe-results-singapore-hero.jpg
[2026-06-06T17:43:27]   hero-fix coe-renewal-singapore: https://therightworkshop.com/wp-content/uploads/2026/05/01-coe-renewal-LOCKED.webp -> https://therightworkshop.com/wp-content/uploads/2026/05/01-coe-renewal-LOCKED.jpg
[2026-06-06T17:43:27]   hero-fix coe-export-car-singapore: https://therightworkshop.com/wp-content/uploads/2026/05/02-coe-export-LOCKED.webp -> https://therightworkshop.com/wp-content/uploads/2026/05/02-coe-export-LOCKED.jpg
[2026-06-06T17:43:27]   hero-fix scrap-car-singapore: https://therightworkshop.com/wp-content/uploads/2026/05/03-coe-scrap-LOCKED.webp -> https://therightworkshop.com/wp-content/uploads/2026/05/03-coe-scrap-LOCKED.jpg
[2026-06-06T17:43:27]   hero-fix coe-renewal-vs-scrap-singapore-guide: https://therightworkshop.com/wp-content/uploads/2026/04/nb_post7_coe_renewal_v1-1.webp -> https://therightworkshop.com/wp-content/uploads/2026/04/nb_post7_coe_renewal_v1-1.jpg
[2026-06-06T17:43:27]   hero-fix what-is-the-right-workshop-singapore: https://therightworkshop.com/wp-content/uploads/2026/04/nb_servicing_oilpour_v2.webp -> https://therightworkshop.com/wp-content/uploads/2026/04/nb_servicing_oilpour_v2.jpg
[2026-06-06T17:43:27]   hero-fix how-to-read-workshop-quote-singapore: https://therightworkshop.com/wp-content/uploads/2026/04/nb_post_read-quote_v1.webp -> https://therightworkshop.com/wp-content/uploads/2026/04/nb_post_read-quote_v1.jpg
[2026-06-06T17:43:27]   hero-fix brake-pads-rotors-singapore-when-to-change: https://therightworkshop.com/wp-content/uploads/2026/04/nb_post5_brake_pads_v1-1.webp -> https://therightworkshop.com/wp-content/uploads/2026/04/nb_post5_brake_pads_v1-1.jpg
[2026-06-06T17:43:27]   hero-fix erp-2-0-singapore-2026: https://therightworkshop.com/wp-content/uploads/2026/05/erp-2-0-gantry-singapore-hero.webp -> https://therightworkshop.com/wp-content/uploads/2026/05/erp-2-0-gantry-singapore-hero.jpg
[2026-06-06T17:43:27]   hero-fix car-servicing: https://therightworkshop.com/wp-content/uploads/2026/04/logo-white-on-transparent-padded.webp -> https://therightworkshop.com/wp-content/uploads/2026/04/logo-white-on-transparent.png
[2026-06-06T17:43:27]   hero-fix services: https://therightworkshop.com/wp-content/uploads/2026/04/nb_servicing_oilpour_v2.webp -> https://therightworkshop.com/wp-content/uploads/2026/04/nb_servicing_oilpour_v2.jpg
[2026-06-07T09:14:52] PUSH ok: featured='Why the Cheapest Car Workshop in Singapore Usually Costs You More' (/cheapest-car-workshop-singapore/), hero_fixes=19, bucket=8
[2026-06-07T09:14:52]   hero-fix car-insurance-broker-singapore: https://therightworkshop.com/wp-content/uploads/2026/05/04-insurance-broker-LOCKED.webp -> https://therightworkshop.com/wp-content/uploads/2026/05/04-insurance-broker-LOCKED.jpg
[2026-06-07T09:14:52]   hero-fix pre-purchase-car-inspection-singapore: https://therightworkshop.com/wp-content/uploads/2026/05/06-inspection-LOCKED.webp -> https://therightworkshop.com/wp-content/uploads/2026/05/06-inspection-LOCKED.jpg
[2026-06-07T09:14:52]   hero-fix cheapest-car-workshop-singapore: https://therightworkshop.com/wp-content/uploads/2026/05/07-workshop-LOCKED.webp -> https://therightworkshop.com/wp-content/uploads/2026/05/07-workshop-LOCKED.jpg
[2026-06-07T09:14:52]   hero-fix car-insurance-premium-factors-singapore: https://therightworkshop.com/wp-content/uploads/2026/05/05-insurance-premium-LOCKED.webp -> https://therightworkshop.com/wp-content/uploads/2026/05/05-insurance-premium-LOCKED.jpg
[2026-06-07T09:14:52]   hero-fix coe-explained: https://therightworkshop.com/wp-content/uploads/2026/05/COE_Explained_Hero_-_Singapore_Marina_Expressway.webp -> https://therightworkshop.com/wp-content/uploads/2026/05/COE_Explained_Hero_-_Singapore_Marina_Expressway.jpg
[2026-06-07T09:14:52]   hero-fix cat-a-vs-cat-b-singapore: https://therightworkshop.com/wp-content/uploads/2026/05/singapore-expressway-cat-a-cat-b-coe-cars.webp -> https://therightworkshop.com/wp-content/uploads/2026/05/singapore-expressway-cat-a-cat-b-coe-cars.jpg
[2026-06-07T09:14:52]   hero-fix coe-results-explained: https://therightworkshop.com/wp-content/uploads/2026/05/how-to-read-coe-results-singapore-hero.webp -> https://therightworkshop.com/wp-content/uploads/2026/05/how-to-read-coe-results-singapore-hero.jpg
[2026-06-07T09:14:52]   hero-fix coe-renewal-singapore: https://therightworkshop.com/wp-content/uploads/2026/05/01-coe-renewal-LOCKED.webp -> https://therightworkshop.com/wp-content/uploads/2026/05/01-coe-renewal-LOCKED.jpg
[2026-06-07T09:14:52]   hero-fix coe-export-car-singapore: https://therightworkshop.com/wp-content/uploads/2026/05/02-coe-export-LOCKED.webp -> https://therightworkshop.com/wp-content/uploads/2026/05/02-coe-export-LOCKED.jpg
[2026-06-07T09:14:52]   hero-fix scrap-car-singapore: https://therightworkshop.com/wp-content/uploads/2026/05/03-coe-scrap-LOCKED.webp -> https://therightworkshop.com/wp-content/uploads/2026/05/03-coe-scrap-LOCKED.jpg
[2026-06-07T09:14:52]   hero-fix coe-renewal-vs-scrap-singapore-guide: https://therightworkshop.com/wp-content/uploads/2026/04/nb_post7_coe_renewal_v1-1.webp -> https://therightworkshop.com/wp-content/uploads/2026/04/nb_post7_coe_renewal_v1-1.jpg
[2026-06-07T09:14:52]   hero-fix what-is-the-right-workshop-singapore: https://therightworkshop.com/wp-content/uploads/2026/04/nb_servicing_oilpour_v2.webp -> https://therightworkshop.com/wp-content/uploads/2026/04/nb_servicing_oilpour_v2.jpg
[2026-06-07T09:14:52]   hero-fix how-to-read-workshop-quote-singapore: https://therightworkshop.com/wp-content/uploads/2026/04/nb_post_read-quote_v1.webp -> https://therightworkshop.com/wp-content/uploads/2026/04/nb_post_read-quote_v1.jpg
[2026-06-07T09:14:52]   hero-fix brake-pads-rotors-singapore-when-to-change: https://therightworkshop.com/wp-content/uploads/2026/04/nb_post5_brake_pads_v1-1.webp -> https://therightworkshop.com/wp-content/uploads/2026/04/nb_post5_brake_pads_v1-1.jpg
[2026-06-07T09:14:52]   hero-fix erp-2-0-singapore-2026: https://therightworkshop.com/wp-content/uploads/2026/05/erp-2-0-gantry-singapore-hero.webp -> https://therightworkshop.com/wp-content/uploads/2026/05/erp-2-0-gantry-singapore-hero.jpg
[2026-06-07T09:14:52]   hero-fix erp-2-obu-now-mandatory-key-dates-and-penalties-for-singapore-drivers: https://therightworkshop.com/wp-content/uploads/2026/05/news_b_6279_jfjhmcir.png -> https://therightworkshop.com/wp-content/uploads/2026/05/6279_v2.png
[2026-06-07T09:14:52]   hero-fix vep-and-gvp-fees-rise-from-january-2027-for-foreign-vehicles: https://therightworkshop.com/wp-content/uploads/2026/05/news_b_6199_o95pzkv3.png -> https://therightworkshop.com/wp-content/uploads/2026/05/6199_v2.png
[2026-06-07T09:14:52]   hero-fix singapore-ev-licence-plates-lta-and-scdf-begin-design-consultation: https://therightworkshop.com/wp-content/uploads/2026/05/news_b_6193_ahyant0o.png -> https://therightworkshop.com/wp-content/uploads/2026/05/6193_v2.png
[2026-06-07T09:14:52]   hero-fix singapore-parf-rebate-schedule-and-cap-revised-from-feb-2026: https://therightworkshop.com/wp-content/uploads/2026/05/news_b_6187_288qizix.png -> https://therightworkshop.com/wp-content/uploads/2026/05/6187_v2.png
[2026-06-07T09:16:13] featured_media fix: erp-2-obu-now-mandatory-key-dates-and-penalties-for-singapore-drivers page=6279 6829 -> 7452
[2026-06-07T09:16:14] featured_media fix: vep-and-gvp-fees-rise-from-january-2027-for-foreign-vehicles page=6199 6835 -> 7448
[2026-06-07T09:16:15] featured_media fix: singapore-ev-licence-plates-lta-and-scdf-begin-design-consultation page=6193 6840 -> 7450
[2026-06-07T09:16:16] featured_media fix: singapore-parf-rebate-schedule-and-cap-revised-from-feb-2026 page=6187 6845 -> 7446
[2026-06-07T17:48:34] PUSH ok: featured='Why the Cheapest Car Workshop in Singapore Usually Costs You More' (/cheapest-car-workshop-singapore/), hero_fixes=19, bucket=8
[2026-06-07T17:48:34]   hero-fix car-insurance-broker-singapore: https://therightworkshop.com/wp-content/uploads/2026/05/04-insurance-broker-LOCKED.webp -> https://therightworkshop.com/wp-content/uploads/2026/05/04-insurance-broker-LOCKED.jpg
[2026-06-07T17:48:34]   hero-fix pre-purchase-car-inspection-singapore: https://therightworkshop.com/wp-content/uploads/2026/05/06-inspection-LOCKED.webp -> https://therightworkshop.com/wp-content/uploads/2026/05/06-inspection-LOCKED.jpg
[2026-06-07T17:48:34]   hero-fix cheapest-car-workshop-singapore: https://therightworkshop.com/wp-content/uploads/2026/05/07-workshop-LOCKED.webp -> https://therightworkshop.com/wp-content/uploads/2026/05/07-workshop-LOCKED.jpg
[2026-06-07T17:48:34]   hero-fix car-insurance-premium-factors-singapore: https://therightworkshop.com/wp-content/uploads/2026/05/05-insurance-premium-LOCKED.webp -> https://therightworkshop.com/wp-content/uploads/2026/05/05-insurance-premium-LOCKED.jpg
[2026-06-07T17:48:34]   hero-fix coe-explained: https://therightworkshop.com/wp-content/uploads/2026/05/COE_Explained_Hero_-_Singapore_Marina_Expressway.webp -> https://therightworkshop.com/wp-content/uploads/2026/05/COE_Explained_Hero_-_Singapore_Marina_Expressway.jpg
[2026-06-07T17:48:34]   hero-fix cat-a-vs-cat-b-singapore: https://therightworkshop.com/wp-content/uploads/2026/05/singapore-expressway-cat-a-cat-b-coe-cars.webp -> https://therightworkshop.com/wp-content/uploads/2026/05/singapore-expressway-cat-a-cat-b-coe-cars.jpg
[2026-06-07T17:48:34]   hero-fix coe-results-explained: https://therightworkshop.com/wp-content/uploads/2026/05/how-to-read-coe-results-singapore-hero.webp -> https://therightworkshop.com/wp-content/uploads/2026/05/how-to-read-coe-results-singapore-hero.jpg
[2026-06-07T17:48:34]   hero-fix coe-renewal-singapore: https://therightworkshop.com/wp-content/uploads/2026/05/01-coe-renewal-LOCKED.webp -> https://therightworkshop.com/wp-content/uploads/2026/05/01-coe-renewal-LOCKED.jpg
[2026-06-07T17:48:34]   hero-fix coe-export-car-singapore: https://therightworkshop.com/wp-content/uploads/2026/05/02-coe-export-LOCKED.webp -> https://therightworkshop.com/wp-content/uploads/2026/05/02-coe-export-LOCKED.jpg
[2026-06-07T17:48:34]   hero-fix scrap-car-singapore: https://therightworkshop.com/wp-content/uploads/2026/05/03-coe-scrap-LOCKED.webp -> https://therightworkshop.com/wp-content/uploads/2026/05/03-coe-scrap-LOCKED.jpg
[2026-06-07T17:48:34]   hero-fix coe-renewal-vs-scrap-singapore-guide: https://therightworkshop.com/wp-content/uploads/2026/04/nb_post7_coe_renewal_v1-1.webp -> https://therightworkshop.com/wp-content/uploads/2026/04/nb_post7_coe_renewal_v1-1.jpg
[2026-06-07T17:48:34]   hero-fix what-is-the-right-workshop-singapore: https://therightworkshop.com/wp-content/uploads/2026/04/nb_servicing_oilpour_v2.webp -> https://therightworkshop.com/wp-content/uploads/2026/04/nb_servicing_oilpour_v2.jpg
[2026-06-07T17:48:34]   hero-fix how-to-read-workshop-quote-singapore: https://therightworkshop.com/wp-content/uploads/2026/04/nb_post_read-quote_v1.webp -> https://therightworkshop.com/wp-content/uploads/2026/04/nb_post_read-quote_v1.jpg
[2026-06-07T17:48:34]   hero-fix brake-pads-rotors-singapore-when-to-change: https://therightworkshop.com/wp-content/uploads/2026/04/nb_post5_brake_pads_v1-1.webp -> https://therightworkshop.com/wp-content/uploads/2026/04/nb_post5_brake_pads_v1-1.jpg
[2026-06-07T17:48:34]   hero-fix erp-2-0-singapore-2026: https://therightworkshop.com/wp-content/uploads/2026/05/erp-2-0-gantry-singapore-hero.webp -> https://therightworkshop.com/wp-content/uploads/2026/05/erp-2-0-gantry-singapore-hero.jpg
[2026-06-07T17:48:34]   hero-fix erp-2-obu-now-mandatory-key-dates-and-penalties-for-singapore-drivers: https://therightworkshop.com/wp-content/uploads/2026/05/news_b_6279_jfjhmcir.png -> https://therightworkshop.com/wp-content/uploads/2026/05/6279_v2.png
[2026-06-07T17:48:34]   hero-fix vep-and-gvp-fees-rise-from-january-2027-for-foreign-vehicles: https://therightworkshop.com/wp-content/uploads/2026/05/news_b_6199_o95pzkv3.png -> https://therightworkshop.com/wp-content/uploads/2026/05/6199_v2.png
[2026-06-07T17:48:34]   hero-fix singapore-ev-licence-plates-lta-and-scdf-begin-design-consultation: https://therightworkshop.com/wp-content/uploads/2026/05/news_b_6193_ahyant0o.png -> https://therightworkshop.com/wp-content/uploads/2026/05/6193_v2.png
[2026-06-07T17:48:34]   hero-fix singapore-parf-rebate-schedule-and-cap-revised-from-feb-2026: https://therightworkshop.com/wp-content/uploads/2026/05/news_b_6187_288qizix.png -> https://therightworkshop.com/wp-content/uploads/2026/05/6187_v2.png
[2026-06-07T17:49:55] featured_media fix: erp-2-obu-now-mandatory-key-dates-and-penalties-for-singapore-drivers page=6279 6829 -> 7452
[2026-06-07T17:49:57] featured_media fix: vep-and-gvp-fees-rise-from-january-2027-for-foreign-vehicles page=6199 6835 -> 7448
[2026-06-07T17:49:59] featured_media fix: singapore-ev-licence-plates-lta-and-scdf-begin-design-consultation page=6193 6840 -> 7450
[2026-06-07T17:50:00] featured_media fix: singapore-parf-rebate-schedule-and-cap-revised-from-feb-2026 page=6187 6845 -> 7446
[2026-06-08T06:53:42] PUSH ok: featured='What is COE? Singapore’s Certificate of Entitlement, Explained' (/coe-explained/), hero_fixes=19, bucket=9
[2026-06-08T06:53:42]   hero-fix car-insurance-broker-singapore: https://therightworkshop.com/wp-content/uploads/2026/05/04-insurance-broker-LOCKED.webp -> https://therightworkshop.com/wp-content/uploads/2026/05/04-insurance-broker-LOCKED.jpg
[2026-06-08T06:53:42]   hero-fix pre-purchase-car-inspection-singapore: https://therightworkshop.com/wp-content/uploads/2026/05/06-inspection-LOCKED.webp -> https://therightworkshop.com/wp-content/uploads/2026/05/06-inspection-LOCKED.jpg
[2026-06-08T06:53:42]   hero-fix cheapest-car-workshop-singapore: https://therightworkshop.com/wp-content/uploads/2026/05/07-workshop-LOCKED.webp -> https://therightworkshop.com/wp-content/uploads/2026/05/07-workshop-LOCKED.jpg
[2026-06-08T06:53:42]   hero-fix car-insurance-premium-factors-singapore: https://therightworkshop.com/wp-content/uploads/2026/05/05-insurance-premium-LOCKED.webp -> https://therightworkshop.com/wp-content/uploads/2026/05/05-insurance-premium-LOCKED.jpg
[2026-06-08T06:53:42]   hero-fix coe-explained: https://therightworkshop.com/wp-content/uploads/2026/05/COE_Explained_Hero_-_Singapore_Marina_Expressway.webp -> https://therightworkshop.com/wp-content/uploads/2026/05/COE_Explained_Hero_-_Singapore_Marina_Expressway.jpg
[2026-06-08T06:53:42]   hero-fix cat-a-vs-cat-b-singapore: https://therightworkshop.com/wp-content/uploads/2026/05/singapore-expressway-cat-a-cat-b-coe-cars.webp -> https://therightworkshop.com/wp-content/uploads/2026/05/singapore-expressway-cat-a-cat-b-coe-cars.jpg
[2026-06-08T06:53:42]   hero-fix coe-results-explained: https://therightworkshop.com/wp-content/uploads/2026/05/how-to-read-coe-results-singapore-hero.webp -> https://therightworkshop.com/wp-content/uploads/2026/05/how-to-read-coe-results-singapore-hero.jpg
[2026-06-08T06:53:42]   hero-fix coe-renewal-singapore: https://therightworkshop.com/wp-content/uploads/2026/05/01-coe-renewal-LOCKED.webp -> https://therightworkshop.com/wp-content/uploads/2026/05/01-coe-renewal-LOCKED.jpg
[2026-06-08T06:53:42]   hero-fix coe-export-car-singapore: https://therightworkshop.com/wp-content/uploads/2026/05/02-coe-export-LOCKED.webp -> https://therightworkshop.com/wp-content/uploads/2026/05/02-coe-export-LOCKED.jpg
[2026-06-08T06:53:42]   hero-fix scrap-car-singapore: https://therightworkshop.com/wp-content/uploads/2026/05/03-coe-scrap-LOCKED.webp -> https://therightworkshop.com/wp-content/uploads/2026/05/03-coe-scrap-LOCKED.jpg
[2026-06-08T06:53:42]   hero-fix coe-renewal-vs-scrap-singapore-guide: https://therightworkshop.com/wp-content/uploads/2026/04/nb_post7_coe_renewal_v1-1.webp -> https://therightworkshop.com/wp-content/uploads/2026/04/nb_post7_coe_renewal_v1-1.jpg
[2026-06-08T06:53:42]   hero-fix what-is-the-right-workshop-singapore: https://therightworkshop.com/wp-content/uploads/2026/04/nb_servicing_oilpour_v2.webp -> https://therightworkshop.com/wp-content/uploads/2026/04/nb_servicing_oilpour_v2.jpg
[2026-06-08T06:53:42]   hero-fix how-to-read-workshop-quote-singapore: https://therightworkshop.com/wp-content/uploads/2026/04/nb_post_read-quote_v1.webp -> https://therightworkshop.com/wp-content/uploads/2026/04/nb_post_read-quote_v1.jpg
[2026-06-08T06:53:42]   hero-fix brake-pads-rotors-singapore-when-to-change: https://therightworkshop.com/wp-content/uploads/2026/04/nb_post5_brake_pads_v1-1.webp -> https://therightworkshop.com/wp-content/uploads/2026/04/nb_post5_brake_pads_v1-1.jpg
[2026-06-08T06:53:42]   hero-fix erp-2-0-singapore-2026: https://therightworkshop.com/wp-content/uploads/2026/05/erp-2-0-gantry-singapore-hero.webp -> https://therightworkshop.com/wp-content/uploads/2026/05/erp-2-0-gantry-singapore-hero.jpg
[2026-06-08T06:53:42]   hero-fix erp-2-obu-now-mandatory-key-dates-and-penalties-for-singapore-drivers: https://therightworkshop.com/wp-content/uploads/2026/05/news_b_6279_jfjhmcir.png -> https://therightworkshop.com/wp-content/uploads/2026/05/6279_v2.png
[2026-06-08T06:53:42]   hero-fix vep-and-gvp-fees-rise-from-january-2027-for-foreign-vehicles: https://therightworkshop.com/wp-content/uploads/2026/05/news_b_6199_o95pzkv3.png -> https://therightworkshop.com/wp-content/uploads/2026/05/6199_v2.png
[2026-06-08T06:53:42]   hero-fix singapore-ev-licence-plates-lta-and-scdf-begin-design-consultation: https://therightworkshop.com/wp-content/uploads/2026/05/news_b_6193_ahyant0o.png -> https://therightworkshop.com/wp-content/uploads/2026/05/6193_v2.png
[2026-06-08T06:53:42]   hero-fix singapore-parf-rebate-schedule-and-cap-revised-from-feb-2026: https://therightworkshop.com/wp-content/uploads/2026/05/news_b_6187_288qizix.png -> https://therightworkshop.com/wp-content/uploads/2026/05/6187_v2.png
[2026-06-08T06:55:08] featured_media fix: erp-2-obu-now-mandatory-key-dates-and-penalties-for-singapore-drivers page=6279 6829 -> 7452
[2026-06-08T06:55:09] featured_media fix: vep-and-gvp-fees-rise-from-january-2027-for-foreign-vehicles page=6199 6835 -> 7448
[2026-06-08T06:55:11] featured_media fix: singapore-ev-licence-plates-lta-and-scdf-begin-design-consultation page=6193 6840 -> 7450
[2026-06-08T06:55:12] featured_media fix: singapore-parf-rebate-schedule-and-cap-revised-from-feb-2026 page=6187 6845 -> 7446
[2026-06-08T18:44:22] PUSH ok: featured='What is COE? Singapore’s Certificate of Entitlement, Explained' (/coe-explained/), hero_fixes=19, bucket=9
[2026-06-08T18:44:22]   hero-fix car-insurance-broker-singapore: https://therightworkshop.com/wp-content/uploads/2026/05/04-insurance-broker-LOCKED.webp -> https://therightworkshop.com/wp-content/uploads/2026/05/04-insurance-broker-LOCKED.jpg
[2026-06-08T18:44:22]   hero-fix pre-purchase-car-inspection-singapore: https://therightworkshop.com/wp-content/uploads/2026/05/06-inspection-LOCKED.webp -> https://therightworkshop.com/wp-content/uploads/2026/05/06-inspection-LOCKED.jpg
[2026-06-08T18:44:22]   hero-fix cheapest-car-workshop-singapore: https://therightworkshop.com/wp-content/uploads/2026/05/07-workshop-LOCKED.webp -> https://therightworkshop.com/wp-content/uploads/2026/05/07-workshop-LOCKED.jpg
[2026-06-08T18:44:22]   hero-fix car-insurance-premium-factors-singapore: https://therightworkshop.com/wp-content/uploads/2026/05/05-insurance-premium-LOCKED.webp -> https://therightworkshop.com/wp-content/uploads/2026/05/05-insurance-premium-LOCKED.jpg
[2026-06-08T18:44:22]   hero-fix coe-explained: https://therightworkshop.com/wp-content/uploads/2026/05/COE_Explained_Hero_-_Singapore_Marina_Expressway.webp -> https://therightworkshop.com/wp-content/uploads/2026/05/COE_Explained_Hero_-_Singapore_Marina_Expressway.jpg
[2026-06-08T18:44:22]   hero-fix cat-a-vs-cat-b-singapore: https://therightworkshop.com/wp-content/uploads/2026/05/singapore-expressway-cat-a-cat-b-coe-cars.webp -> https://therightworkshop.com/wp-content/uploads/2026/05/singapore-expressway-cat-a-cat-b-coe-cars.jpg
[2026-06-08T18:44:22]   hero-fix coe-results-explained: https://therightworkshop.com/wp-content/uploads/2026/05/how-to-read-coe-results-singapore-hero.webp -> https://therightworkshop.com/wp-content/uploads/2026/05/how-to-read-coe-results-singapore-hero.jpg
[2026-06-08T18:44:22]   hero-fix coe-renewal-singapore: https://therightworkshop.com/wp-content/uploads/2026/05/01-coe-renewal-LOCKED.webp -> https://therightworkshop.com/wp-content/uploads/2026/05/01-coe-renewal-LOCKED.jpg
[2026-06-08T18:44:22]   hero-fix coe-export-car-singapore: https://therightworkshop.com/wp-content/uploads/2026/05/02-coe-export-LOCKED.webp -> https://therightworkshop.com/wp-content/uploads/2026/05/02-coe-export-LOCKED.jpg
[2026-06-08T18:44:22]   hero-fix scrap-car-singapore: https://therightworkshop.com/wp-content/uploads/2026/05/03-coe-scrap-LOCKED.webp -> https://therightworkshop.com/wp-content/uploads/2026/05/03-coe-scrap-LOCKED.jpg
[2026-06-08T18:44:22]   hero-fix coe-renewal-vs-scrap-singapore-guide: https://therightworkshop.com/wp-content/uploads/2026/04/nb_post7_coe_renewal_v1-1.webp -> https://therightworkshop.com/wp-content/uploads/2026/04/nb_post7_coe_renewal_v1-1.jpg
[2026-06-08T18:44:22]   hero-fix what-is-the-right-workshop-singapore: https://therightworkshop.com/wp-content/uploads/2026/04/nb_servicing_oilpour_v2.webp -> https://therightworkshop.com/wp-content/uploads/2026/04/nb_servicing_oilpour_v2.jpg
[2026-06-08T18:44:22]   hero-fix how-to-read-workshop-quote-singapore: https://therightworkshop.com/wp-content/uploads/2026/04/nb_post_read-quote_v1.webp -> https://therightworkshop.com/wp-content/uploads/2026/04/nb_post_read-quote_v1.jpg
[2026-06-08T18:44:22]   hero-fix brake-pads-rotors-singapore-when-to-change: https://therightworkshop.com/wp-content/uploads/2026/04/nb_post5_brake_pads_v1-1.webp -> https://therightworkshop.com/wp-content/uploads/2026/04/nb_post5_brake_pads_v1-1.jpg
[2026-06-08T18:44:22]   hero-fix erp-2-0-singapore-2026: https://therightworkshop.com/wp-content/uploads/2026/05/erp-2-0-gantry-singapore-hero.webp -> https://therightworkshop.com/wp-content/uploads/2026/05/erp-2-0-gantry-singapore-hero.jpg
[2026-06-08T18:44:22]   hero-fix erp-2-obu-now-mandatory-key-dates-and-penalties-for-singapore-drivers: https://therightworkshop.com/wp-content/uploads/2026/05/news_b_6279_jfjhmcir.png -> https://therightworkshop.com/wp-content/uploads/2026/05/6279_v2.png
[2026-06-08T18:44:22]   hero-fix vep-and-gvp-fees-rise-from-january-2027-for-foreign-vehicles: https://therightworkshop.com/wp-content/uploads/2026/05/news_b_6199_o95pzkv3.png -> https://therightworkshop.com/wp-content/uploads/2026/05/6199_v2.png
[2026-06-08T18:44:22]   hero-fix singapore-ev-licence-plates-lta-and-scdf-begin-design-consultation: https://therightworkshop.com/wp-content/uploads/2026/05/news_b_6193_ahyant0o.png -> https://therightworkshop.com/wp-content/uploads/2026/05/6193_v2.png
[2026-06-08T18:44:22]   hero-fix singapore-parf-rebate-schedule-and-cap-revised-from-feb-2026: https://therightworkshop.com/wp-content/uploads/2026/05/news_b_6187_288qizix.png -> https://therightworkshop.com/wp-content/uploads/2026/05/6187_v2.png
[2026-06-08T18:46:04] featured_media fix: erp-2-obu-now-mandatory-key-dates-and-penalties-for-singapore-drivers page=6279 6829 -> 7452
[2026-06-08T18:46:06] featured_media fix: vep-and-gvp-fees-rise-from-january-2027-for-foreign-vehicles page=6199 6835 -> 7448
[2026-06-08T18:46:07] featured_media fix: singapore-ev-licence-plates-lta-and-scdf-begin-design-consultation page=6193 6840 -> 7450
[2026-06-08T18:46:09] featured_media fix: singapore-parf-rebate-schedule-and-cap-revised-from-feb-2026 page=6187 6845 -> 7446
[2026-06-09T18:31:18] PUSH ok: featured='What is COE? Singapore’s Certificate of Entitlement, Explained' (/coe-explained/), hero_fixes=19, bucket=9
[2026-06-09T18:31:18]   hero-fix car-insurance-broker-singapore: https://therightworkshop.com/wp-content/uploads/2026/05/04-insurance-broker-LOCKED.webp -> https://therightworkshop.com/wp-content/uploads/2026/05/04-insurance-broker-LOCKED.jpg
[2026-06-09T18:31:18]   hero-fix pre-purchase-car-inspection-singapore: https://therightworkshop.com/wp-content/uploads/2026/05/06-inspection-LOCKED.webp -> https://therightworkshop.com/wp-content/uploads/2026/05/06-inspection-LOCKED.jpg
[2026-06-09T18:31:18]   hero-fix cheapest-car-workshop-singapore: https://therightworkshop.com/wp-content/uploads/2026/05/07-workshop-LOCKED.webp -> https://therightworkshop.com/wp-content/uploads/2026/05/07-workshop-LOCKED.jpg
[2026-06-09T18:31:18]   hero-fix car-insurance-premium-factors-singapore: https://therightworkshop.com/wp-content/uploads/2026/05/05-insurance-premium-LOCKED.webp -> https://therightworkshop.com/wp-content/uploads/2026/05/05-insurance-premium-LOCKED.jpg
[2026-06-09T18:31:18]   hero-fix coe-explained: https://therightworkshop.com/wp-content/uploads/2026/05/COE_Explained_Hero_-_Singapore_Marina_Expressway.webp -> https://therightworkshop.com/wp-content/uploads/2026/05/COE_Explained_Hero_-_Singapore_Marina_Expressway.jpg
[2026-06-09T18:31:18]   hero-fix cat-a-vs-cat-b-singapore: https://therightworkshop.com/wp-content/uploads/2026/05/singapore-expressway-cat-a-cat-b-coe-cars.webp -> https://therightworkshop.com/wp-content/uploads/2026/05/singapore-expressway-cat-a-cat-b-coe-cars.jpg
[2026-06-09T18:31:18]   hero-fix coe-results-explained: https://therightworkshop.com/wp-content/uploads/2026/05/how-to-read-coe-results-singapore-hero.webp -> https://therightworkshop.com/wp-content/uploads/2026/05/how-to-read-coe-results-singapore-hero.jpg
[2026-06-09T18:31:18]   hero-fix coe-renewal-singapore: https://therightworkshop.com/wp-content/uploads/2026/05/01-coe-renewal-LOCKED.webp -> https://therightworkshop.com/wp-content/uploads/2026/05/01-coe-renewal-LOCKED.jpg
[2026-06-09T18:31:18]   hero-fix coe-export-car-singapore: https://therightworkshop.com/wp-content/uploads/2026/05/02-coe-export-LOCKED.webp -> https://therightworkshop.com/wp-content/uploads/2026/05/02-coe-export-LOCKED.jpg
[2026-06-09T18:31:18]   hero-fix scrap-car-singapore: https://therightworkshop.com/wp-content/uploads/2026/05/03-coe-scrap-LOCKED.webp -> https://therightworkshop.com/wp-content/uploads/2026/05/03-coe-scrap-LOCKED.jpg
[2026-06-09T18:31:18]   hero-fix coe-renewal-vs-scrap-singapore-guide: https://therightworkshop.com/wp-content/uploads/2026/04/nb_post7_coe_renewal_v1-1.webp -> https://therightworkshop.com/wp-content/uploads/2026/04/nb_post7_coe_renewal_v1-1.jpg
[2026-06-09T18:31:18]   hero-fix what-is-the-right-workshop-singapore: https://therightworkshop.com/wp-content/uploads/2026/04/nb_servicing_oilpour_v2.webp -> https://therightworkshop.com/wp-content/uploads/2026/04/nb_servicing_oilpour_v2.jpg
[2026-06-09T18:31:18]   hero-fix how-to-read-workshop-quote-singapore: https://therightworkshop.com/wp-content/uploads/2026/04/nb_post_read-quote_v1.webp -> https://therightworkshop.com/wp-content/uploads/2026/04/nb_post_read-quote_v1.jpg
[2026-06-09T18:31:18]   hero-fix brake-pads-rotors-singapore-when-to-change: https://therightworkshop.com/wp-content/uploads/2026/04/nb_post5_brake_pads_v1-1.webp -> https://therightworkshop.com/wp-content/uploads/2026/04/nb_post5_brake_pads_v1-1.jpg
[2026-06-09T18:31:18]   hero-fix erp-2-0-singapore-2026: https://therightworkshop.com/wp-content/uploads/2026/05/erp-2-0-gantry-singapore-hero.webp -> https://therightworkshop.com/wp-content/uploads/2026/05/erp-2-0-gantry-singapore-hero.jpg
[2026-06-09T18:31:18]   hero-fix erp-2-obu-now-mandatory-key-dates-and-penalties-for-singapore-drivers: https://therightworkshop.com/wp-content/uploads/2026/05/news_b_6279_jfjhmcir.png -> https://therightworkshop.com/wp-content/uploads/2026/05/6279_v2.png
[2026-06-09T18:31:18]   hero-fix vep-and-gvp-fees-rise-from-january-2027-for-foreign-vehicles: https://therightworkshop.com/wp-content/uploads/2026/05/news_b_6199_o95pzkv3.png -> https://therightworkshop.com/wp-content/uploads/2026/05/6199_v2.png
[2026-06-09T18:31:18]   hero-fix singapore-ev-licence-plates-lta-and-scdf-begin-design-consultation: https://therightworkshop.com/wp-content/uploads/2026/05/news_b_6193_ahyant0o.png -> https://therightworkshop.com/wp-content/uploads/2026/05/6193_v2.png
[2026-06-09T18:31:18]   hero-fix singapore-parf-rebate-schedule-and-cap-revised-from-feb-2026: https://therightworkshop.com/wp-content/uploads/2026/05/news_b_6187_288qizix.png -> https://therightworkshop.com/wp-content/uploads/2026/05/6187_v2.png
[2026-06-09T18:32:50] featured_media fix: erp-2-obu-now-mandatory-key-dates-and-penalties-for-singapore-drivers page=6279 6829 -> 7452
[2026-06-09T18:32:51] featured_media fix: vep-and-gvp-fees-rise-from-january-2027-for-foreign-vehicles page=6199 6835 -> 7448
[2026-06-09T18:32:52] featured_media fix: singapore-ev-licence-plates-lta-and-scdf-begin-design-consultation page=6193 6840 -> 7450
[2026-06-09T18:32:54] featured_media fix: singapore-parf-rebate-schedule-and-cap-revised-from-feb-2026 page=6187 6845 -> 7446
[2026-06-10T19:11:23] PUSH ok: featured='What is COE? Singapore’s Certificate of Entitlement, Explained' (/coe-explained/), hero_fixes=15, bucket=9
[2026-06-10T19:11:23]   hero-fix car-insurance-broker-singapore: https://therightworkshop.com/wp-content/uploads/2026/05/04-insurance-broker-LOCKED.webp -> https://therightworkshop.com/wp-content/uploads/2026/05/04-insurance-broker-LOCKED.jpg
[2026-06-10T19:11:23]   hero-fix pre-purchase-car-inspection-singapore: https://therightworkshop.com/wp-content/uploads/2026/05/06-inspection-LOCKED.webp -> https://therightworkshop.com/wp-content/uploads/2026/05/06-inspection-LOCKED.jpg
[2026-06-10T19:11:23]   hero-fix cheapest-car-workshop-singapore: https://therightworkshop.com/wp-content/uploads/2026/05/07-workshop-LOCKED.webp -> https://therightworkshop.com/wp-content/uploads/2026/05/07-workshop-LOCKED.jpg
[2026-06-10T19:11:23]   hero-fix car-insurance-premium-factors-singapore: https://therightworkshop.com/wp-content/uploads/2026/05/05-insurance-premium-LOCKED.webp -> https://therightworkshop.com/wp-content/uploads/2026/05/05-insurance-premium-LOCKED.jpg
[2026-06-10T19:11:23]   hero-fix coe-explained: https://therightworkshop.com/wp-content/uploads/2026/05/COE_Explained_Hero_-_Singapore_Marina_Expressway.webp -> https://therightworkshop.com/wp-content/uploads/2026/05/COE_Explained_Hero_-_Singapore_Marina_Expressway.jpg
[2026-06-10T19:11:23]   hero-fix cat-a-vs-cat-b-singapore: https://therightworkshop.com/wp-content/uploads/2026/05/singapore-expressway-cat-a-cat-b-coe-cars.webp -> https://therightworkshop.com/wp-content/uploads/2026/05/singapore-expressway-cat-a-cat-b-coe-cars.jpg
[2026-06-10T19:11:23]   hero-fix coe-results-explained: https://therightworkshop.com/wp-content/uploads/2026/05/how-to-read-coe-results-singapore-hero.webp -> https://therightworkshop.com/wp-content/uploads/2026/05/how-to-read-coe-results-singapore-hero.jpg
[2026-06-10T19:11:23]   hero-fix coe-renewal-singapore: https://therightworkshop.com/wp-content/uploads/2026/05/01-coe-renewal-LOCKED.webp -> https://therightworkshop.com/wp-content/uploads/2026/05/01-coe-renewal-LOCKED.jpg
[2026-06-10T19:11:23]   hero-fix coe-export-car-singapore: https://therightworkshop.com/wp-content/uploads/2026/05/02-coe-export-LOCKED.webp -> https://therightworkshop.com/wp-content/uploads/2026/05/02-coe-export-LOCKED.jpg
[2026-06-10T19:11:23]   hero-fix scrap-car-singapore: https://therightworkshop.com/wp-content/uploads/2026/05/03-coe-scrap-LOCKED.webp -> https://therightworkshop.com/wp-content/uploads/2026/05/03-coe-scrap-LOCKED.jpg
[2026-06-10T19:11:23]   hero-fix coe-renewal-vs-scrap-singapore-guide: https://therightworkshop.com/wp-content/uploads/2026/04/nb_post7_coe_renewal_v1-1.webp -> https://therightworkshop.com/wp-content/uploads/2026/04/nb_post7_coe_renewal_v1-1.jpg
[2026-06-10T19:11:23]   hero-fix what-is-the-right-workshop-singapore: https://therightworkshop.com/wp-content/uploads/2026/04/nb_servicing_oilpour_v2.webp -> https://therightworkshop.com/wp-content/uploads/2026/04/nb_servicing_oilpour_v2.jpg
[2026-06-10T19:11:23]   hero-fix how-to-read-workshop-quote-singapore: https://therightworkshop.com/wp-content/uploads/2026/04/nb_post_read-quote_v1.webp -> https://therightworkshop.com/wp-content/uploads/2026/04/nb_post_read-quote_v1.jpg
[2026-06-10T19:11:23]   hero-fix brake-pads-rotors-singapore-when-to-change: https://therightworkshop.com/wp-content/uploads/2026/04/nb_post5_brake_pads_v1-1.webp -> https://therightworkshop.com/wp-content/uploads/2026/04/nb_post5_brake_pads_v1-1.jpg
[2026-06-10T19:11:23]   hero-fix erp-2-0-singapore-2026: https://therightworkshop.com/wp-content/uploads/2026/05/erp-2-0-gantry-singapore-hero.webp -> https://therightworkshop.com/wp-content/uploads/2026/05/erp-2-0-gantry-singapore-hero.jpg
[2026-06-11T19:20:35] PUSH ok: featured='What is COE? Singapore’s Certificate of Entitlement, Explained' (/coe-explained/), hero_fixes=19, bucket=9
[2026-06-11T19:20:35]   hero-fix car-insurance-broker-singapore: https://therightworkshop.com/wp-content/uploads/2026/05/04-insurance-broker-LOCKED.webp -> https://therightworkshop.com/wp-content/uploads/2026/05/04-insurance-broker-LOCKED.jpg
[2026-06-11T19:20:35]   hero-fix pre-purchase-car-inspection-singapore: https://therightworkshop.com/wp-content/uploads/2026/05/06-inspection-LOCKED.webp -> https://therightworkshop.com/wp-content/uploads/2026/05/06-inspection-LOCKED.jpg
[2026-06-11T19:20:35]   hero-fix cheapest-car-workshop-singapore: https://therightworkshop.com/wp-content/uploads/2026/05/07-workshop-LOCKED.webp -> https://therightworkshop.com/wp-content/uploads/2026/05/07-workshop-LOCKED.jpg
[2026-06-11T19:20:35]   hero-fix car-insurance-premium-factors-singapore: https://therightworkshop.com/wp-content/uploads/2026/05/05-insurance-premium-LOCKED.webp -> https://therightworkshop.com/wp-content/uploads/2026/05/05-insurance-premium-LOCKED.jpg
[2026-06-11T19:20:35]   hero-fix coe-explained: https://therightworkshop.com/wp-content/uploads/2026/05/COE_Explained_Hero_-_Singapore_Marina_Expressway.webp -> https://therightworkshop.com/wp-content/uploads/2026/05/COE_Explained_Hero_-_Singapore_Marina_Expressway.jpg
[2026-06-11T19:20:35]   hero-fix cat-a-vs-cat-b-singapore: https://therightworkshop.com/wp-content/uploads/2026/05/singapore-expressway-cat-a-cat-b-coe-cars.webp -> https://therightworkshop.com/wp-content/uploads/2026/05/singapore-expressway-cat-a-cat-b-coe-cars.jpg
[2026-06-11T19:20:35]   hero-fix coe-results-explained: https://therightworkshop.com/wp-content/uploads/2026/05/how-to-read-coe-results-singapore-hero.webp -> https://therightworkshop.com/wp-content/uploads/2026/05/how-to-read-coe-results-singapore-hero.jpg
[2026-06-11T19:20:35]   hero-fix coe-renewal-singapore: https://therightworkshop.com/wp-content/uploads/2026/05/01-coe-renewal-LOCKED.webp -> https://therightworkshop.com/wp-content/uploads/2026/05/01-coe-renewal-LOCKED.jpg
[2026-06-11T19:20:35]   hero-fix coe-export-car-singapore: https://therightworkshop.com/wp-content/uploads/2026/05/02-coe-export-LOCKED.webp -> https://therightworkshop.com/wp-content/uploads/2026/05/02-coe-export-LOCKED.jpg
[2026-06-11T19:20:35]   hero-fix scrap-car-singapore: https://therightworkshop.com/wp-content/uploads/2026/05/03-coe-scrap-LOCKED.webp -> https://therightworkshop.com/wp-content/uploads/2026/05/03-coe-scrap-LOCKED.jpg
[2026-06-11T19:20:35]   hero-fix coe-renewal-vs-scrap-singapore-guide: https://therightworkshop.com/wp-content/uploads/2026/04/nb_post7_coe_renewal_v1-1.webp -> https://therightworkshop.com/wp-content/uploads/2026/04/nb_post7_coe_renewal_v1-1.jpg
[2026-06-11T19:20:35]   hero-fix what-is-the-right-workshop-singapore: https://therightworkshop.com/wp-content/uploads/2026/04/nb_servicing_oilpour_v2.webp -> https://therightworkshop.com/wp-content/uploads/2026/04/nb_servicing_oilpour_v2.jpg
[2026-06-11T19:20:35]   hero-fix how-to-read-workshop-quote-singapore: https://therightworkshop.com/wp-content/uploads/2026/04/nb_post_read-quote_v1.webp -> https://therightworkshop.com/wp-content/uploads/2026/04/nb_post_read-quote_v1.jpg
[2026-06-11T19:20:35]   hero-fix brake-pads-rotors-singapore-when-to-change: https://therightworkshop.com/wp-content/uploads/2026/04/nb_post5_brake_pads_v1-1.webp -> https://therightworkshop.com/wp-content/uploads/2026/04/nb_post5_brake_pads_v1-1.jpg
[2026-06-11T19:20:35]   hero-fix erp-2-0-singapore-2026: https://therightworkshop.com/wp-content/uploads/2026/05/erp-2-0-gantry-singapore-hero.webp -> https://therightworkshop.com/wp-content/uploads/2026/05/erp-2-0-gantry-singapore-hero.jpg
[2026-06-11T19:20:35]   hero-fix erp-2-obu-now-mandatory-key-dates-and-penalties-for-singapore-drivers: https://therightworkshop.com/wp-content/uploads/2026/05/news_b_6279_jfjhmcir.png -> https://therightworkshop.com/wp-content/uploads/2026/05/6279_v2.png
[2026-06-11T19:20:35]   hero-fix vep-and-gvp-fees-rise-from-january-2027-for-foreign-vehicles: https://therightworkshop.com/wp-content/uploads/2026/05/news_b_6199_o95pzkv3.png -> https://therightworkshop.com/wp-content/uploads/2026/05/6199_v2.png
[2026-06-11T19:20:35]   hero-fix singapore-ev-licence-plates-lta-and-scdf-begin-design-consultation: https://therightworkshop.com/wp-content/uploads/2026/05/news_b_6193_ahyant0o.png -> https://therightworkshop.com/wp-content/uploads/2026/05/6193_v2.png
[2026-06-11T19:20:35]   hero-fix singapore-parf-rebate-schedule-and-cap-revised-from-feb-2026: https://therightworkshop.com/wp-content/uploads/2026/05/news_b_6187_288qizix.png -> https://therightworkshop.com/wp-content/uploads/2026/05/6187_v2.png
[2026-06-11T19:22:03] featured_media fix: erp-2-obu-now-mandatory-key-dates-and-penalties-for-singapore-drivers page=6279 6829 -> 7452
[2026-06-11T19:22:05] featured_media fix: vep-and-gvp-fees-rise-from-january-2027-for-foreign-vehicles page=6199 6835 -> 7448
[2026-06-11T19:22:07] featured_media fix: singapore-ev-licence-plates-lta-and-scdf-begin-design-consultation page=6193 6840 -> 7450
[2026-06-11T19:22:08] featured_media fix: singapore-parf-rebate-schedule-and-cap-revised-from-feb-2026 page=6187 6845 -> 7446
[2026-06-12T18:25:25] PUSH ok: featured='What is COE? Singapore’s Certificate of Entitlement, Explained' (/coe-explained/), hero_fixes=18, bucket=9
[2026-06-12T18:25:25]   hero-fix pre-purchase-car-inspection-singapore: https://therightworkshop.com/wp-content/uploads/2026/05/06-inspection-LOCKED.webp -> https://therightworkshop.com/wp-content/uploads/2026/05/06-inspection-LOCKED.jpg
[2026-06-12T18:25:25]   hero-fix cheapest-car-workshop-singapore: https://therightworkshop.com/wp-content/uploads/2026/05/07-workshop-LOCKED.webp -> https://therightworkshop.com/wp-content/uploads/2026/05/07-workshop-LOCKED.jpg
[2026-06-12T18:25:25]   hero-fix car-insurance-premium-factors-singapore: https://therightworkshop.com/wp-content/uploads/2026/05/05-insurance-premium-LOCKED.webp -> https://therightworkshop.com/wp-content/uploads/2026/05/05-insurance-premium-LOCKED.jpg
[2026-06-12T18:25:25]   hero-fix coe-explained: https://therightworkshop.com/wp-content/uploads/2026/05/COE_Explained_Hero_-_Singapore_Marina_Expressway.webp -> https://therightworkshop.com/wp-content/uploads/2026/05/COE_Explained_Hero_-_Singapore_Marina_Expressway.jpg
[2026-06-12T18:25:25]   hero-fix cat-a-vs-cat-b-singapore: https://therightworkshop.com/wp-content/uploads/2026/05/singapore-expressway-cat-a-cat-b-coe-cars.webp -> https://therightworkshop.com/wp-content/uploads/2026/05/singapore-expressway-cat-a-cat-b-coe-cars.jpg
[2026-06-12T18:25:25]   hero-fix coe-results-explained: https://therightworkshop.com/wp-content/uploads/2026/05/how-to-read-coe-results-singapore-hero.webp -> https://therightworkshop.com/wp-content/uploads/2026/05/how-to-read-coe-results-singapore-hero.jpg
[2026-06-12T18:25:25]   hero-fix coe-renewal-singapore: https://therightworkshop.com/wp-content/uploads/2026/05/01-coe-renewal-LOCKED.webp -> https://therightworkshop.com/wp-content/uploads/2026/05/01-coe-renewal-LOCKED.jpg
[2026-06-12T18:25:25]   hero-fix coe-export-car-singapore: https://therightworkshop.com/wp-content/uploads/2026/05/02-coe-export-LOCKED.webp -> https://therightworkshop.com/wp-content/uploads/2026/05/02-coe-export-LOCKED.jpg
[2026-06-12T18:25:25]   hero-fix scrap-car-singapore: https://therightworkshop.com/wp-content/uploads/2026/05/03-coe-scrap-LOCKED.webp -> https://therightworkshop.com/wp-content/uploads/2026/05/03-coe-scrap-LOCKED.jpg
[2026-06-12T18:25:25]   hero-fix coe-renewal-vs-scrap-singapore-guide: https://therightworkshop.com/wp-content/uploads/2026/04/nb_post7_coe_renewal_v1-1.webp -> https://therightworkshop.com/wp-content/uploads/2026/04/nb_post7_coe_renewal_v1-1.jpg
[2026-06-12T18:25:25]   hero-fix what-is-the-right-workshop-singapore: https://therightworkshop.com/wp-content/uploads/2026/04/nb_servicing_oilpour_v2.webp -> https://therightworkshop.com/wp-content/uploads/2026/04/nb_servicing_oilpour_v2.jpg
[2026-06-12T18:25:25]   hero-fix how-to-read-workshop-quote-singapore: https://therightworkshop.com/wp-content/uploads/2026/04/nb_post_read-quote_v1.webp -> https://therightworkshop.com/wp-content/uploads/2026/04/nb_post_read-quote_v1.jpg
[2026-06-12T18:25:25]   hero-fix brake-pads-rotors-singapore-when-to-change: https://therightworkshop.com/wp-content/uploads/2026/04/nb_post5_brake_pads_v1-1.webp -> https://therightworkshop.com/wp-content/uploads/2026/04/nb_post5_brake_pads_v1-1.jpg
[2026-06-12T18:25:25]   hero-fix erp-2-0-singapore-2026: https://therightworkshop.com/wp-content/uploads/2026/05/erp-2-0-gantry-singapore-hero.webp -> https://therightworkshop.com/wp-content/uploads/2026/05/erp-2-0-gantry-singapore-hero.jpg
[2026-06-12T18:25:25]   hero-fix erp-2-obu-now-mandatory-key-dates-and-penalties-for-singapore-drivers: https://therightworkshop.com/wp-content/uploads/2026/05/news_b_6279_jfjhmcir.png -> https://therightworkshop.com/wp-content/uploads/2026/05/6279_v2.png
[2026-06-12T18:25:25]   hero-fix vep-and-gvp-fees-rise-from-january-2027-for-foreign-vehicles: https://therightworkshop.com/wp-content/uploads/2026/05/news_b_6199_o95pzkv3.png -> https://therightworkshop.com/wp-content/uploads/2026/05/6199_v2.png
[2026-06-12T18:25:25]   hero-fix singapore-ev-licence-plates-lta-and-scdf-begin-design-consultation: https://therightworkshop.com/wp-content/uploads/2026/05/news_b_6193_ahyant0o.png -> https://therightworkshop.com/wp-content/uploads/2026/05/6193_v2.png
[2026-06-12T18:25:25]   hero-fix singapore-parf-rebate-schedule-and-cap-revised-from-feb-2026: https://therightworkshop.com/wp-content/uploads/2026/05/news_b_6187_288qizix.png -> https://therightworkshop.com/wp-content/uploads/2026/05/6187_v2.png
[2026-06-12T18:26:50] featured_media fix: erp-2-obu-now-mandatory-key-dates-and-penalties-for-singapore-drivers page=6279 6829 -> 7452
[2026-06-12T18:26:52] featured_media fix: vep-and-gvp-fees-rise-from-january-2027-for-foreign-vehicles page=6199 6835 -> 7448
[2026-06-12T18:26:53] featured_media fix: singapore-ev-licence-plates-lta-and-scdf-begin-design-consultation page=6193 6840 -> 7450
[2026-06-12T18:26:55] featured_media fix: singapore-parf-rebate-schedule-and-cap-revised-from-feb-2026 page=6187 6845 -> 7446
[2026-06-13T17:54:23] PUSH ok: featured='Exporting Your Car in Singapore: What You Actually Get Back' (/coe-export-car-singapore/), hero_fixes=18, bucket=10
[2026-06-13T17:54:23]   hero-fix pre-purchase-car-inspection-singapore: https://therightworkshop.com/wp-content/uploads/2026/05/06-inspection-LOCKED.webp -> https://therightworkshop.com/wp-content/uploads/2026/05/06-inspection-LOCKED.jpg
[2026-06-13T17:54:23]   hero-fix cheapest-car-workshop-singapore: https://therightworkshop.com/wp-content/uploads/2026/05/07-workshop-LOCKED.webp -> https://therightworkshop.com/wp-content/uploads/2026/05/07-workshop-LOCKED.jpg
[2026-06-13T17:54:23]   hero-fix car-insurance-premium-factors-singapore: https://therightworkshop.com/wp-content/uploads/2026/05/05-insurance-premium-LOCKED.webp -> https://therightworkshop.com/wp-content/uploads/2026/05/05-insurance-premium-LOCKED.jpg
[2026-06-13T17:54:23]   hero-fix coe-explained: https://therightworkshop.com/wp-content/uploads/2026/05/COE_Explained_Hero_-_Singapore_Marina_Expressway.webp -> https://therightworkshop.com/wp-content/uploads/2026/05/COE_Explained_Hero_-_Singapore_Marina_Expressway.jpg
[2026-06-13T17:54:23]   hero-fix cat-a-vs-cat-b-singapore: https://therightworkshop.com/wp-content/uploads/2026/05/singapore-expressway-cat-a-cat-b-coe-cars.webp -> https://therightworkshop.com/wp-content/uploads/2026/05/singapore-expressway-cat-a-cat-b-coe-cars.jpg
[2026-06-13T17:54:23]   hero-fix coe-results-explained: https://therightworkshop.com/wp-content/uploads/2026/05/how-to-read-coe-results-singapore-hero.webp -> https://therightworkshop.com/wp-content/uploads/2026/05/how-to-read-coe-results-singapore-hero.jpg
[2026-06-13T17:54:23]   hero-fix coe-renewal-singapore: https://therightworkshop.com/wp-content/uploads/2026/05/01-coe-renewal-LOCKED.webp -> https://therightworkshop.com/wp-content/uploads/2026/05/01-coe-renewal-LOCKED.jpg
[2026-06-13T17:54:23]   hero-fix coe-export-car-singapore: https://therightworkshop.com/wp-content/uploads/2026/05/02-coe-export-LOCKED.webp -> https://therightworkshop.com/wp-content/uploads/2026/05/02-coe-export-LOCKED.jpg
[2026-06-13T17:54:23]   hero-fix scrap-car-singapore: https://therightworkshop.com/wp-content/uploads/2026/05/03-coe-scrap-LOCKED.webp -> https://therightworkshop.com/wp-content/uploads/2026/05/03-coe-scrap-LOCKED.jpg
[2026-06-13T17:54:23]   hero-fix coe-renewal-vs-scrap-singapore-guide: https://therightworkshop.com/wp-content/uploads/2026/04/nb_post7_coe_renewal_v1-1.webp -> https://therightworkshop.com/wp-content/uploads/2026/04/nb_post7_coe_renewal_v1-1.jpg
[2026-06-13T17:54:23]   hero-fix what-is-the-right-workshop-singapore: https://therightworkshop.com/wp-content/uploads/2026/04/nb_servicing_oilpour_v2.webp -> https://therightworkshop.com/wp-content/uploads/2026/04/nb_servicing_oilpour_v2.jpg
[2026-06-13T17:54:23]   hero-fix how-to-read-workshop-quote-singapore: https://therightworkshop.com/wp-content/uploads/2026/04/nb_post_read-quote_v1.webp -> https://therightworkshop.com/wp-content/uploads/2026/04/nb_post_read-quote_v1.jpg
[2026-06-13T17:54:23]   hero-fix brake-pads-rotors-singapore-when-to-change: https://therightworkshop.com/wp-content/uploads/2026/04/nb_post5_brake_pads_v1-1.webp -> https://therightworkshop.com/wp-content/uploads/2026/04/nb_post5_brake_pads_v1-1.jpg
[2026-06-13T17:54:23]   hero-fix erp-2-0-singapore-2026: https://therightworkshop.com/wp-content/uploads/2026/05/erp-2-0-gantry-singapore-hero.webp -> https://therightworkshop.com/wp-content/uploads/2026/05/erp-2-0-gantry-singapore-hero.jpg
[2026-06-13T17:54:23]   hero-fix erp-2-obu-now-mandatory-key-dates-and-penalties-for-singapore-drivers: https://therightworkshop.com/wp-content/uploads/2026/05/news_b_6279_jfjhmcir.png -> https://therightworkshop.com/wp-content/uploads/2026/05/6279_v2.png
[2026-06-13T17:54:23]   hero-fix vep-and-gvp-fees-rise-from-january-2027-for-foreign-vehicles: https://therightworkshop.com/wp-content/uploads/2026/05/news_b_6199_o95pzkv3.png -> https://therightworkshop.com/wp-content/uploads/2026/05/6199_v2.png
[2026-06-13T17:54:23]   hero-fix singapore-ev-licence-plates-lta-and-scdf-begin-design-consultation: https://therightworkshop.com/wp-content/uploads/2026/05/news_b_6193_ahyant0o.png -> https://therightworkshop.com/wp-content/uploads/2026/05/6193_v2.png
[2026-06-13T17:54:23]   hero-fix singapore-parf-rebate-schedule-and-cap-revised-from-feb-2026: https://therightworkshop.com/wp-content/uploads/2026/05/news_b_6187_288qizix.png -> https://therightworkshop.com/wp-content/uploads/2026/05/6187_v2.png
[2026-06-13T17:55:47] featured_media fix: erp-2-obu-now-mandatory-key-dates-and-penalties-for-singapore-drivers page=6279 6829 -> 7452
[2026-06-13T17:55:49] featured_media fix: vep-and-gvp-fees-rise-from-january-2027-for-foreign-vehicles page=6199 6835 -> 7448
[2026-06-13T17:55:51] featured_media fix: singapore-ev-licence-plates-lta-and-scdf-begin-design-consultation page=6193 6840 -> 7450
[2026-06-13T17:55:53] featured_media fix: singapore-parf-rebate-schedule-and-cap-revised-from-feb-2026 page=6187 6845 -> 7446
[2026-06-14T17:58:08] PUSH ok: featured='Exporting Your Car in Singapore: What You Actually Get Back' (/coe-export-car-singapore/), hero_fixes=14, bucket=10
[2026-06-14T17:58:08]   hero-fix pre-purchase-car-inspection-singapore: https://therightworkshop.com/wp-content/uploads/2026/05/06-inspection-LOCKED.webp -> https://therightworkshop.com/wp-content/uploads/2026/05/06-inspection-LOCKED.jpg
[2026-06-14T17:58:08]   hero-fix cheapest-car-workshop-singapore: https://therightworkshop.com/wp-content/uploads/2026/05/07-workshop-LOCKED.webp -> https://therightworkshop.com/wp-content/uploads/2026/05/07-workshop-LOCKED.jpg
[2026-06-14T17:58:08]   hero-fix car-insurance-premium-factors-singapore: https://therightworkshop.com/wp-content/uploads/2026/05/05-insurance-premium-LOCKED.webp -> https://therightworkshop.com/wp-content/uploads/2026/05/05-insurance-premium-LOCKED.jpg
[2026-06-14T17:58:08]   hero-fix coe-explained: https://therightworkshop.com/wp-content/uploads/2026/05/COE_Explained_Hero_-_Singapore_Marina_Expressway.webp -> https://therightworkshop.com/wp-content/uploads/2026/05/COE_Explained_Hero_-_Singapore_Marina_Expressway.jpg
[2026-06-14T17:58:08]   hero-fix cat-a-vs-cat-b-singapore: https://therightworkshop.com/wp-content/uploads/2026/05/singapore-expressway-cat-a-cat-b-coe-cars.webp -> https://therightworkshop.com/wp-content/uploads/2026/05/singapore-expressway-cat-a-cat-b-coe-cars.jpg
[2026-06-14T17:58:08]   hero-fix coe-results-explained: https://therightworkshop.com/wp-content/uploads/2026/05/how-to-read-coe-results-singapore-hero.webp -> https://therightworkshop.com/wp-content/uploads/2026/05/how-to-read-coe-results-singapore-hero.jpg
[2026-06-14T17:58:08]   hero-fix coe-renewal-singapore: https://therightworkshop.com/wp-content/uploads/2026/05/01-coe-renewal-LOCKED.webp -> https://therightworkshop.com/wp-content/uploads/2026/05/01-coe-renewal-LOCKED.jpg
[2026-06-14T17:58:08]   hero-fix coe-export-car-singapore: https://therightworkshop.com/wp-content/uploads/2026/05/02-coe-export-LOCKED.webp -> https://therightworkshop.com/wp-content/uploads/2026/05/02-coe-export-LOCKED.jpg
[2026-06-14T17:58:08]   hero-fix scrap-car-singapore: https://therightworkshop.com/wp-content/uploads/2026/05/03-coe-scrap-LOCKED.webp -> https://therightworkshop.com/wp-content/uploads/2026/05/03-coe-scrap-LOCKED.jpg
[2026-06-14T17:58:08]   hero-fix coe-renewal-vs-scrap-singapore-guide: https://therightworkshop.com/wp-content/uploads/2026/04/nb_post7_coe_renewal_v1-1.webp -> https://therightworkshop.com/wp-content/uploads/2026/04/nb_post7_coe_renewal_v1-1.jpg
[2026-06-14T17:58:08]   hero-fix what-is-the-right-workshop-singapore: https://therightworkshop.com/wp-content/uploads/2026/04/nb_servicing_oilpour_v2.webp -> https://therightworkshop.com/wp-content/uploads/2026/04/nb_servicing_oilpour_v2.jpg
[2026-06-14T17:58:08]   hero-fix how-to-read-workshop-quote-singapore: https://therightworkshop.com/wp-content/uploads/2026/04/nb_post_read-quote_v1.webp -> https://therightworkshop.com/wp-content/uploads/2026/04/nb_post_read-quote_v1.jpg
[2026-06-14T17:58:08]   hero-fix brake-pads-rotors-singapore-when-to-change: https://therightworkshop.com/wp-content/uploads/2026/04/nb_post5_brake_pads_v1-1.webp -> https://therightworkshop.com/wp-content/uploads/2026/04/nb_post5_brake_pads_v1-1.jpg
[2026-06-14T17:58:08]   hero-fix erp-2-0-singapore-2026: https://therightworkshop.com/wp-content/uploads/2026/05/erp-2-0-gantry-singapore-hero.webp -> https://therightworkshop.com/wp-content/uploads/2026/05/erp-2-0-gantry-singapore-hero.jpg
[2026-06-15T20:02:53] PUSH ok: featured='What is COE? Singapore’s Certificate of Entitlement, Explained' (/coe-explained/), hero_fixes=19, bucket=10
[2026-06-15T20:02:53]   hero-fix pre-purchase-car-inspection-singapore: https://therightworkshop.com/wp-content/uploads/2026/05/06-inspection-LOCKED.webp -> https://therightworkshop.com/wp-content/uploads/2026/05/06-inspection-LOCKED.jpg
[2026-06-15T20:02:53]   hero-fix cheapest-car-workshop-singapore: https://therightworkshop.com/wp-content/uploads/2026/05/07-workshop-LOCKED.webp -> https://therightworkshop.com/wp-content/uploads/2026/05/07-workshop-LOCKED.jpg
[2026-06-15T20:02:53]   hero-fix car-insurance-premium-factors-singapore: https://therightworkshop.com/wp-content/uploads/2026/05/05-insurance-premium-LOCKED.webp -> https://therightworkshop.com/wp-content/uploads/2026/05/05-insurance-premium-LOCKED.jpg
[2026-06-15T20:02:53]   hero-fix coe-explained: https://therightworkshop.com/wp-content/uploads/2026/05/COE_Explained_Hero_-_Singapore_Marina_Expressway.webp -> https://therightworkshop.com/wp-content/uploads/2026/05/COE_Explained_Hero_-_Singapore_Marina_Expressway.jpg
[2026-06-15T20:02:53]   hero-fix cat-a-vs-cat-b-singapore: https://therightworkshop.com/wp-content/uploads/2026/05/singapore-expressway-cat-a-cat-b-coe-cars.webp -> https://therightworkshop.com/wp-content/uploads/2026/05/singapore-expressway-cat-a-cat-b-coe-cars.jpg
[2026-06-15T20:02:53]   hero-fix coe-results-explained: https://therightworkshop.com/wp-content/uploads/2026/05/how-to-read-coe-results-singapore-hero.webp -> https://therightworkshop.com/wp-content/uploads/2026/05/how-to-read-coe-results-singapore-hero.jpg
[2026-06-15T20:02:53]   hero-fix coe-renewal-singapore: https://therightworkshop.com/wp-content/uploads/2026/05/01-coe-renewal-LOCKED.webp -> https://therightworkshop.com/wp-content/uploads/2026/05/01-coe-renewal-LOCKED.jpg
[2026-06-15T20:02:53]   hero-fix coe-export-car-singapore: https://therightworkshop.com/wp-content/uploads/2026/05/02-coe-export-LOCKED.webp -> https://therightworkshop.com/wp-content/uploads/2026/05/02-coe-export-LOCKED.jpg
[2026-06-15T20:02:53]   hero-fix scrap-car-singapore: https://therightworkshop.com/wp-content/uploads/2026/05/03-coe-scrap-LOCKED.webp -> https://therightworkshop.com/wp-content/uploads/2026/05/03-coe-scrap-LOCKED.jpg
[2026-06-15T20:02:53]   hero-fix coe-renewal-vs-scrap-singapore-guide: https://therightworkshop.com/wp-content/uploads/2026/04/nb_post7_coe_renewal_v1-1.webp -> https://therightworkshop.com/wp-content/uploads/2026/04/nb_post7_coe_renewal_v1-1.jpg
[2026-06-15T20:02:53]   hero-fix what-is-the-right-workshop-singapore: https://therightworkshop.com/wp-content/uploads/2026/04/nb_servicing_oilpour_v2.webp -> https://therightworkshop.com/wp-content/uploads/2026/04/nb_servicing_oilpour_v2.jpg
[2026-06-15T20:02:53]   hero-fix how-to-read-workshop-quote-singapore: https://therightworkshop.com/wp-content/uploads/2026/04/nb_post_read-quote_v1.webp -> https://therightworkshop.com/wp-content/uploads/2026/04/nb_post_read-quote_v1.jpg
[2026-06-15T20:02:53]   hero-fix brake-pads-rotors-singapore-when-to-change: https://therightworkshop.com/wp-content/uploads/2026/04/nb_post5_brake_pads_v1-1.webp -> https://therightworkshop.com/wp-content/uploads/2026/04/nb_post5_brake_pads_v1-1.jpg
[2026-06-15T20:02:53]   hero-fix erp-2-0-singapore-2026: https://therightworkshop.com/wp-content/uploads/2026/05/erp-2-0-gantry-singapore-hero.webp -> https://therightworkshop.com/wp-content/uploads/2026/05/erp-2-0-gantry-singapore-hero.jpg
[2026-06-15T20:02:53]   hero-fix erp-2-obu-now-mandatory-key-dates-and-penalties-for-singapore-drivers: https://therightworkshop.com/wp-content/uploads/2026/05/news_b_6279_jfjhmcir.png -> https://therightworkshop.com/wp-content/uploads/2026/05/6279_v2.png
[2026-06-15T20:02:53]   hero-fix vep-and-gvp-fees-rise-from-january-2027-for-foreign-vehicles: https://therightworkshop.com/wp-content/uploads/2026/05/news_b_6199_o95pzkv3.png -> https://therightworkshop.com/wp-content/uploads/2026/05/6199_v2.png
[2026-06-15T20:02:53]   hero-fix singapore-ev-licence-plates-lta-and-scdf-begin-design-consultation: https://therightworkshop.com/wp-content/uploads/2026/05/news_b_6193_ahyant0o.png -> https://therightworkshop.com/wp-content/uploads/2026/05/6193_v2.png
[2026-06-15T20:02:53]   hero-fix singapore-parf-rebate-schedule-and-cap-revised-from-feb-2026: https://therightworkshop.com/wp-content/uploads/2026/05/news_b_6187_288qizix.png -> https://therightworkshop.com/wp-content/uploads/2026/05/6187_v2.png
[2026-06-15T20:02:53]   hero-fix cat-a-coe-june-2026-hits-126009-whats-driving-the-climb: https://therightworkshop.com/wp-content/uploads/2026/05/news_card_coe_cat_a_may2026.png -> https://therightworkshop.com/wp-content/uploads/2026/04/nb_servicing_oilpour_v2.jpg
[2026-06-15T20:04:22] featured_media fix: erp-2-obu-now-mandatory-key-dates-and-penalties-for-singapore-drivers page=6279 6829 -> 7452
[2026-06-15T20:04:23] featured_media fix: vep-and-gvp-fees-rise-from-january-2027-for-foreign-vehicles page=6199 6835 -> 7448
[2026-06-15T20:04:25] featured_media fix: singapore-ev-licence-plates-lta-and-scdf-begin-design-consultation page=6193 6840 -> 7450
[2026-06-15T20:04:26] featured_media fix: singapore-parf-rebate-schedule-and-cap-revised-from-feb-2026 page=6187 6845 -> 7446
[2026-06-16T19:57:15] PUSH ok: featured='Exporting Your Car in Singapore: What You Actually Get Back' (/coe-export-car-singapore/), hero_fixes=19, bucket=10
[2026-06-16T19:57:15]   hero-fix pre-purchase-car-inspection-singapore: https://therightworkshop.com/wp-content/uploads/2026/05/06-inspection-LOCKED.webp -> https://therightworkshop.com/wp-content/uploads/2026/05/06-inspection-LOCKED.jpg
[2026-06-16T19:57:15]   hero-fix cheapest-car-workshop-singapore: https://therightworkshop.com/wp-content/uploads/2026/05/07-workshop-LOCKED.webp -> https://therightworkshop.com/wp-content/uploads/2026/05/07-workshop-LOCKED.jpg
[2026-06-16T19:57:15]   hero-fix car-insurance-premium-factors-singapore: https://therightworkshop.com/wp-content/uploads/2026/05/05-insurance-premium-LOCKED.webp -> https://therightworkshop.com/wp-content/uploads/2026/05/05-insurance-premium-LOCKED.jpg
[2026-06-16T19:57:15]   hero-fix coe-explained: https://therightworkshop.com/wp-content/uploads/2026/05/COE_Explained_Hero_-_Singapore_Marina_Expressway.webp -> https://therightworkshop.com/wp-content/uploads/2026/05/COE_Explained_Hero_-_Singapore_Marina_Expressway.jpg
[2026-06-16T19:57:15]   hero-fix cat-a-vs-cat-b-singapore: https://therightworkshop.com/wp-content/uploads/2026/05/singapore-expressway-cat-a-cat-b-coe-cars.webp -> https://therightworkshop.com/wp-content/uploads/2026/05/singapore-expressway-cat-a-cat-b-coe-cars.jpg
[2026-06-16T19:57:15]   hero-fix coe-results-explained: https://therightworkshop.com/wp-content/uploads/2026/05/how-to-read-coe-results-singapore-hero.webp -> https://therightworkshop.com/wp-content/uploads/2026/05/how-to-read-coe-results-singapore-hero.jpg
[2026-06-16T19:57:15]   hero-fix coe-renewal-singapore: https://therightworkshop.com/wp-content/uploads/2026/05/01-coe-renewal-LOCKED.webp -> https://therightworkshop.com/wp-content/uploads/2026/05/01-coe-renewal-LOCKED.jpg
[2026-06-16T19:57:15]   hero-fix coe-export-car-singapore: https://therightworkshop.com/wp-content/uploads/2026/05/02-coe-export-LOCKED.webp -> https://therightworkshop.com/wp-content/uploads/2026/05/02-coe-export-LOCKED.jpg
[2026-06-16T19:57:15]   hero-fix scrap-car-singapore: https://therightworkshop.com/wp-content/uploads/2026/05/03-coe-scrap-LOCKED.webp -> https://therightworkshop.com/wp-content/uploads/2026/05/03-coe-scrap-LOCKED.jpg
[2026-06-16T19:57:15]   hero-fix coe-renewal-vs-scrap-singapore-guide: https://therightworkshop.com/wp-content/uploads/2026/04/nb_post7_coe_renewal_v1-1.webp -> https://therightworkshop.com/wp-content/uploads/2026/04/nb_post7_coe_renewal_v1-1.jpg
[2026-06-16T19:57:15]   hero-fix what-is-the-right-workshop-singapore: https://therightworkshop.com/wp-content/uploads/2026/04/nb_servicing_oilpour_v2.webp -> https://therightworkshop.com/wp-content/uploads/2026/04/nb_servicing_oilpour_v2.jpg
[2026-06-16T19:57:15]   hero-fix how-to-read-workshop-quote-singapore: https://therightworkshop.com/wp-content/uploads/2026/04/nb_post_read-quote_v1.webp -> https://therightworkshop.com/wp-content/uploads/2026/04/nb_post_read-quote_v1.jpg
[2026-06-16T19:57:15]   hero-fix brake-pads-rotors-singapore-when-to-change: https://therightworkshop.com/wp-content/uploads/2026/04/nb_post5_brake_pads_v1-1.webp -> https://therightworkshop.com/wp-content/uploads/2026/04/nb_post5_brake_pads_v1-1.jpg
[2026-06-16T19:57:15]   hero-fix erp-2-0-singapore-2026: https://therightworkshop.com/wp-content/uploads/2026/05/erp-2-0-gantry-singapore-hero.webp -> https://therightworkshop.com/wp-content/uploads/2026/05/erp-2-0-gantry-singapore-hero.jpg
[2026-06-16T19:57:15]   hero-fix erp-2-obu-now-mandatory-key-dates-and-penalties-for-singapore-drivers: https://therightworkshop.com/wp-content/uploads/2026/05/news_b_6279_jfjhmcir.png -> https://therightworkshop.com/wp-content/uploads/2026/05/6279_v2.png
[2026-06-16T19:57:15]   hero-fix vep-and-gvp-fees-rise-from-january-2027-for-foreign-vehicles: https://therightworkshop.com/wp-content/uploads/2026/05/news_b_6199_o95pzkv3.png -> https://therightworkshop.com/wp-content/uploads/2026/05/6199_v2.png
[2026-06-16T19:57:15]   hero-fix singapore-ev-licence-plates-lta-and-scdf-begin-design-consultation: https://therightworkshop.com/wp-content/uploads/2026/05/news_b_6193_ahyant0o.png -> https://therightworkshop.com/wp-content/uploads/2026/05/6193_v2.png
[2026-06-16T19:57:15]   hero-fix singapore-parf-rebate-schedule-and-cap-revised-from-feb-2026: https://therightworkshop.com/wp-content/uploads/2026/05/news_b_6187_288qizix.png -> https://therightworkshop.com/wp-content/uploads/2026/05/6187_v2.png
[2026-06-16T19:57:15]   hero-fix cat-a-coe-june-2026-hits-126009-whats-driving-the-climb: https://therightworkshop.com/wp-content/uploads/2026/05/news_card_coe_cat_a_may2026.png -> https://therightworkshop.com/wp-content/uploads/2026/04/nb_servicing_oilpour_v2.jpg
[2026-06-16T19:58:46] featured_media fix: erp-2-obu-now-mandatory-key-dates-and-penalties-for-singapore-drivers page=6279 6829 -> 7452
[2026-06-16T19:58:47] featured_media fix: vep-and-gvp-fees-rise-from-january-2027-for-foreign-vehicles page=6199 6835 -> 7448
[2026-06-16T19:58:49] featured_media fix: singapore-ev-licence-plates-lta-and-scdf-begin-design-consultation page=6193 6840 -> 7450
[2026-06-16T19:58:50] featured_media fix: singapore-parf-rebate-schedule-and-cap-revised-from-feb-2026 page=6187 6845 -> 7446
[2026-06-17T18:42:10] PUSH ok: featured='Exporting Your Car in Singapore: What You Actually Get Back' (/coe-export-car-singapore/), hero_fixes=19, bucket=10
[2026-06-17T18:42:10]   hero-fix pre-purchase-car-inspection-singapore: https://therightworkshop.com/wp-content/uploads/2026/05/06-inspection-LOCKED.webp -> https://therightworkshop.com/wp-content/uploads/2026/05/06-inspection-LOCKED.jpg
[2026-06-17T18:42:10]   hero-fix cheapest-car-workshop-singapore: https://therightworkshop.com/wp-content/uploads/2026/05/07-workshop-LOCKED.webp -> https://therightworkshop.com/wp-content/uploads/2026/05/07-workshop-LOCKED.jpg
[2026-06-17T18:42:10]   hero-fix car-insurance-premium-factors-singapore: https://therightworkshop.com/wp-content/uploads/2026/05/05-insurance-premium-LOCKED.webp -> https://therightworkshop.com/wp-content/uploads/2026/05/05-insurance-premium-LOCKED.jpg
[2026-06-17T18:42:10]   hero-fix coe-explained: https://therightworkshop.com/wp-content/uploads/2026/05/COE_Explained_Hero_-_Singapore_Marina_Expressway.webp -> https://therightworkshop.com/wp-content/uploads/2026/05/COE_Explained_Hero_-_Singapore_Marina_Expressway.jpg
[2026-06-17T18:42:10]   hero-fix cat-a-vs-cat-b-singapore: https://therightworkshop.com/wp-content/uploads/2026/05/singapore-expressway-cat-a-cat-b-coe-cars.webp -> https://therightworkshop.com/wp-content/uploads/2026/05/singapore-expressway-cat-a-cat-b-coe-cars.jpg
[2026-06-17T18:42:10]   hero-fix coe-results-explained: https://therightworkshop.com/wp-content/uploads/2026/05/how-to-read-coe-results-singapore-hero.webp -> https://therightworkshop.com/wp-content/uploads/2026/05/how-to-read-coe-results-singapore-hero.jpg
[2026-06-17T18:42:10]   hero-fix coe-renewal-singapore: https://therightworkshop.com/wp-content/uploads/2026/05/01-coe-renewal-LOCKED.webp -> https://therightworkshop.com/wp-content/uploads/2026/05/01-coe-renewal-LOCKED.jpg
[2026-06-17T18:42:10]   hero-fix coe-export-car-singapore: https://therightworkshop.com/wp-content/uploads/2026/05/02-coe-export-LOCKED.webp -> https://therightworkshop.com/wp-content/uploads/2026/05/02-coe-export-LOCKED.jpg
[2026-06-17T18:42:10]   hero-fix scrap-car-singapore: https://therightworkshop.com/wp-content/uploads/2026/05/03-coe-scrap-LOCKED.webp -> https://therightworkshop.com/wp-content/uploads/2026/05/03-coe-scrap-LOCKED.jpg
[2026-06-17T18:42:10]   hero-fix coe-renewal-vs-scrap-singapore-guide: https://therightworkshop.com/wp-content/uploads/2026/04/nb_post7_coe_renewal_v1-1.webp -> https://therightworkshop.com/wp-content/uploads/2026/04/nb_post7_coe_renewal_v1-1.jpg
[2026-06-17T18:42:10]   hero-fix what-is-the-right-workshop-singapore: https://therightworkshop.com/wp-content/uploads/2026/04/nb_servicing_oilpour_v2.webp -> https://therightworkshop.com/wp-content/uploads/2026/04/nb_servicing_oilpour_v2.jpg
[2026-06-17T18:42:10]   hero-fix how-to-read-workshop-quote-singapore: https://therightworkshop.com/wp-content/uploads/2026/04/nb_post_read-quote_v1.webp -> https://therightworkshop.com/wp-content/uploads/2026/04/nb_post_read-quote_v1.jpg
[2026-06-17T18:42:10]   hero-fix brake-pads-rotors-singapore-when-to-change: https://therightworkshop.com/wp-content/uploads/2026/04/nb_post5_brake_pads_v1-1.webp -> https://therightworkshop.com/wp-content/uploads/2026/04/nb_post5_brake_pads_v1-1.jpg
[2026-06-17T18:42:10]   hero-fix erp-2-0-singapore-2026: https://therightworkshop.com/wp-content/uploads/2026/05/erp-2-0-gantry-singapore-hero.webp -> https://therightworkshop.com/wp-content/uploads/2026/05/erp-2-0-gantry-singapore-hero.jpg
[2026-06-17T18:42:10]   hero-fix erp-2-obu-now-mandatory-key-dates-and-penalties-for-singapore-drivers: https://therightworkshop.com/wp-content/uploads/2026/05/news_b_6279_jfjhmcir.png -> https://therightworkshop.com/wp-content/uploads/2026/05/6279_v2.png
[2026-06-17T18:42:10]   hero-fix vep-and-gvp-fees-rise-from-january-2027-for-foreign-vehicles: https://therightworkshop.com/wp-content/uploads/2026/05/news_b_6199_o95pzkv3.png -> https://therightworkshop.com/wp-content/uploads/2026/05/6199_v2.png
[2026-06-17T18:42:10]   hero-fix singapore-ev-licence-plates-lta-and-scdf-begin-design-consultation: https://therightworkshop.com/wp-content/uploads/2026/05/news_b_6193_ahyant0o.png -> https://therightworkshop.com/wp-content/uploads/2026/05/6193_v2.png
[2026-06-17T18:42:10]   hero-fix singapore-parf-rebate-schedule-and-cap-revised-from-feb-2026: https://therightworkshop.com/wp-content/uploads/2026/05/news_b_6187_288qizix.png -> https://therightworkshop.com/wp-content/uploads/2026/05/6187_v2.png
[2026-06-17T18:42:10]   hero-fix cat-a-coe-june-2026-hits-126009-whats-driving-the-climb: https://therightworkshop.com/wp-content/uploads/2026/05/news_card_coe_cat_a_may2026.png -> https://therightworkshop.com/wp-content/uploads/2026/04/nb_servicing_oilpour_v2.jpg
[2026-06-17T18:44:06] featured_media fix: erp-2-obu-now-mandatory-key-dates-and-penalties-for-singapore-drivers page=6279 6829 -> 7452
[2026-06-17T18:44:07] featured_media fix: vep-and-gvp-fees-rise-from-january-2027-for-foreign-vehicles page=6199 6835 -> 7448
[2026-06-17T18:44:09] featured_media fix: singapore-ev-licence-plates-lta-and-scdf-begin-design-consultation page=6193 6840 -> 7450
[2026-06-17T18:44:11] featured_media fix: singapore-parf-rebate-schedule-and-cap-revised-from-feb-2026 page=6187 6845 -> 7446
[2026-06-18T18:43:29] PUSH ok: featured='Exporting Your Car in Singapore: What You Actually Get Back' (/coe-export-car-singapore/), hero_fixes=19, bucket=11
[2026-06-18T18:43:29]   hero-fix pre-purchase-car-inspection-singapore: https://therightworkshop.com/wp-content/uploads/2026/05/06-inspection-LOCKED.webp -> https://therightworkshop.com/wp-content/uploads/2026/05/06-inspection-LOCKED.jpg
[2026-06-18T18:43:29]   hero-fix cheapest-car-workshop-singapore: https://therightworkshop.com/wp-content/uploads/2026/05/07-workshop-LOCKED.webp -> https://therightworkshop.com/wp-content/uploads/2026/05/07-workshop-LOCKED.jpg
[2026-06-18T18:43:29]   hero-fix car-insurance-premium-factors-singapore: https://therightworkshop.com/wp-content/uploads/2026/05/05-insurance-premium-LOCKED.webp -> https://therightworkshop.com/wp-content/uploads/2026/05/05-insurance-premium-LOCKED.jpg
[2026-06-18T18:43:29]   hero-fix coe-explained: https://therightworkshop.com/wp-content/uploads/2026/05/COE_Explained_Hero_-_Singapore_Marina_Expressway.webp -> https://therightworkshop.com/wp-content/uploads/2026/05/COE_Explained_Hero_-_Singapore_Marina_Expressway.jpg
[2026-06-18T18:43:29]   hero-fix cat-a-vs-cat-b-singapore: https://therightworkshop.com/wp-content/uploads/2026/05/singapore-expressway-cat-a-cat-b-coe-cars.webp -> https://therightworkshop.com/wp-content/uploads/2026/05/singapore-expressway-cat-a-cat-b-coe-cars.jpg
[2026-06-18T18:43:29]   hero-fix coe-results-explained: https://therightworkshop.com/wp-content/uploads/2026/05/how-to-read-coe-results-singapore-hero.webp -> https://therightworkshop.com/wp-content/uploads/2026/05/how-to-read-coe-results-singapore-hero.jpg
[2026-06-18T18:43:29]   hero-fix coe-renewal-singapore: https://therightworkshop.com/wp-content/uploads/2026/05/01-coe-renewal-LOCKED.webp -> https://therightworkshop.com/wp-content/uploads/2026/05/01-coe-renewal-LOCKED.jpg
[2026-06-18T18:43:29]   hero-fix coe-export-car-singapore: https://therightworkshop.com/wp-content/uploads/2026/05/02-coe-export-LOCKED.webp -> https://therightworkshop.com/wp-content/uploads/2026/05/02-coe-export-LOCKED.jpg
[2026-06-18T18:43:29]   hero-fix scrap-car-singapore: https://therightworkshop.com/wp-content/uploads/2026/05/03-coe-scrap-LOCKED.webp -> https://therightworkshop.com/wp-content/uploads/2026/05/03-coe-scrap-LOCKED.jpg
[2026-06-18T18:43:29]   hero-fix coe-renewal-vs-scrap-singapore-guide: https://therightworkshop.com/wp-content/uploads/2026/04/nb_post7_coe_renewal_v1-1.webp -> https://therightworkshop.com/wp-content/uploads/2026/04/nb_post7_coe_renewal_v1-1.jpg
[2026-06-18T18:43:29]   hero-fix what-is-the-right-workshop-singapore: https://therightworkshop.com/wp-content/uploads/2026/04/nb_servicing_oilpour_v2.webp -> https://therightworkshop.com/wp-content/uploads/2026/04/nb_servicing_oilpour_v2.jpg
[2026-06-18T18:43:29]   hero-fix how-to-read-workshop-quote-singapore: https://therightworkshop.com/wp-content/uploads/2026/04/nb_post_read-quote_v1.webp -> https://therightworkshop.com/wp-content/uploads/2026/04/nb_post_read-quote_v1.jpg
[2026-06-18T18:43:29]   hero-fix brake-pads-rotors-singapore-when-to-change: https://therightworkshop.com/wp-content/uploads/2026/04/nb_post5_brake_pads_v1-1.webp -> https://therightworkshop.com/wp-content/uploads/2026/04/nb_post5_brake_pads_v1-1.jpg
[2026-06-18T18:43:29]   hero-fix erp-2-0-singapore-2026: https://therightworkshop.com/wp-content/uploads/2026/05/erp-2-0-gantry-singapore-hero.webp -> https://therightworkshop.com/wp-content/uploads/2026/05/erp-2-0-gantry-singapore-hero.jpg
[2026-06-18T18:43:29]   hero-fix erp-2-obu-now-mandatory-key-dates-and-penalties-for-singapore-drivers: https://therightworkshop.com/wp-content/uploads/2026/05/news_b_6279_jfjhmcir.png -> https://therightworkshop.com/wp-content/uploads/2026/05/6279_v2.png
[2026-06-18T18:43:29]   hero-fix vep-and-gvp-fees-rise-from-january-2027-for-foreign-vehicles: https://therightworkshop.com/wp-content/uploads/2026/05/news_b_6199_o95pzkv3.png -> https://therightworkshop.com/wp-content/uploads/2026/05/6199_v2.png
[2026-06-18T18:43:29]   hero-fix singapore-ev-licence-plates-lta-and-scdf-begin-design-consultation: https://therightworkshop.com/wp-content/uploads/2026/05/news_b_6193_ahyant0o.png -> https://therightworkshop.com/wp-content/uploads/2026/05/6193_v2.png
[2026-06-18T18:43:29]   hero-fix singapore-parf-rebate-schedule-and-cap-revised-from-feb-2026: https://therightworkshop.com/wp-content/uploads/2026/05/news_b_6187_288qizix.png -> https://therightworkshop.com/wp-content/uploads/2026/05/6187_v2.png
[2026-06-18T18:43:29]   hero-fix cat-a-coe-june-2026-hits-126009-whats-driving-the-climb: https://therightworkshop.com/wp-content/uploads/2026/05/news_card_coe_cat_a_may2026.png -> https://therightworkshop.com/wp-content/uploads/2026/04/nb_servicing_oilpour_v2.jpg
[2026-06-18T18:45:22] featured_media fix: erp-2-obu-now-mandatory-key-dates-and-penalties-for-singapore-drivers page=6279 6829 -> 7452
[2026-06-18T18:45:25] featured_media fix: vep-and-gvp-fees-rise-from-january-2027-for-foreign-vehicles page=6199 6835 -> 7448
[2026-06-18T18:45:27] featured_media fix: singapore-ev-licence-plates-lta-and-scdf-begin-design-consultation page=6193 6840 -> 7450
[2026-06-18T18:45:29] featured_media fix: singapore-parf-rebate-schedule-and-cap-revised-from-feb-2026 page=6187 6845 -> 7446
[2026-06-18T18:45:32] featured_media fix: car-insurance-broker-vs-direct-singapore page=8079 0 -> 5728
[2026-06-19T18:16:57] PUSH ok: featured='Exporting Your Car in Singapore: What You Actually Get Back' (/coe-export-car-singapore/), hero_fixes=16, bucket=11
[2026-06-19T18:16:57]   hero-fix pre-purchase-car-inspection-singapore: https://therightworkshop.com/wp-content/uploads/2026/05/06-inspection-LOCKED.webp -> https://therightworkshop.com/wp-content/uploads/2026/05/06-inspection-LOCKED.jpg
[2026-06-19T18:16:57]   hero-fix cheapest-car-workshop-singapore: https://therightworkshop.com/wp-content/uploads/2026/05/07-workshop-LOCKED.webp -> https://therightworkshop.com/wp-content/uploads/2026/05/07-workshop-LOCKED.jpg
[2026-06-19T18:16:57]   hero-fix car-insurance-premium-factors-singapore: https://therightworkshop.com/wp-content/uploads/2026/05/05-insurance-premium-LOCKED.webp -> https://therightworkshop.com/wp-content/uploads/2026/05/05-insurance-premium-LOCKED.jpg
[2026-06-19T18:16:57]   hero-fix coe-explained: https://therightworkshop.com/wp-content/uploads/2026/05/COE_Explained_Hero_-_Singapore_Marina_Expressway.webp -> https://therightworkshop.com/wp-content/uploads/2026/05/COE_Explained_Hero_-_Singapore_Marina_Expressway.jpg
[2026-06-19T18:16:57]   hero-fix cat-a-vs-cat-b-singapore: https://therightworkshop.com/wp-content/uploads/2026/05/singapore-expressway-cat-a-cat-b-coe-cars.webp -> https://therightworkshop.com/wp-content/uploads/2026/05/singapore-expressway-cat-a-cat-b-coe-cars.jpg
[2026-06-19T18:16:57]   hero-fix coe-results-explained: https://therightworkshop.com/wp-content/uploads/2026/05/how-to-read-coe-results-singapore-hero.webp -> https://therightworkshop.com/wp-content/uploads/2026/05/how-to-read-coe-results-singapore-hero.jpg
[2026-06-19T18:16:57]   hero-fix coe-renewal-singapore: https://therightworkshop.com/wp-content/uploads/2026/05/01-coe-renewal-LOCKED.webp -> https://therightworkshop.com/wp-content/uploads/2026/05/01-coe-renewal-LOCKED.jpg
[2026-06-19T18:16:57]   hero-fix coe-export-car-singapore: https://therightworkshop.com/wp-content/uploads/2026/05/02-coe-export-LOCKED.webp -> https://therightworkshop.com/wp-content/uploads/2026/05/02-coe-export-LOCKED.jpg
[2026-06-19T18:16:57]   hero-fix scrap-car-singapore: https://therightworkshop.com/wp-content/uploads/2026/05/03-coe-scrap-LOCKED.webp -> https://therightworkshop.com/wp-content/uploads/2026/05/03-coe-scrap-LOCKED.jpg
[2026-06-19T18:16:57]   hero-fix coe-renewal-vs-scrap-singapore-guide: https://therightworkshop.com/wp-content/uploads/2026/04/nb_post7_coe_renewal_v1-1.webp -> https://therightworkshop.com/wp-content/uploads/2026/04/nb_post7_coe_renewal_v1-1.jpg
[2026-06-19T18:16:57]   hero-fix what-is-the-right-workshop-singapore: https://therightworkshop.com/wp-content/uploads/2026/04/nb_servicing_oilpour_v2.webp -> https://therightworkshop.com/wp-content/uploads/2026/04/nb_servicing_oilpour_v2.jpg
[2026-06-19T18:16:57]   hero-fix how-to-read-workshop-quote-singapore: https://therightworkshop.com/wp-content/uploads/2026/04/nb_post_read-quote_v1.webp -> https://therightworkshop.com/wp-content/uploads/2026/04/nb_post_read-quote_v1.jpg
[2026-06-19T18:16:57]   hero-fix brake-pads-rotors-singapore-when-to-change: https://therightworkshop.com/wp-content/uploads/2026/04/nb_post5_brake_pads_v1-1.webp -> https://therightworkshop.com/wp-content/uploads/2026/04/nb_post5_brake_pads_v1-1.jpg
[2026-06-19T18:16:57]   hero-fix erp-2-0-singapore-2026: https://therightworkshop.com/wp-content/uploads/2026/05/erp-2-0-gantry-singapore-hero.webp -> https://therightworkshop.com/wp-content/uploads/2026/05/erp-2-0-gantry-singapore-hero.jpg
[2026-06-19T18:16:57]   hero-fix cat-a-coe-june-2026-hits-126009-whats-driving-the-climb: https://therightworkshop.com/wp-content/uploads/2026/04/nb_servicing_oilpour_v2.webp -> https://therightworkshop.com/wp-content/uploads/2026/04/nb_servicing_oilpour_v2.jpg
[2026-06-19T18:16:57]   hero-fix car-insurance-broker-vs-direct-singapore: https://therightworkshop.com/wp-content/uploads/2026/05/04-insurance-broker-LOCKED.webp -> https://therightworkshop.com/wp-content/uploads/2026/05/04-insurance-broker-LOCKED.jpg
[2026-06-20T17:55:15] PUSH ok: featured='Exporting Your Car in Singapore: What You Actually Get Back' (/coe-export-car-singapore/), hero_fixes=16, bucket=11
[2026-06-20T17:55:15]   hero-fix pre-purchase-car-inspection-singapore: https://therightworkshop.com/wp-content/uploads/2026/05/06-inspection-LOCKED.webp -> https://therightworkshop.com/wp-content/uploads/2026/05/06-inspection-LOCKED.jpg
[2026-06-20T17:55:15]   hero-fix cheapest-car-workshop-singapore: https://therightworkshop.com/wp-content/uploads/2026/05/07-workshop-LOCKED.webp -> https://therightworkshop.com/wp-content/uploads/2026/05/07-workshop-LOCKED.jpg
[2026-06-20T17:55:15]   hero-fix car-insurance-premium-factors-singapore: https://therightworkshop.com/wp-content/uploads/2026/05/05-insurance-premium-LOCKED.webp -> https://therightworkshop.com/wp-content/uploads/2026/05/05-insurance-premium-LOCKED.jpg
[2026-06-20T17:55:15]   hero-fix coe-explained: https://therightworkshop.com/wp-content/uploads/2026/05/COE_Explained_Hero_-_Singapore_Marina_Expressway.webp -> https://therightworkshop.com/wp-content/uploads/2026/05/COE_Explained_Hero_-_Singapore_Marina_Expressway.jpg
[2026-06-20T17:55:15]   hero-fix cat-a-vs-cat-b-singapore: https://therightworkshop.com/wp-content/uploads/2026/05/singapore-expressway-cat-a-cat-b-coe-cars.webp -> https://therightworkshop.com/wp-content/uploads/2026/05/singapore-expressway-cat-a-cat-b-coe-cars.jpg
[2026-06-20T17:55:15]   hero-fix coe-results-explained: https://therightworkshop.com/wp-content/uploads/2026/05/how-to-read-coe-results-singapore-hero.webp -> https://therightworkshop.com/wp-content/uploads/2026/05/how-to-read-coe-results-singapore-hero.jpg
[2026-06-20T17:55:15]   hero-fix coe-renewal-singapore: https://therightworkshop.com/wp-content/uploads/2026/05/01-coe-renewal-LOCKED.webp -> https://therightworkshop.com/wp-content/uploads/2026/05/01-coe-renewal-LOCKED.jpg
[2026-06-20T17:55:15]   hero-fix coe-export-car-singapore: https://therightworkshop.com/wp-content/uploads/2026/05/02-coe-export-LOCKED.webp -> https://therightworkshop.com/wp-content/uploads/2026/05/02-coe-export-LOCKED.jpg
[2026-06-20T17:55:15]   hero-fix scrap-car-singapore: https://therightworkshop.com/wp-content/uploads/2026/05/03-coe-scrap-LOCKED.webp -> https://therightworkshop.com/wp-content/uploads/2026/05/03-coe-scrap-LOCKED.jpg
[2026-06-20T17:55:15]   hero-fix coe-renewal-vs-scrap-singapore-guide: https://therightworkshop.com/wp-content/uploads/2026/04/nb_post7_coe_renewal_v1-1.webp -> https://therightworkshop.com/wp-content/uploads/2026/04/nb_post7_coe_renewal_v1-1.jpg
[2026-06-20T17:55:15]   hero-fix what-is-the-right-workshop-singapore: https://therightworkshop.com/wp-content/uploads/2026/04/nb_servicing_oilpour_v2.webp -> https://therightworkshop.com/wp-content/uploads/2026/04/nb_servicing_oilpour_v2.jpg
[2026-06-20T17:55:15]   hero-fix how-to-read-workshop-quote-singapore: https://therightworkshop.com/wp-content/uploads/2026/04/nb_post_read-quote_v1.webp -> https://therightworkshop.com/wp-content/uploads/2026/04/nb_post_read-quote_v1.jpg
[2026-06-20T17:55:15]   hero-fix brake-pads-rotors-singapore-when-to-change: https://therightworkshop.com/wp-content/uploads/2026/04/nb_post5_brake_pads_v1-1.webp -> https://therightworkshop.com/wp-content/uploads/2026/04/nb_post5_brake_pads_v1-1.jpg
[2026-06-20T17:55:15]   hero-fix erp-2-0-singapore-2026: https://therightworkshop.com/wp-content/uploads/2026/05/erp-2-0-gantry-singapore-hero.webp -> https://therightworkshop.com/wp-content/uploads/2026/05/erp-2-0-gantry-singapore-hero.jpg
[2026-06-20T17:55:15]   hero-fix cat-a-coe-june-2026-hits-126009-whats-driving-the-climb: https://therightworkshop.com/wp-content/uploads/2026/04/nb_servicing_oilpour_v2.webp -> https://therightworkshop.com/wp-content/uploads/2026/04/nb_servicing_oilpour_v2.jpg
[2026-06-20T17:55:15]   hero-fix car-insurance-broker-vs-direct-singapore: https://therightworkshop.com/wp-content/uploads/2026/05/04-insurance-broker-LOCKED.webp -> https://therightworkshop.com/wp-content/uploads/2026/05/04-insurance-broker-LOCKED.jpg
[2026-06-21T18:04:28] PUSH ok: featured='Exporting Your Car in Singapore: What You Actually Get Back' (/coe-export-car-singapore/), hero_fixes=20, bucket=11
[2026-06-21T18:04:28]   hero-fix pre-purchase-car-inspection-singapore: https://therightworkshop.com/wp-content/uploads/2026/05/06-inspection-LOCKED.webp -> https://therightworkshop.com/wp-content/uploads/2026/05/06-inspection-LOCKED.jpg
[2026-06-21T18:04:28]   hero-fix cheapest-car-workshop-singapore: https://therightworkshop.com/wp-content/uploads/2026/05/07-workshop-LOCKED.webp -> https://therightworkshop.com/wp-content/uploads/2026/05/07-workshop-LOCKED.jpg
[2026-06-21T18:04:28]   hero-fix car-insurance-premium-factors-singapore: https://therightworkshop.com/wp-content/uploads/2026/05/05-insurance-premium-LOCKED.webp -> https://therightworkshop.com/wp-content/uploads/2026/05/05-insurance-premium-LOCKED.jpg
[2026-06-21T18:04:28]   hero-fix coe-explained: https://therightworkshop.com/wp-content/uploads/2026/05/COE_Explained_Hero_-_Singapore_Marina_Expressway.webp -> https://therightworkshop.com/wp-content/uploads/2026/05/COE_Explained_Hero_-_Singapore_Marina_Expressway.jpg
[2026-06-21T18:04:28]   hero-fix cat-a-vs-cat-b-singapore: https://therightworkshop.com/wp-content/uploads/2026/05/singapore-expressway-cat-a-cat-b-coe-cars.webp -> https://therightworkshop.com/wp-content/uploads/2026/05/singapore-expressway-cat-a-cat-b-coe-cars.jpg
[2026-06-21T18:04:28]   hero-fix coe-results-explained: https://therightworkshop.com/wp-content/uploads/2026/05/how-to-read-coe-results-singapore-hero.webp -> https://therightworkshop.com/wp-content/uploads/2026/05/how-to-read-coe-results-singapore-hero.jpg
[2026-06-21T18:04:28]   hero-fix coe-renewal-singapore: https://therightworkshop.com/wp-content/uploads/2026/05/01-coe-renewal-LOCKED.webp -> https://therightworkshop.com/wp-content/uploads/2026/05/01-coe-renewal-LOCKED.jpg
[2026-06-21T18:04:28]   hero-fix coe-export-car-singapore: https://therightworkshop.com/wp-content/uploads/2026/05/02-coe-export-LOCKED.webp -> https://therightworkshop.com/wp-content/uploads/2026/05/02-coe-export-LOCKED.jpg
[2026-06-21T18:04:28]   hero-fix scrap-car-singapore: https://therightworkshop.com/wp-content/uploads/2026/05/03-coe-scrap-LOCKED.webp -> https://therightworkshop.com/wp-content/uploads/2026/05/03-coe-scrap-LOCKED.jpg
[2026-06-21T18:04:28]   hero-fix coe-renewal-vs-scrap-singapore-guide: https://therightworkshop.com/wp-content/uploads/2026/04/nb_post7_coe_renewal_v1-1.webp -> https://therightworkshop.com/wp-content/uploads/2026/04/nb_post7_coe_renewal_v1-1.jpg
[2026-06-21T18:04:28]   hero-fix what-is-the-right-workshop-singapore: https://therightworkshop.com/wp-content/uploads/2026/04/nb_servicing_oilpour_v2.webp -> https://therightworkshop.com/wp-content/uploads/2026/04/nb_servicing_oilpour_v2.jpg
[2026-06-21T18:04:28]   hero-fix how-to-read-workshop-quote-singapore: https://therightworkshop.com/wp-content/uploads/2026/04/nb_post_read-quote_v1.webp -> https://therightworkshop.com/wp-content/uploads/2026/04/nb_post_read-quote_v1.jpg
[2026-06-21T18:04:28]   hero-fix brake-pads-rotors-singapore-when-to-change: https://therightworkshop.com/wp-content/uploads/2026/04/nb_post5_brake_pads_v1-1.webp -> https://therightworkshop.com/wp-content/uploads/2026/04/nb_post5_brake_pads_v1-1.jpg
[2026-06-21T18:04:28]   hero-fix erp-2-0-singapore-2026: https://therightworkshop.com/wp-content/uploads/2026/05/erp-2-0-gantry-singapore-hero.webp -> https://therightworkshop.com/wp-content/uploads/2026/05/erp-2-0-gantry-singapore-hero.jpg
[2026-06-21T18:04:28]   hero-fix erp-2-obu-now-mandatory-key-dates-and-penalties-for-singapore-drivers: https://therightworkshop.com/wp-content/uploads/2026/05/news_b_6279_jfjhmcir.png -> https://therightworkshop.com/wp-content/uploads/2026/05/6279_v2.png
[2026-06-21T18:04:28]   hero-fix vep-and-gvp-fees-rise-from-january-2027-for-foreign-vehicles: https://therightworkshop.com/wp-content/uploads/2026/05/news_b_6199_o95pzkv3.png -> https://therightworkshop.com/wp-content/uploads/2026/05/6199_v2.png
[2026-06-21T18:04:28]   hero-fix singapore-ev-licence-plates-lta-and-scdf-begin-design-consultation: https://therightworkshop.com/wp-content/uploads/2026/05/news_b_6193_ahyant0o.png -> https://therightworkshop.com/wp-content/uploads/2026/05/6193_v2.png
[2026-06-21T18:04:28]   hero-fix singapore-parf-rebate-schedule-and-cap-revised-from-feb-2026: https://therightworkshop.com/wp-content/uploads/2026/05/news_b_6187_288qizix.png -> https://therightworkshop.com/wp-content/uploads/2026/05/6187_v2.png
[2026-06-21T18:04:28]   hero-fix cat-a-coe-june-2026-hits-126009-whats-driving-the-climb: https://therightworkshop.com/wp-content/uploads/2026/04/nb_servicing_oilpour_v2.webp -> https://therightworkshop.com/wp-content/uploads/2026/04/nb_servicing_oilpour_v2.jpg
[2026-06-21T18:04:28]   hero-fix car-insurance-broker-vs-direct-singapore: https://therightworkshop.com/wp-content/uploads/2026/05/04-insurance-broker-LOCKED.webp -> https://therightworkshop.com/wp-content/uploads/2026/05/04-insurance-broker-LOCKED.jpg
[2026-06-21T18:06:01] featured_media fix: erp-2-obu-now-mandatory-key-dates-and-penalties-for-singapore-drivers page=6279 6829 -> 7452
[2026-06-21T18:06:02] featured_media fix: vep-and-gvp-fees-rise-from-january-2027-for-foreign-vehicles page=6199 6835 -> 7448
[2026-06-21T18:06:04] featured_media fix: singapore-ev-licence-plates-lta-and-scdf-begin-design-consultation page=6193 6840 -> 7450
[2026-06-21T18:06:05] featured_media fix: singapore-parf-rebate-schedule-and-cap-revised-from-feb-2026 page=6187 6845 -> 7446
[2026-06-22T19:55:54] PUSH ok: featured='Exporting Your Car in Singapore: What You Actually Get Back' (/coe-export-car-singapore/), hero_fixes=20, bucket=11
[2026-06-22T19:55:54]   hero-fix pre-purchase-car-inspection-singapore: https://therightworkshop.com/wp-content/uploads/2026/05/06-inspection-LOCKED.webp -> https://therightworkshop.com/wp-content/uploads/2026/05/06-inspection-LOCKED.jpg
[2026-06-22T19:55:54]   hero-fix cheapest-car-workshop-singapore: https://therightworkshop.com/wp-content/uploads/2026/05/07-workshop-LOCKED.webp -> https://therightworkshop.com/wp-content/uploads/2026/05/07-workshop-LOCKED.jpg
[2026-06-22T19:55:54]   hero-fix car-insurance-premium-factors-singapore: https://therightworkshop.com/wp-content/uploads/2026/05/05-insurance-premium-LOCKED.webp -> https://therightworkshop.com/wp-content/uploads/2026/05/05-insurance-premium-LOCKED.jpg
[2026-06-22T19:55:54]   hero-fix coe-explained: https://therightworkshop.com/wp-content/uploads/2026/05/COE_Explained_Hero_-_Singapore_Marina_Expressway.webp -> https://therightworkshop.com/wp-content/uploads/2026/05/COE_Explained_Hero_-_Singapore_Marina_Expressway.jpg
[2026-06-22T19:55:54]   hero-fix cat-a-vs-cat-b-singapore: https://therightworkshop.com/wp-content/uploads/2026/05/singapore-expressway-cat-a-cat-b-coe-cars.webp -> https://therightworkshop.com/wp-content/uploads/2026/05/singapore-expressway-cat-a-cat-b-coe-cars.jpg
[2026-06-22T19:55:54]   hero-fix coe-results-explained: https://therightworkshop.com/wp-content/uploads/2026/05/how-to-read-coe-results-singapore-hero.webp -> https://therightworkshop.com/wp-content/uploads/2026/05/how-to-read-coe-results-singapore-hero.jpg
[2026-06-22T19:55:54]   hero-fix coe-renewal-singapore: https://therightworkshop.com/wp-content/uploads/2026/05/01-coe-renewal-LOCKED.webp -> https://therightworkshop.com/wp-content/uploads/2026/05/01-coe-renewal-LOCKED.jpg
[2026-06-22T19:55:54]   hero-fix coe-export-car-singapore: https://therightworkshop.com/wp-content/uploads/2026/05/02-coe-export-LOCKED.webp -> https://therightworkshop.com/wp-content/uploads/2026/05/02-coe-export-LOCKED.jpg
[2026-06-22T19:55:54]   hero-fix scrap-car-singapore: https://therightworkshop.com/wp-content/uploads/2026/05/03-coe-scrap-LOCKED.webp -> https://therightworkshop.com/wp-content/uploads/2026/05/03-coe-scrap-LOCKED.jpg
[2026-06-22T19:55:54]   hero-fix coe-renewal-vs-scrap-singapore-guide: https://therightworkshop.com/wp-content/uploads/2026/04/nb_post7_coe_renewal_v1-1.webp -> https://therightworkshop.com/wp-content/uploads/2026/04/nb_post7_coe_renewal_v1-1.jpg
[2026-06-22T19:55:54]   hero-fix what-is-the-right-workshop-singapore: https://therightworkshop.com/wp-content/uploads/2026/04/nb_servicing_oilpour_v2.webp -> https://therightworkshop.com/wp-content/uploads/2026/04/nb_servicing_oilpour_v2.jpg
[2026-06-22T19:55:54]   hero-fix how-to-read-workshop-quote-singapore: https://therightworkshop.com/wp-content/uploads/2026/04/nb_post_read-quote_v1.webp -> https://therightworkshop.com/wp-content/uploads/2026/04/nb_post_read-quote_v1.jpg
[2026-06-22T19:55:54]   hero-fix brake-pads-rotors-singapore-when-to-change: https://therightworkshop.com/wp-content/uploads/2026/04/nb_post5_brake_pads_v1-1.webp -> https://therightworkshop.com/wp-content/uploads/2026/04/nb_post5_brake_pads_v1-1.jpg
[2026-06-22T19:55:54]   hero-fix erp-2-0-singapore-2026: https://therightworkshop.com/wp-content/uploads/2026/05/erp-2-0-gantry-singapore-hero.webp -> https://therightworkshop.com/wp-content/uploads/2026/05/erp-2-0-gantry-singapore-hero.jpg
[2026-06-22T19:55:54]   hero-fix erp-2-obu-now-mandatory-key-dates-and-penalties-for-singapore-drivers: https://therightworkshop.com/wp-content/uploads/2026/05/news_b_6279_jfjhmcir.png -> https://therightworkshop.com/wp-content/uploads/2026/05/6279_v2.png
[2026-06-22T19:55:54]   hero-fix vep-and-gvp-fees-rise-from-january-2027-for-foreign-vehicles: https://therightworkshop.com/wp-content/uploads/2026/05/news_b_6199_o95pzkv3.png -> https://therightworkshop.com/wp-content/uploads/2026/05/6199_v2.png
[2026-06-22T19:55:54]   hero-fix singapore-ev-licence-plates-lta-and-scdf-begin-design-consultation: https://therightworkshop.com/wp-content/uploads/2026/05/news_b_6193_ahyant0o.png -> https://therightworkshop.com/wp-content/uploads/2026/05/6193_v2.png
[2026-06-22T19:55:54]   hero-fix singapore-parf-rebate-schedule-and-cap-revised-from-feb-2026: https://therightworkshop.com/wp-content/uploads/2026/05/news_b_6187_288qizix.png -> https://therightworkshop.com/wp-content/uploads/2026/05/6187_v2.png
[2026-06-22T19:55:54]   hero-fix cat-a-coe-june-2026-hits-126009-whats-driving-the-climb: https://therightworkshop.com/wp-content/uploads/2026/04/nb_servicing_oilpour_v2.webp -> https://therightworkshop.com/wp-content/uploads/2026/04/nb_servicing_oilpour_v2.jpg
[2026-06-22T19:55:54]   hero-fix car-insurance-broker-vs-direct-singapore: https://therightworkshop.com/wp-content/uploads/2026/05/04-insurance-broker-LOCKED.webp -> https://therightworkshop.com/wp-content/uploads/2026/05/04-insurance-broker-LOCKED.jpg
[2026-06-22T19:57:32] featured_media fix: erp-2-obu-now-mandatory-key-dates-and-penalties-for-singapore-drivers page=6279 6829 -> 7452
[2026-06-22T19:57:35] featured_media fix: vep-and-gvp-fees-rise-from-january-2027-for-foreign-vehicles page=6199 6835 -> 7448
[2026-06-22T19:57:37] featured_media fix: singapore-ev-licence-plates-lta-and-scdf-begin-design-consultation page=6193 6840 -> 7450
[2026-06-22T19:57:38] featured_media fix: singapore-parf-rebate-schedule-and-cap-revised-from-feb-2026 page=6187 6845 -> 7446
[2026-06-23T12:25:09] PUSH ok: featured='COE Renewal in Singapore: The Calculation No One Explains Clearly' (/coe-renewal-singapore/), hero_fixes=20, bucket=12
[2026-06-23T12:25:09]   hero-fix pre-purchase-car-inspection-singapore: https://therightworkshop.com/wp-content/uploads/2026/05/06-inspection-LOCKED.webp -> https://therightworkshop.com/wp-content/uploads/2026/05/06-inspection-LOCKED.jpg
[2026-06-23T12:25:09]   hero-fix cheapest-car-workshop-singapore: https://therightworkshop.com/wp-content/uploads/2026/05/07-workshop-LOCKED.webp -> https://therightworkshop.com/wp-content/uploads/2026/05/07-workshop-LOCKED.jpg
[2026-06-23T12:25:09]   hero-fix car-insurance-premium-factors-singapore: https://therightworkshop.com/wp-content/uploads/2026/05/05-insurance-premium-LOCKED.webp -> https://therightworkshop.com/wp-content/uploads/2026/05/05-insurance-premium-LOCKED.jpg
[2026-06-23T12:25:09]   hero-fix coe-explained: https://therightworkshop.com/wp-content/uploads/2026/05/COE_Explained_Hero_-_Singapore_Marina_Expressway.webp -> https://therightworkshop.com/wp-content/uploads/2026/05/COE_Explained_Hero_-_Singapore_Marina_Expressway.jpg
[2026-06-23T12:25:09]   hero-fix cat-a-vs-cat-b-singapore: https://therightworkshop.com/wp-content/uploads/2026/05/singapore-expressway-cat-a-cat-b-coe-cars.webp -> https://therightworkshop.com/wp-content/uploads/2026/05/singapore-expressway-cat-a-cat-b-coe-cars.jpg
[2026-06-23T12:25:09]   hero-fix coe-results-explained: https://therightworkshop.com/wp-content/uploads/2026/05/how-to-read-coe-results-singapore-hero.webp -> https://therightworkshop.com/wp-content/uploads/2026/05/how-to-read-coe-results-singapore-hero.jpg
[2026-06-23T12:25:09]   hero-fix coe-renewal-singapore: https://therightworkshop.com/wp-content/uploads/2026/05/01-coe-renewal-LOCKED.webp -> https://therightworkshop.com/wp-content/uploads/2026/05/01-coe-renewal-LOCKED.jpg
[2026-06-23T12:25:09]   hero-fix coe-export-car-singapore: https://therightworkshop.com/wp-content/uploads/2026/05/02-coe-export-LOCKED.webp -> https://therightworkshop.com/wp-content/uploads/2026/05/02-coe-export-LOCKED.jpg
[2026-06-23T12:25:09]   hero-fix scrap-car-singapore: https://therightworkshop.com/wp-content/uploads/2026/05/03-coe-scrap-LOCKED.webp -> https://therightworkshop.com/wp-content/uploads/2026/05/03-coe-scrap-LOCKED.jpg
[2026-06-23T12:25:09]   hero-fix coe-renewal-vs-scrap-singapore-guide: https://therightworkshop.com/wp-content/uploads/2026/04/nb_post7_coe_renewal_v1-1.webp -> https://therightworkshop.com/wp-content/uploads/2026/04/nb_post7_coe_renewal_v1-1.jpg
[2026-06-23T12:25:09]   hero-fix what-is-the-right-workshop-singapore: https://therightworkshop.com/wp-content/uploads/2026/04/nb_servicing_oilpour_v2.webp -> https://therightworkshop.com/wp-content/uploads/2026/04/nb_servicing_oilpour_v2.jpg
[2026-06-23T12:25:09]   hero-fix how-to-read-workshop-quote-singapore: https://therightworkshop.com/wp-content/uploads/2026/04/nb_post_read-quote_v1.webp -> https://therightworkshop.com/wp-content/uploads/2026/04/nb_post_read-quote_v1.jpg
[2026-06-23T12:25:09]   hero-fix brake-pads-rotors-singapore-when-to-change: https://therightworkshop.com/wp-content/uploads/2026/04/nb_post5_brake_pads_v1-1.webp -> https://therightworkshop.com/wp-content/uploads/2026/04/nb_post5_brake_pads_v1-1.jpg
[2026-06-23T12:25:09]   hero-fix erp-2-0-singapore-2026: https://therightworkshop.com/wp-content/uploads/2026/05/erp-2-0-gantry-singapore-hero.webp -> https://therightworkshop.com/wp-content/uploads/2026/05/erp-2-0-gantry-singapore-hero.jpg
[2026-06-23T12:25:09]   hero-fix erp-2-obu-now-mandatory-key-dates-and-penalties-for-singapore-drivers: https://therightworkshop.com/wp-content/uploads/2026/05/news_b_6279_jfjhmcir.png -> https://therightworkshop.com/wp-content/uploads/2026/05/6279_v2.png
[2026-06-23T12:25:09]   hero-fix vep-and-gvp-fees-rise-from-january-2027-for-foreign-vehicles: https://therightworkshop.com/wp-content/uploads/2026/05/news_b_6199_o95pzkv3.png -> https://therightworkshop.com/wp-content/uploads/2026/05/6199_v2.png
[2026-06-23T12:25:09]   hero-fix singapore-ev-licence-plates-lta-and-scdf-begin-design-consultation: https://therightworkshop.com/wp-content/uploads/2026/05/news_b_6193_ahyant0o.png -> https://therightworkshop.com/wp-content/uploads/2026/05/6193_v2.png
[2026-06-23T12:25:09]   hero-fix singapore-parf-rebate-schedule-and-cap-revised-from-feb-2026: https://therightworkshop.com/wp-content/uploads/2026/05/news_b_6187_288qizix.png -> https://therightworkshop.com/wp-content/uploads/2026/05/6187_v2.png
[2026-06-23T12:25:09]   hero-fix cat-a-coe-june-2026-hits-126009-whats-driving-the-climb: https://therightworkshop.com/wp-content/uploads/2026/04/nb_servicing_oilpour_v2.webp -> https://therightworkshop.com/wp-content/uploads/2026/04/nb_servicing_oilpour_v2.jpg
[2026-06-23T12:25:09]   hero-fix car-insurance-broker-vs-direct-singapore: https://therightworkshop.com/wp-content/uploads/2026/05/04-insurance-broker-LOCKED.webp -> https://therightworkshop.com/wp-content/uploads/2026/05/04-insurance-broker-LOCKED.jpg
[2026-06-23T12:27:03] featured_media fix: erp-2-obu-now-mandatory-key-dates-and-penalties-for-singapore-drivers page=6279 6829 -> 7452
[2026-06-23T12:27:05] featured_media fix: vep-and-gvp-fees-rise-from-january-2027-for-foreign-vehicles page=6199 6835 -> 7448
[2026-06-23T12:27:06] featured_media fix: singapore-ev-licence-plates-lta-and-scdf-begin-design-consultation page=6193 6840 -> 7450
[2026-06-23T12:27:08] featured_media fix: singapore-parf-rebate-schedule-and-cap-revised-from-feb-2026 page=6187 6845 -> 7446
