[2026-04-25 17:47:15 +08] SKIP engine-lights-2026-04-25 — past 90-min grace window
[2026-04-25 17:47:15 +08] run: no due posts
[2026-04-25 18:36:27 +08] run: no due posts
[2026-04-25 19:25:02 +08] run: no due posts
[2026-04-25 19:58:55 +08] Posting timing-belt-2026-04-25 (carousel) — notes: Timing Belt repost (was DXd9Z4-HP4s)
[2026-04-25 19:58:55 +08] ERR timing-belt-2026-04-25: post_instagram_carousel.py failed: ERROR: .env not found at /home/runner/work/trw-ig-scheduler/trw-ig-scheduler/.env

[2026-04-25 21:09:24 +08] Posting engine-lights-2026-04-25 (carousel) — notes: Warning Light Decoded Post 1 — Engine Lights (rescheduled from 2026-04-25 after TCC miss)
[2026-04-25 21:09:24 +08] ERR engine-lights-2026-04-25: post_instagram_carousel.py failed: ERROR: .env not found at /home/runner/work/trw-ig-scheduler/trw-ig-scheduler/.env

[2026-04-25 22:07:41 +08] run: no due posts
[2026-04-25 22:59:09 +08] SKIP timing-belt-2026-04-25 — past 90-min grace window
[2026-04-25 22:59:09 +08] SKIP engine-lights-2026-04-25 — past 90-min grace window
[2026-04-25 22:59:09 +08] run: no due posts
[2026-04-25 23:41:33 +08] run: no due posts
[2026-04-26 00:23:01 +08] SKIP engine-lights-2026-04-25 — past 90-min grace window
[2026-04-26 00:23:01 +08] SKIP doreen-review-2026-04-25 — past 90-min grace window
[2026-04-26 00:23:01 +08] run: no due posts
[2026-04-26 01:06:11 +08] run: no due posts
[2026-04-26 01:56:01 +08] run: no due posts
[2026-04-26 02:40:53 +08] run: no due posts
[2026-04-26 03:32:18 +08] run: no due posts
[2026-04-26 04:20:48 +08] run: no due posts
[2026-04-26 05:01:58 +08] run: no due posts
[2026-04-26 05:52:12 +08] run: no due posts
[2026-04-26 06:28:02 +08] run: no due posts
[2026-04-26 07:04:44 +08] run: no due posts
[2026-04-26 07:53:48 +08] run: no due posts
[2026-04-26 09:56:05 +08] run: no due posts
[2026-04-26 13:25:44 +08] Posting timing-belt-2026-04-25 (carousel) — notes: Timing Belt repost (was DXd9Z4-HP4s)
[2026-04-26 13:25:45 +08] ERR timing-belt-2026-04-25: post_instagram_carousel.py failed: Traceback (most recent call last):
  File "/home/runner/work/trw-ig-scheduler/trw-ig-scheduler/post_instagram_carousel.py", line 197, in <module>
    main()
  File "/home/runner/work/trw-ig-scheduler/trw-ig-scheduler/post_instagram_carousel.py", line 172, in main
    u = upload_to_imgbb(str(p))
        ^^^^^^^^^^^^^^^^^^^^^^^
  File "/home/runner/work/trw-ig-scheduler/trw-ig-scheduler/post_instagram_carousel.py", line 72, in upload_to_imgbb
    r.raise_for_status()
  File "/opt/hostedtoolcache/Python/3.11.15/x64/lib/python3.11/site-packages/requests/models.py", line 1028, in raise_for_status
    raise HTTPError(http_error_msg, response=self)
requests.exceptions.HTTPError: 412 Client Error: Precondition Failed for url: https://catbox.moe/user/api.php

[2026-04-26 15:10:43 +08] run: no due posts
[2026-04-26 16:43:30 +08] run: no due posts
[2026-04-26 17:55:42 +08] run: no due posts
[2026-04-26 18:50:25 +08] run: no due posts
[2026-04-26 19:41:06 +08] Posting engine-lights-2026-04-25 (carousel) — notes: Warning Light Decoded Post 1 — Engine Lights (rescheduled from 2026-04-25 after TCC miss) [rescheduled 2026-04-26 19:30]
[2026-04-26 19:51:06 +08] ERR engine-lights-2026-04-25: Command '['/opt/hostedtoolcache/Python/3.11.15/x64/bin/python', '/home/runner/work/trw-ig-scheduler/trw-ig-scheduler/post_instagram_carousel.py', '--images', '/home/runner/work/trw-ig-scheduler/trw-ig-scheduler/assets/engine-lights-2026-04-25/slide1.png', '/home/runner/work/trw-ig-scheduler/trw-ig-scheduler/assets/engine-lights-2026-04-25/slide2.png', '/home/runner/work/trw-ig-scheduler/trw-ig-scheduler/assets/engine-lights-2026-04-25/slide3.png', '/home/runner/work/trw-ig-scheduler/trw-ig-scheduler/assets/engine-lights-2026-04-25/slide4.png', '/home/runner/work/trw-ig-scheduler/trw-ig-scheduler/assets/engine-lights-2026-04-25/slide5.png', '--caption-file', '/home/runner/work/trw-ig-scheduler/trw-ig-scheduler/assets/engine-lights-2026-04-25/caption.txt']' timed out after 600 seconds
[2026-04-26 21:13:04 +08] Posting doreen-review-2026-04-25 (single) — notes: Real Reviews — Doreen [rescheduled 2026-04-26 21:00]
[2026-04-26 21:18:04 +08] ERR doreen-review-2026-04-25: Command '['/opt/hostedtoolcache/Python/3.11.15/x64/bin/python', '/home/runner/work/trw-ig-scheduler/trw-ig-scheduler/post_instagram.py', '--image', '/home/runner/work/trw-ig-scheduler/trw-ig-scheduler/assets/doreen-review-2026-04-25/slide.png', '--caption', '"These guys are really fast and responsible — I would trust them with my car anytime."\n\nDoreen came in with an aircon issue her friends warned her about. Turned out to be a cooling coil problem. Ah Bao walked her through exactly what needed doing, sent updates along the way, and had the car back to her in a single day.\n\nThat\'s the part we care about most — you knowing what\'s happening to your car, every step of it.\n\nThank you, Doreen. 🙏\n\nGot an aircon that\'s not quite right? Singapore heat won\'t wait. WhatsApp us a symptom — we\'ll tell you honestly if it\'s a gas top-up, a coil, or something else.\n\n📲 +65 9855 8423\n📍 Autobay @ Kaki Bukit\n\n#TheRightWorkshop #CustomerReview #SingaporeCarWorkshop #CarAircon #HonestMechanic #KakiBukit #AhBao #SGDrivers\n']' timed out after 300 seconds
[2026-04-26 22:23:22 +08] Posting igs-first-service-A-2026-04-26 (story) — notes: First Car Service blog - Variant A (Editorial Teaser)
[2026-04-26 22:23:43 +08] OK  igs-first-service-A-2026-04-26 -> 18139268947509335
[2026-04-26 22:23:43 +08] WARN: telegram alert failed: URL can't contain control characters. '/bot8756973809:AAHxFhptmSpLQNZztjzxzzBY8ZVh1CMIS6I\n/sendMessage' (found at least '\n')
[2026-04-26 23:09:39 +08] run: no due posts
[2026-04-27 00:07:04 +08] run: no due posts
[2026-04-27 01:10:09 +08] run: no due posts
[2026-04-27 02:06:08 +08] run: no due posts
[2026-04-27 03:28:16 +08] run: no due posts
[2026-04-27 04:05:09 +08] run: no due posts
[2026-04-27 05:05:10 +08] run: no due posts
[2026-04-27 06:04:11 +08] run: no due posts
[2026-04-27 07:07:34 +08] run: no due posts
[2026-04-27 08:05:38 +08] run: no due posts
[2026-04-27 08:54:27 +08] Posting igs-first-service-B-2026-04-27 (story) — notes: First Car Service blog - Variant B (Question Hook) +10h
[2026-04-27 08:54:37 +08] OK  igs-first-service-B-2026-04-27 -> 18088699187255760
[2026-04-27 12:34:55 +08] Posting timing-belt-2026-04-27 (carousel) — notes: Timing Belt repost (was DXd9Z4-HP4s) — rescheduled 4-27 12:30
[2026-04-27 12:35:26 +08] ERR timing-belt-2026-04-27: post_instagram_carousel.py succeeded but no post ID found. tail:
Waiting for carousel container to be ready...
Publishing carousel...

SUCCESS. Post id: 18169744174413302
View: https://www.instagram.com/p/18169744174413302/
[2026-04-27 15:19:30 +08] run: no due posts
[2026-04-27 17:34:18 +08] SKIP igs-10-signs-trustworthy-mechanic-singapore-a-d1 — past 90-min grace window
[2026-04-27 17:34:19 +08] run: no due posts
[2026-04-27 19:25:29 +08] Posting igs-first-service-C-2026-04-27 (story) — notes: First Car Service blog - Variant C (Quote Pull) +20h
[2026-04-27 19:25:44 +08] OK  igs-first-service-C-2026-04-27 -> 18050376695741530
[2026-04-27 21:05:31 +08] SKIP doreen-review-2026-04-27 — past 90-min grace window
[2026-04-27 21:05:31 +08] Posting bbtb-toyota-altis-2026-04-27 (carousel) — notes: Behind the Badge - Toyota Altis 2013-2018
[2026-04-27 21:06:04 +08] ERR bbtb-toyota-altis-2026-04-27: post_instagram_carousel.py succeeded but no post ID found. tail:
Waiting for carousel container to be ready...
Publishing carousel...

SUCCESS. Post id: 18000056522750625
View: https://www.instagram.com/p/18000056522750625/
[2026-04-27 23:17:58 +08] run: no due posts
[2026-04-27 23:25:51 +08] run: no due posts
[2026-04-28 00:59:54 +08] HEARTBEAT lag 94 min (prev=2026-04-27T23:25:51.184566+08:00)
[2026-04-28 00:59:54 +08] run: no due posts
[2026-04-28 01:08:29 +08] run: no due posts
[2026-04-28 01:27:09 +08] run: no due posts
[2026-04-28 01:42:55 +08] run: no due posts
[2026-04-28 02:51:49 +08] HEARTBEAT lag 69 min (prev=2026-04-28T01:42:55.959886+08:00)
[2026-04-28 02:51:49 +08] run: no due posts
[2026-04-28 02:58:47 +08] run: no due posts
[2026-04-28 04:12:40 +08] HEARTBEAT lag 74 min (prev=2026-04-28T02:58:47.182997+08:00)
[2026-04-28 04:12:40 +08] run: no due posts
[2026-04-28 04:19:40 +08] run: no due posts
[2026-04-28 05:35:04 +08] HEARTBEAT lag 75 min (prev=2026-04-28T04:19:40.040922+08:00)
[2026-04-28 05:35:04 +08] run: no due posts
[2026-04-28 05:39:48 +08] run: no due posts
[2026-04-28 06:35:01 +08] HEARTBEAT lag 55 min (prev=2026-04-28T05:39:48.120884+08:00)
[2026-04-28 06:35:01 +08] run: no due posts
[2026-04-28 06:58:02 +08] run: no due posts
[2026-04-28 07:38:25 +08] HEARTBEAT lag 40 min (prev=2026-04-28T06:58:02.235398+08:00)
[2026-04-28 07:38:25 +08] run: no due posts
[2026-04-28 08:00:39 +08] run: no due posts
[2026-04-28 09:23:12 +08] HEARTBEAT lag 83 min (prev=2026-04-28T08:00:39.272591+08:00)
[2026-04-28 09:23:12 +08] run: no due posts
[2026-04-28 11:26:28 +08] HEARTBEAT lag 123 min (prev=2026-04-28T09:23:11.733795+08:00) — file-log only, no telegram
[2026-04-28 11:26:28 +08] Posting igs-10-signs-trustworthy-mechanic-singapore-b-d2 (story) — notes: IGS B for blog: 10-signs-trustworthy-mechanic-singapore
[2026-04-28 11:26:37 +08] OK  igs-10-signs-trustworthy-mechanic-singapore-b-d2 -> 18098545973033519
[2026-04-28 11:41:29 +08] run: no due posts
[2026-04-28 14:18:51 +08] HEARTBEAT lag 157 min (prev=2026-04-28T11:41:29.779030+08:00) — file-log only, no telegram
[2026-04-28 14:18:51 +08] CATCH-UP tyre-wear-2026-04-28 — 1.8h late, publishing
[2026-04-28 14:18:51 +08] Posting tyre-wear-2026-04-28 (carousel) — notes: Driver's Manual — Tyre wear patterns
[2026-04-28 14:19:26 +08] OK  tyre-wear-2026-04-28 -> https://www.instagram.com/p/DXqj_N9FSJo/
[2026-04-28 14:19:27 +08] queued companion IGS: tyre-wear-2026-04-28-igs for 2026-04-28T14:29 SGT
[2026-04-28 14:19:56 +08] run: no due posts
[2026-04-28 16:41:17 +08] HEARTBEAT lag 141 min (prev=2026-04-28T14:19:56.749704+08:00) — file-log only, no telegram
[2026-04-28 16:41:17 +08] CATCH-UP tyre-wear-2026-04-28-igs — 2.2h late, publishing
[2026-04-28 16:41:17 +08] CATCH-UP igs-10-signs-trustworthy-mechanic-singapore-a-d1 — 1.2h late, publishing
[2026-04-28 16:41:17 +08] Posting tyre-wear-2026-04-28-igs (story) — notes: Companion IGS for feed post tyre-wear-2026-04-28
[2026-04-28 16:41:25 +08] OK  tyre-wear-2026-04-28-igs -> 18102584647777908
[2026-04-28 16:41:25 +08] Posting igs-10-signs-trustworthy-mechanic-singapore-a-d1 (story) — notes: IGS A for blog: 10-signs-trustworthy-mechanic-singapore — re-queued after 4-27 cron lag
[2026-04-28 16:41:37 +08] OK  igs-10-signs-trustworthy-mechanic-singapore-a-d1 -> 18572482984055197
[2026-04-28 18:35:14 +08] HEARTBEAT lag 114 min (prev=2026-04-28T16:41:17.849306+08:00) — file-log only, no telegram
[2026-04-28 18:35:14 +08] run: no due posts
[2026-04-28 18:50:52 +08] run: no due posts
[2026-04-28 20:15:26 +08] HEARTBEAT lag 85 min (prev=2026-04-28T18:50:52.909692+08:00) — file-log only, no telegram
[2026-04-28 20:15:26 +08] CATCH-UP bbtb-honda-vezel-2026-04-28 — 0.8h late, publishing
[2026-04-28 20:15:26 +08] Posting bbtb-honda-vezel-2026-04-28 (carousel) — notes: Behind the Badge - Honda Vezel 2014-2021
[2026-04-28 20:16:04 +08] OK  bbtb-honda-vezel-2026-04-28 -> https://www.instagram.com/p/DXrMytDiaTA/
[2026-04-28 20:16:04 +08] queued companion IGS: bbtb-honda-vezel-2026-04-28-igs for 2026-04-28T20:26 SGT
[2026-04-28 20:24:42 +08] run: no due posts
[2026-04-28 23:04:36 +08] HEARTBEAT lag 160 min (prev=2026-04-28T20:24:42.400723+08:00) — file-log only, no telegram
[2026-04-28 23:04:36 +08] CATCH-UP brake-fluid-2026-04-28 — 2.1h late, publishing
[2026-04-28 23:04:36 +08] CATCH-UP bbtb-honda-vezel-2026-04-28-igs — 2.6h late, publishing
[2026-04-28 23:04:36 +08] Posting brake-fluid-2026-04-28 (carousel) — notes: Cost of Waiting — Brake fluid moisture
[2026-04-28 23:05:26 +08] OK  brake-fluid-2026-04-28 -> https://www.instagram.com/p/DXrgKkRkoNA/
[2026-04-28 23:05:27 +08] queued companion IGS: brake-fluid-2026-04-28-igs for 2026-04-28T23:15 SGT
[2026-04-28 23:05:27 +08] Posting bbtb-honda-vezel-2026-04-28-igs (story) — notes: Companion IGS for feed post bbtb-honda-vezel-2026-04-28
[2026-04-28 23:05:32 +08] OK  bbtb-honda-vezel-2026-04-28-igs -> 18128369773604501
[2026-04-29 00:30:18 +08] HEARTBEAT lag 86 min (prev=2026-04-28T23:04:36.753290+08:00) — file-log only, no telegram
[2026-04-29 00:30:18 +08] CATCH-UP brake-fluid-2026-04-28-igs — 1.3h late, publishing
[2026-04-29 00:30:18 +08] Posting brake-fluid-2026-04-28-igs (story) — notes: Companion IGS for feed post brake-fluid-2026-04-28
[2026-04-29 00:30:42 +08] OK  brake-fluid-2026-04-28-igs -> 17903287683420208
[2026-04-29 01:01:38 +08] HEARTBEAT lag 31 min (prev=2026-04-29T00:30:18.224714+08:00) — file-log only, no telegram
[2026-04-29 01:01:38 +08] run: no due posts
[2026-04-29 01:51:29 +08] HEARTBEAT lag 50 min (prev=2026-04-29T01:01:38.780014+08:00) — file-log only, no telegram
[2026-04-29 01:51:29 +08] run: no due posts
[2026-04-29 01:57:09 +08] run: no due posts
[2026-04-29 03:49:25 +08] HEARTBEAT lag 112 min (prev=2026-04-29T01:57:09.736152+08:00) — file-log only, no telegram
[2026-04-29 03:49:25 +08] run: no due posts
[2026-04-29 03:57:17 +08] run: no due posts
[2026-04-29 05:12:40 +08] HEARTBEAT lag 75 min (prev=2026-04-29T03:57:17.426005+08:00) — file-log only, no telegram
[2026-04-29 05:12:40 +08] run: no due posts
[2026-04-29 05:20:03 +08] run: no due posts
[2026-04-29 06:32:44 +08] HEARTBEAT lag 73 min (prev=2026-04-29T05:20:03.213313+08:00) — file-log only, no telegram
[2026-04-29 06:32:44 +08] run: no due posts
[2026-04-29 06:39:43 +08] run: no due posts
[2026-04-29 07:39:32 +08] HEARTBEAT lag 60 min (prev=2026-04-29T06:39:43.929318+08:00) — file-log only, no telegram
[2026-04-29 07:39:32 +08] run: no due posts
[2026-04-29 07:59:12 +08] run: no due posts
[2026-04-29 09:25:41 +08] HEARTBEAT lag 86 min (prev=2026-04-29T07:59:12.042593+08:00) — file-log only, no telegram
[2026-04-29 09:25:41 +08] run: no due posts
[2026-04-29 11:24:27 +08] HEARTBEAT lag 119 min (prev=2026-04-29T09:25:41.811572+08:00) — file-log only, no telegram
[2026-04-29 11:24:27 +08] Posting igs-autofill-how-often-service-car-singapor-2026-04-29-1100 (story) — notes: Auto-fill IGS — blog:how-often-service-car-singapore variant:B
[2026-04-29 11:24:39 +08] OK  igs-autofill-how-often-service-car-singapor-2026-04-29-1100 -> 17947663017137572
[2026-04-29 11:39:05 +08] run: no due posts
[2026-04-29 14:11:46 +08] HEARTBEAT lag 153 min (prev=2026-04-29T11:39:05.310474+08:00) — file-log only, no telegram
[2026-04-29 14:11:47 +08] run: no due posts
[2026-04-29 14:13:25 +08] run: no due posts
[2026-04-29 16:33:59 +08] HEARTBEAT lag 141 min (prev=2026-04-29T14:13:25.344765+08:00) — file-log only, no telegram
[2026-04-29 16:33:59 +08] CATCH-UP igs-autofill-driving-singapore-rain-wet-wea-2026-04-29-1530 — 1.1h late, publishing
[2026-04-29 16:33:59 +08] Posting igs-autofill-driving-singapore-rain-wet-wea-2026-04-29-1530 (story) — notes: Auto-fill IGS — blog:driving-singapore-rain-wet-weather variant:A
[2026-04-29 16:34:14 +08] OK  igs-autofill-driving-singapore-rain-wet-wea-2026-04-29-1530 -> 18030846812804943
[2026-04-29 16:35:29 +08] run: no due posts
[2026-04-29 18:28:25 +08] HEARTBEAT lag 113 min (prev=2026-04-29T16:35:29.629215+08:00) — file-log only, no telegram
[2026-04-29 18:28:25 +08] run: no due posts
[2026-04-29 18:30:12 +08] run: no due posts
[2026-04-29 20:04:38 +08] HEARTBEAT lag 94 min (prev=2026-04-29T18:30:12.100729+08:00) — file-log only, no telegram
[2026-04-29 20:04:38 +08] Posting igs-10-signs-trustworthy-mechanic-singapore-c-d3 (story) — notes: IGS C for blog: 10-signs-trustworthy-mechanic-singapore
[2026-04-29 20:04:45 +08] OK  igs-10-signs-trustworthy-mechanic-singapore-c-d3 -> 17886846117373711
[2026-04-29 20:06:16 +08] run: no due posts
[2026-04-29 22:26:11 +08] HEARTBEAT lag 140 min (prev=2026-04-29T20:06:16.057800+08:00) — file-log only, no telegram
[2026-04-29 22:26:11 +08] run: no due posts
[2026-04-29 22:29:42 +08] run: no due posts
[2026-04-30 00:15:00 +08] HEARTBEAT lag 105 min (prev=2026-04-29T22:29:42.675085+08:00) — file-log only, no telegram
[2026-04-30 00:15:00 +08] run: no due posts
[2026-04-30 00:16:21 +08] run: no due posts
[2026-04-30 01:44:01 +08] HEARTBEAT lag 88 min (prev=2026-04-30T00:16:21.539859+08:00) — file-log only, no telegram
[2026-04-30 01:44:01 +08] run: no due posts
[2026-04-30 01:50:54 +08] run: no due posts
[2026-04-30 03:45:00 +08] HEARTBEAT lag 114 min (prev=2026-04-30T01:50:54.753060+08:00) — file-log only, no telegram
[2026-04-30 03:45:00 +08] run: no due posts
[2026-04-30 03:55:01 +08] run: no due posts
[2026-04-30 05:12:42 +08] HEARTBEAT lag 78 min (prev=2026-04-30T03:55:01.099183+08:00) — file-log only, no telegram
[2026-04-30 05:12:42 +08] run: no due posts
[2026-04-30 05:19:47 +08] run: no due posts
[2026-04-30 06:32:59 +08] HEARTBEAT lag 73 min (prev=2026-04-30T05:19:47.363692+08:00) — file-log only, no telegram
[2026-04-30 06:32:59 +08] run: no due posts
[2026-04-30 06:39:36 +08] run: no due posts
[2026-04-30 07:38:14 +08] HEARTBEAT lag 59 min (prev=2026-04-30T06:39:36.034797+08:00) — file-log only, no telegram
[2026-04-30 07:38:14 +08] run: no due posts
[2026-04-30 08:00:14 +08] run: no due posts
[2026-04-30 09:24:07 +08] HEARTBEAT lag 84 min (prev=2026-04-30T08:00:14.213175+08:00) — file-log only, no telegram
[2026-04-30 09:24:07 +08] run: no due posts
[2026-04-30 11:25:36 +08] HEARTBEAT lag 121 min (prev=2026-04-30T09:24:07.624826+08:00) — file-log only, no telegram
[2026-04-30 11:25:36 +08] Posting igs-autofill-questions-to-ask-before-new-ca-2026-04-30-1100 (story) — notes: Auto-fill IGS — blog:questions-to-ask-before-new-car-workshop-singapore variant:B
[2026-04-30 11:25:49 +08] OK  igs-autofill-questions-to-ask-before-new-ca-2026-04-30-1100 -> 17885129334535552
[2026-04-30 11:40:22 +08] run: no due posts
[2026-04-30 14:16:25 +08] HEARTBEAT lag 156 min (prev=2026-04-30T11:40:22.750881+08:00) — file-log only, no telegram
[2026-04-30 14:16:25 +08] run: no due posts
[2026-04-30 14:17:38 +08] run: no due posts
[2026-04-30 16:37:06 +08] HEARTBEAT lag 139 min (prev=2026-04-30T14:17:38.096233+08:00) — file-log only, no telegram
[2026-04-30 16:37:06 +08] CATCH-UP igs-autofill-questions-to-ask-before-new-ca-2026-04-30-1530 — 1.1h late, publishing
[2026-04-30 16:37:06 +08] Posting igs-autofill-questions-to-ask-before-new-ca-2026-04-30-1530 (story) — notes: Auto-fill IGS — blog:questions-to-ask-before-new-car-workshop-singapore variant:A
[2026-04-30 16:37:17 +08] OK  igs-autofill-questions-to-ask-before-new-ca-2026-04-30-1530 -> 17923472799316338
[2026-04-30 18:28:44 +08] HEARTBEAT lag 112 min (prev=2026-04-30T16:37:06.480469+08:00) — file-log only, no telegram
[2026-04-30 18:28:44 +08] run: no due posts
[2026-04-30 20:00:34 +08] HEARTBEAT lag 92 min (prev=2026-04-30T18:28:44.510381+08:00) — file-log only, no telegram
[2026-04-30 20:00:34 +08] Posting igs-autofill-how-to-read-workshop-quote-sin-2026-04-30-2000 (story) — notes: Auto-fill IGS — blog:how-to-read-workshop-quote-singapore variant:C
[2026-04-30 20:00:41 +08] OK  igs-autofill-how-to-read-workshop-quote-sin-2026-04-30-2000 -> 17891643549466394
[2026-04-30 20:03:12 +08] run: no due posts
[2026-04-30 22:12:04 +08] HEARTBEAT lag 129 min (prev=2026-04-30T20:03:12.927744+08:00) — file-log only, no telegram
[2026-04-30 22:12:04 +08] run: no due posts
[2026-04-30 22:22:45 +08] run: no due posts
[2026-04-30 23:56:40 +08] HEARTBEAT lag 94 min (prev=2026-04-30T22:22:45.826686+08:00) — file-log only, no telegram
[2026-04-30 23:56:40 +08] run: no due posts
[2026-05-01 00:01:01 +08] run: no due posts
[2026-05-01 01:26:32 +08] HEARTBEAT lag 86 min (prev=2026-05-01T00:01:01.745186+08:00) — file-log only, no telegram
[2026-05-01 01:26:32 +08] run: no due posts
[2026-05-01 01:46:34 +08] run: no due posts
[2026-05-01 02:54:23 +08] HEARTBEAT lag 68 min (prev=2026-05-01T01:46:34.349657+08:00) — file-log only, no telegram
[2026-05-01 02:54:23 +08] run: no due posts
[2026-05-01 03:51:06 +08] HEARTBEAT lag 57 min (prev=2026-05-01T02:54:23.353423+08:00) — file-log only, no telegram
[2026-05-01 03:51:06 +08] run: no due posts
[2026-05-01 04:12:57 +08] run: no due posts
[2026-05-01 05:16:22 +08] HEARTBEAT lag 63 min (prev=2026-05-01T04:12:57.619538+08:00) — file-log only, no telegram
[2026-05-01 05:16:22 +08] run: no due posts
[2026-05-01 05:33:52 +08] run: no due posts
[2026-05-01 06:36:25 +08] HEARTBEAT lag 63 min (prev=2026-05-01T05:33:52.797420+08:00) — file-log only, no telegram
[2026-05-01 06:36:25 +08] run: no due posts
[2026-05-01 06:57:42 +08] run: no due posts
[2026-05-01 07:37:15 +08] HEARTBEAT lag 40 min (prev=2026-05-01T06:57:42.440384+08:00) — file-log only, no telegram
[2026-05-01 07:37:15 +08] run: no due posts
[2026-05-01 07:58:59 +08] run: no due posts
[2026-05-01 09:27:58 +08] HEARTBEAT lag 89 min (prev=2026-05-01T07:58:59.901392+08:00) — file-log only, no telegram
[2026-05-01 09:27:58 +08] run: no due posts
[2026-05-01 11:35:42 +08] HEARTBEAT lag 128 min (prev=2026-05-01T09:27:58.836430+08:00) — file-log only, no telegram
[2026-05-01 11:35:42 +08] CATCH-UP igs-autofill-tyres-battery-singapore-checks-2026-05-01-1100 — 0.6h late, publishing
[2026-05-01 11:35:42 +08] Posting igs-autofill-tyres-battery-singapore-checks-2026-05-01-1100 (story) — notes: Auto-fill IGS — blog:tyres-battery-singapore-checks-guide variant:B
[2026-05-01 11:35:48 +08] OK  igs-autofill-tyres-battery-singapore-checks-2026-05-01-1100 -> 17946102483175458
[2026-05-01 11:53:06 +08] run: no due posts
[2026-05-01 14:29:01 +08] HEARTBEAT lag 156 min (prev=2026-05-01T11:53:06.431289+08:00) — file-log only, no telegram
[2026-05-01 14:29:02 +08] run: no due posts
[2026-05-01 14:29:59 +08] run: no due posts
[2026-05-01 16:30:00 +08] HEARTBEAT lag 120 min (prev=2026-05-01T14:29:59.876312+08:00) — file-log only, no telegram
[2026-05-01 16:30:00 +08] CATCH-UP igs-autofill-what-to-look-for-car-workshop--2026-05-01-1530 — 1.0h late, publishing
[2026-05-01 16:30:00 +08] Posting igs-autofill-what-to-look-for-car-workshop--2026-05-01-1530 (story) — notes: Auto-fill IGS — blog:what-to-look-for-car-workshop-singapore variant:A
[2026-05-01 16:30:14 +08] OK  igs-autofill-what-to-look-for-car-workshop--2026-05-01-1530 -> 18107405296724568
[2026-05-01 16:30:38 +08] run: no due posts
[2026-05-01 18:07:07 +08] HEARTBEAT lag 96 min (prev=2026-05-01T16:30:38.818971+08:00) — file-log only, no telegram
[2026-05-01 18:07:07 +08] run: no due posts
[2026-05-01 18:10:15 +08] run: no due posts
[2026-05-01 19:21:43 +08] HEARTBEAT lag 71 min (prev=2026-05-01T18:10:15.616398+08:00) — file-log only, no telegram
[2026-05-01 19:21:43 +08] run: no due posts
[2026-05-01 19:35:07 +08] run: no due posts
[2026-05-01 20:10:06 +08] HEARTBEAT lag 35 min (prev=2026-05-01T19:35:07.923451+08:00) — file-log only, no telegram
[2026-05-01 20:10:06 +08] run: no due posts
[2026-05-01 20:40:19 +08] HEARTBEAT lag 30 min (prev=2026-05-01T20:10:06.590009+08:00) — file-log only, no telegram
[2026-05-01 20:40:19 +08] run: no due posts
[2026-05-01 21:53:08 +08] HEARTBEAT lag 73 min (prev=2026-05-01T20:40:19.595826+08:00) — file-log only, no telegram
[2026-05-01 21:53:08 +08] run: no due posts
[2026-05-01 22:06:33 +08] run: no due posts
[2026-05-01 22:43:48 +08] HEARTBEAT lag 37 min (prev=2026-05-01T22:06:33.581717+08:00) — file-log only, no telegram
[2026-05-01 22:43:48 +08] run: no due posts
[2026-05-01 23:14:12 +08] HEARTBEAT lag 30 min (prev=2026-05-01T22:43:48.636307+08:00) — file-log only, no telegram
[2026-05-01 23:14:12 +08] run: no due posts
[2026-05-01 23:40:27 +08] run: no due posts
[2026-05-02 00:14:36 +08] HEARTBEAT lag 34 min (prev=2026-05-01T23:40:26.984277+08:00) — file-log only, no telegram
[2026-05-02 00:14:36 +08] run: no due posts
[2026-05-02 00:37:17 +08] run: no due posts
[2026-05-02 01:02:57 +08] run: no due posts
[2026-05-02 01:14:47 +08] run: no due posts
[2026-05-02 02:14:50 +08] HEARTBEAT lag 60 min (prev=2026-05-02T01:14:47.981088+08:00) — file-log only, no telegram
[2026-05-02 02:14:50 +08] run: no due posts
[2026-05-02 02:39:53 +08] run: no due posts
[2026-05-02 03:43:53 +08] HEARTBEAT lag 64 min (prev=2026-05-02T02:39:53.478069+08:00) — file-log only, no telegram
[2026-05-02 03:43:53 +08] run: no due posts
[2026-05-02 04:08:42 +08] run: no due posts
[2026-05-02 04:37:04 +08] run: no due posts
[2026-05-02 05:26:53 +08] HEARTBEAT lag 50 min (prev=2026-05-02T04:37:04.243718+08:00) — file-log only, no telegram
[2026-05-02 05:26:53 +08] run: no due posts
[2026-05-02 05:38:27 +08] run: no due posts
[2026-05-02 06:27:47 +08] HEARTBEAT lag 49 min (prev=2026-05-02T05:38:27.448737+08:00) — file-log only, no telegram
[2026-05-02 06:27:47 +08] run: no due posts
[2026-05-02 06:35:49 +08] run: no due posts
[2026-05-02 07:30:33 +08] HEARTBEAT lag 55 min (prev=2026-05-02T06:35:49.386593+08:00) — file-log only, no telegram
[2026-05-02 07:30:33 +08] run: no due posts
[2026-05-02 07:37:52 +08] run: no due posts
[2026-05-02 09:19:09 +08] HEARTBEAT lag 101 min (prev=2026-05-02T07:37:52.976553+08:00) — file-log only, no telegram
[2026-05-02 09:19:09 +08] run: no due posts
[2026-05-02 10:51:42 +08] HEARTBEAT lag 93 min (prev=2026-05-02T09:19:09.132344+08:00) — file-log only, no telegram
[2026-05-02 10:51:42 +08] run: no due posts
[2026-05-02 11:26:32 +08] HEARTBEAT lag 35 min (prev=2026-05-02T10:51:42.398646+08:00) — file-log only, no telegram
[2026-05-02 11:26:32 +08] Posting newseries-wl-mode-b-2026-05-02-11 (carousel) — notes: Series: Warning Light Decoded · Mode B (Cream Magazine)
[2026-05-02 11:27:03 +08] OK  newseries-wl-mode-b-2026-05-02-11 -> https://www.instagram.com/p/DX0jbreltZt/
[2026-05-02 11:27:04 +08] queued companion IGS: newseries-wl-mode-b-2026-05-02-11-igs for 2026-05-02T11:37 SGT
[2026-05-02 13:39:12 +08] HEARTBEAT lag 133 min (prev=2026-05-02T11:26:32.723030+08:00) — file-log only, no telegram
[2026-05-02 13:39:12 +08] CATCH-UP newseries-wl-mode-b-2026-05-02-11-igs — 2.0h late, publishing
[2026-05-02 13:39:12 +08] Posting newseries-wl-mode-b-2026-05-02-11-igs (story) — notes: Companion IGS for feed post newseries-wl-mode-b-2026-05-02-11
[2026-05-02 13:39:24 +08] OK  newseries-wl-mode-b-2026-05-02-11-igs -> 18067644992669229
[2026-05-02 13:53:56 +08] run: no due posts
[2026-05-02 15:14:15 +08] HEARTBEAT lag 80 min (prev=2026-05-02T13:53:56.380720+08:00) — file-log only, no telegram
[2026-05-02 15:14:15 +08] run: no due posts
[2026-05-02 15:17:10 +08] run: no due posts
[2026-05-02 16:45:42 +08] HEARTBEAT lag 89 min (prev=2026-05-02T15:17:10.516859+08:00) — file-log only, no telegram
[2026-05-02 16:45:42 +08] CATCH-UP newseries-st-mode-a-2026-05-02-15 — 1.3h late, publishing
[2026-05-02 16:45:42 +08] Posting newseries-st-mode-a-2026-05-02-15 (carousel) — notes: Series: Straight Talk · Mode A (Editorial Dark)
[2026-05-02 16:46:30 +08] OK  newseries-st-mode-a-2026-05-02-15 -> https://www.instagram.com/p/DX1H-70mcRX/
[2026-05-02 17:48:12 +08] HEARTBEAT lag 63 min (prev=2026-05-02T16:45:42.140305+08:00) — file-log only, no telegram
[2026-05-02 17:48:12 +08] run: no due posts
[2026-05-02 17:48:46 +08] run: no due posts
[2026-05-02 18:38:03 +08] HEARTBEAT lag 49 min (prev=2026-05-02T17:48:46.181520+08:00) — file-log only, no telegram
[2026-05-02 18:38:03 +08] run: no due posts
[2026-05-02 19:29:33 +08] HEARTBEAT lag 52 min (prev=2026-05-02T18:38:03.053004+08:00) — file-log only, no telegram
[2026-05-02 19:29:33 +08] run: no due posts
[2026-05-02 19:30:26 +08] run: no due posts
[2026-05-02 20:09:16 +08] HEARTBEAT lag 39 min (prev=2026-05-02T19:30:26.565126+08:00) — file-log only, no telegram
[2026-05-02 20:09:16 +08] Posting newseries-cow-mode-b-2026-05-02-20 (carousel) — notes: Series: Cost of Waiting · Mode B (Cream Magazine)
[2026-05-02 20:09:58 +08] OK  newseries-cow-mode-b-2026-05-02-20 -> https://www.instagram.com/p/DX1fRO6kucM/
[2026-05-02 20:34:27 +08] run: no due posts
[2026-05-02 21:46:07 +08] HEARTBEAT lag 72 min (prev=2026-05-02T20:34:27.442734+08:00) — file-log only, no telegram
[2026-05-02 21:46:07 +08] run: no due posts
[2026-05-02 21:57:16 +08] run: no due posts
[2026-05-02 22:37:53 +08] HEARTBEAT lag 41 min (prev=2026-05-02T21:57:16.664973+08:00) — file-log only, no telegram
[2026-05-02 22:37:54 +08] run: no due posts
[2026-05-02 22:56:35 +08] run: no due posts
[2026-05-02 23:30:06 +08] HEARTBEAT lag 34 min (prev=2026-05-02T22:56:35.824753+08:00) — file-log only, no telegram
[2026-05-02 23:30:06 +08] run: no due posts
[2026-05-02 23:53:26 +08] run: no due posts
[2026-05-03 00:11:20 +08] run: no due posts
[2026-05-03 00:57:10 +08] HEARTBEAT lag 46 min (prev=2026-05-03T00:11:20.093718+08:00) — file-log only, no telegram
[2026-05-03 00:57:10 +08] run: no due posts
[2026-05-03 01:07:31 +08] run: no due posts
[2026-05-03 01:54:16 +08] HEARTBEAT lag 47 min (prev=2026-05-03T01:07:31.010604+08:00) — file-log only, no telegram
[2026-05-03 01:54:16 +08] run: no due posts
[2026-05-03 02:02:59 +08] run: no due posts
[2026-05-03 03:09:15 +08] HEARTBEAT lag 66 min (prev=2026-05-03T02:02:59.565107+08:00) — file-log only, no telegram
[2026-05-03 03:09:15 +08] run: no due posts
[2026-05-03 03:18:33 +08] run: no due posts
[2026-05-03 04:05:40 +08] HEARTBEAT lag 47 min (prev=2026-05-03T03:18:33.511688+08:00) — file-log only, no telegram
[2026-05-03 04:05:40 +08] run: no due posts
[2026-05-03 04:25:31 +08] run: no due posts
[2026-05-03 05:10:02 +08] HEARTBEAT lag 45 min (prev=2026-05-03T04:25:31.247556+08:00) — file-log only, no telegram
[2026-05-03 05:10:02 +08] run: no due posts
[2026-05-03 05:25:08 +08] run: no due posts
[2026-05-03 06:07:56 +08] HEARTBEAT lag 43 min (prev=2026-05-03T05:25:08.393240+08:00) — file-log only, no telegram
[2026-05-03 06:07:56 +08] run: no due posts
[2026-05-03 06:23:17 +08] run: no due posts
[2026-05-03 07:11:40 +08] HEARTBEAT lag 48 min (prev=2026-05-03T06:23:17.675611+08:00) — file-log only, no telegram
[2026-05-03 07:11:40 +08] run: no due posts
[2026-05-03 07:28:27 +08] run: no due posts
[2026-05-03 08:09:39 +08] HEARTBEAT lag 41 min (prev=2026-05-03T07:28:27.919838+08:00) — file-log only, no telegram
[2026-05-03 08:09:39 +08] run: no due posts
[2026-05-03 09:21:23 +08] HEARTBEAT lag 72 min (prev=2026-05-03T08:09:39.596420+08:00) — file-log only, no telegram
[2026-05-03 09:21:23 +08] run: no due posts
[2026-05-03 11:05:12 +08] HEARTBEAT lag 104 min (prev=2026-05-03T09:21:23.685600+08:00) — file-log only, no telegram
[2026-05-03 11:05:12 +08] Posting newseries-rr-mode-a-2026-05-03-15 (single) — notes: Series: Real Reviews · Mode A (Editorial Dark)
[2026-05-03 11:05:17 +08] ERR newseries-rr-mode-a-2026-05-03-15: post_instagram.py failed: Resolving image URL: /home/runner/work/trw-ig-scheduler/trw-ig-scheduler/assets/newseries-rr-mode-a-2026-05-03-15/slide.png
Image hosted at: https://raw.githubusercontent.com/ededai/trw-ig-scheduler/main/assets/newseries-rr-mode-a-2026-05-03-15/slide.png (via raw.githubusercontent.com, attempt 1)
Creating media container...
Container created: 17877739539592927
Publishing post...
ERROR publishing: Media ID is not available

[2026-05-03 11:13:01 +08] Posting newseries-rr-mode-a-2026-05-03-15 (single) — notes: Series: Real Reviews · Mode A (Editorial Dark)
[2026-05-03 11:13:13 +08] OK  newseries-rr-mode-a-2026-05-03-15 -> https://www.instagram.com/p/DX3GpVpjQxh/
[2026-05-03 11:27:34 +08] run: no due posts
[2026-05-03 11:46:14 +08] run: no due posts
[2026-05-03 14:16:44 +08] HEARTBEAT lag 150 min (prev=2026-05-03T11:46:14.836654+08:00)
[2026-05-03 14:16:44 +08] run: no due posts
[2026-05-03 14:18:30 +08] run: no due posts
[2026-05-03 16:17:23 +08] HEARTBEAT lag 119 min (prev=2026-05-03T14:18:30.873941+08:00)
[2026-05-03 16:17:24 +08] CATCH-UP newseries-dm-mode-b-2026-05-05-11 — 0.8h late, publishing
[2026-05-03 16:17:24 +08] Posting newseries-dm-mode-b-2026-05-05-11 (carousel) — notes: Series: Driver's Manual · Mode B (Cream Magazine)
[2026-05-03 16:18:00 +08] OK  newseries-dm-mode-b-2026-05-05-11 -> https://www.instagram.com/p/DX3phL7Glzc/
[2026-05-03 17:42:05 +08] HEARTBEAT lag 85 min (prev=2026-05-03T16:17:23.356005+08:00)
[2026-05-03 17:42:06 +08] run: no due posts
[2026-05-03 18:36:50 +08] HEARTBEAT lag 55 min (prev=2026-05-03T17:42:05.910603+08:00)
[2026-05-03 18:36:51 +08] run: no due posts
[2026-05-03 18:40:15 +08] run: no due posts
[2026-05-03 19:25:29 +08] HEARTBEAT lag 45 min (prev=2026-05-03T18:40:15.026061+08:00)
[2026-05-03 19:25:30 +08] run: no due posts
[2026-05-03 19:27:51 +08] run: no due posts
[2026-05-03 20:06:59 +08] HEARTBEAT lag 39 min (prev=2026-05-03T19:27:51.082845+08:00)
[2026-05-03 20:06:59 +08] Posting newseries-bbtb-vezel-mode-d-2026-05-14-15 (carousel) — notes: Series: Behind the Badge · Mode D (Polaroid Zine) · Honda Vezel
[2026-05-03 20:07:27 +08] OK  newseries-bbtb-vezel-mode-d-2026-05-14-15 -> https://www.instagram.com/p/DX4DySUFrDz/
[2026-05-03 20:08:10 +08] run: no due posts
[2026-05-03 21:47:30 +08] HEARTBEAT lag 99 min (prev=2026-05-03T20:08:10.890849+08:00)
[2026-05-03 21:47:30 +08] run: no due posts
[2026-05-03 21:48:46 +08] run: no due posts
[2026-05-03 22:37:56 +08] HEARTBEAT lag 49 min (prev=2026-05-03T21:48:46.764499+08:00)
[2026-05-03 22:37:57 +08] run: no due posts
[2026-05-03 22:38:59 +08] run: no due posts
[2026-05-03 23:28:30 +08] HEARTBEAT lag 50 min (prev=2026-05-03T22:38:59.827392+08:00)
[2026-05-03 23:28:30 +08] run: no due posts
[2026-05-03 23:31:01 +08] run: no due posts
[2026-05-04 00:11:07 +08] HEARTBEAT lag 40 min (prev=2026-05-03T23:31:01.403604+08:00)
[2026-05-04 00:11:08 +08] run: no due posts
[2026-05-04 00:28:16 +08] run: no due posts
[2026-05-04 00:58:50 +08] HEARTBEAT lag 31 min (prev=2026-05-04T00:28:16.178662+08:00)
[2026-05-04 00:58:51 +08] run: no due posts
[2026-05-04 01:09:33 +08] run: no due posts
[2026-05-04 01:55:56 +08] HEARTBEAT lag 46 min (prev=2026-05-04T01:09:33.668098+08:00)
[2026-05-04 01:55:57 +08] run: no due posts
[2026-05-04 02:04:29 +08] run: no due posts
[2026-05-04 03:10:23 +08] HEARTBEAT lag 66 min (prev=2026-05-04T02:04:29.502146+08:00)
[2026-05-04 03:10:24 +08] run: no due posts
[2026-05-04 03:19:47 +08] run: no due posts
[2026-05-04 04:07:22 +08] HEARTBEAT lag 48 min (prev=2026-05-04T03:19:47.854463+08:00)
[2026-05-04 04:07:23 +08] run: no due posts
[2026-05-04 04:26:13 +08] run: no due posts
[2026-05-04 05:11:17 +08] HEARTBEAT lag 45 min (prev=2026-05-04T04:26:13.270256+08:00)
[2026-05-04 05:11:18 +08] run: no due posts
[2026-05-04 05:27:32 +08] run: no due posts
[2026-05-04 06:08:04 +08] HEARTBEAT lag 41 min (prev=2026-05-04T05:27:32.962882+08:00)
[2026-05-04 06:08:05 +08] run: no due posts
[2026-05-04 06:24:36 +08] run: no due posts
[2026-05-04 07:11:54 +08] HEARTBEAT lag 47 min (prev=2026-05-04T06:24:36.009991+08:00)
[2026-05-04 07:11:55 +08] run: no due posts
[2026-05-04 07:29:15 +08] run: no due posts
[2026-05-04 08:12:08 +08] HEARTBEAT lag 43 min (prev=2026-05-04T07:29:14.988525+08:00)
[2026-05-04 08:12:08 +08] run: no due posts
[2026-05-04 09:20:59 +08] HEARTBEAT lag 69 min (prev=2026-05-04T08:12:08.272270+08:00)
[2026-05-04 09:21:00 +08] run: no due posts
[2026-05-04 11:25:48 +08] HEARTBEAT lag 125 min (prev=2026-05-04T09:20:59.149689+08:00)
[2026-05-04 11:25:49 +08] Posting newseries-rr-mode-c-2026-05-05-15 (single) — notes: Series: Real Reviews · Mode C (Poster Bold) · Wen Hing Chow
[2026-05-04 11:26:04 +08] OK  newseries-rr-mode-c-2026-05-05-15 -> https://www.instagram.com/p/DX5s58SgLZw/
[2026-05-04 11:42:35 +08] run: no due posts
[2026-05-04 14:26:41 +08] HEARTBEAT lag 164 min (prev=2026-05-04T11:42:35.218554+08:00)
[2026-05-04 14:26:41 +08] run: no due posts
[2026-05-04 14:30:55 +08] run: no due posts
[2026-05-04 17:04:16 +08] HEARTBEAT lag 153 min (prev=2026-05-04T14:30:55.525898+08:00)
[2026-05-04 17:04:16 +08] CATCH-UP newseries-wl-mode-d-2026-05-06-11 — 1.6h late, publishing
[2026-05-04 17:04:16 +08] Posting newseries-wl-mode-d-2026-05-06-11 (carousel) — notes: Series: Warning Light Decoded · Mode D (Polaroid Zine)
[2026-05-04 17:04:53 +08] OK  newseries-wl-mode-d-2026-05-06-11 -> https://www.instagram.com/p/DX6TrZADhyR/
[2026-05-04 19:11:44 +08] HEARTBEAT lag 127 min (prev=2026-05-04T17:04:16.487618+08:00)
[2026-05-04 19:11:44 +08] run: no due posts
[2026-05-04 19:15:46 +08] run: no due posts
[2026-05-04 20:55:05 +08] HEARTBEAT lag 99 min (prev=2026-05-04T19:15:46.889986+08:00)
[2026-05-04 20:55:05 +08] CATCH-UP newseries-bbtb-vezel-mode-e-2026-05-14-20 — 0.9h late, publishing
[2026-05-04 20:55:05 +08] Posting newseries-bbtb-vezel-mode-e-2026-05-14-20 (carousel) — notes: Series: Behind the Badge · Mode E (Spec Sheet) · Honda Vezel
[2026-05-04 20:55:40 +08] OK  newseries-bbtb-vezel-mode-e-2026-05-14-20 -> https://www.instagram.com/p/DX6uFwtDh3y/
[2026-05-04 20:59:10 +08] run: no due posts
[2026-05-04 23:04:38 +08] HEARTBEAT lag 125 min (prev=2026-05-04T20:59:10.622688+08:00)
[2026-05-04 23:04:38 +08] run: no due posts
[2026-05-04 23:15:30 +08] run: no due posts
[2026-05-05 00:57:15 +08] HEARTBEAT lag 102 min (prev=2026-05-04T23:15:30.777392+08:00)
[2026-05-05 00:57:15 +08] run: no due posts
[2026-05-05 01:03:49 +08] run: no due posts
[2026-05-05 01:46:00 +08] HEARTBEAT lag 42 min (prev=2026-05-05T01:03:49.054196+08:00)
[2026-05-05 01:46:00 +08] run: no due posts
[2026-05-05 01:52:10 +08] run: no due posts
[2026-05-05 03:48:24 +08] HEARTBEAT lag 116 min (prev=2026-05-05T01:52:10.665251+08:00)
[2026-05-05 03:48:24 +08] run: no due posts
[2026-05-05 03:56:06 +08] run: no due posts
[2026-05-05 05:13:31 +08] HEARTBEAT lag 77 min (prev=2026-05-05T03:56:06.570441+08:00)
[2026-05-05 05:13:31 +08] run: no due posts
[2026-05-05 05:31:45 +08] run: no due posts
[2026-05-05 06:33:53 +08] HEARTBEAT lag 62 min (prev=2026-05-05T05:31:45.121216+08:00)
[2026-05-05 06:33:53 +08] run: no due posts
[2026-05-05 06:41:27 +08] run: no due posts
[2026-05-05 07:38:10 +08] HEARTBEAT lag 57 min (prev=2026-05-05T06:41:27.682487+08:00)
[2026-05-05 07:38:10 +08] run: no due posts
[2026-05-05 07:59:43 +08] run: no due posts
[2026-05-05 09:20:11 +08] HEARTBEAT lag 80 min (prev=2026-05-05T07:59:43.620079+08:00)
[2026-05-05 09:20:11 +08] run: no due posts
[2026-05-05 10:53:02 +08] HEARTBEAT lag 93 min (prev=2026-05-05T09:20:11.508442+08:00)
[2026-05-05 10:53:02 +08] run: no due posts
[2026-05-05 11:28:52 +08] HEARTBEAT lag 36 min (prev=2026-05-05T10:53:02.648939+08:00)
[2026-05-05 11:28:52 +08] Posting newseries-bbtb-vezel-mode-a-2026-05-03-20 (carousel) — notes: Series: Behind the Badge · Mode A (Editorial Dark) · Honda Vezel
[2026-05-05 11:29:45 +08] OK  newseries-bbtb-vezel-mode-a-2026-05-03-20 -> https://www.instagram.com/p/DX8SHt8lTbg/
[2026-05-05 13:46:02 +08] HEARTBEAT lag 137 min (prev=2026-05-05T11:28:52.285065+08:00)
[2026-05-05 13:46:02 +08] run: no due posts
[2026-05-05 14:02:33 +08] run: no due posts
[2026-05-05 15:49:02 +08] HEARTBEAT lag 106 min (prev=2026-05-05T14:02:33.618156+08:00)
[2026-05-05 15:49:02 +08] Posting newseries-cow-mode-c-2026-05-04-20 (carousel) — notes: Series: Cost of Waiting · Mode C (Poster Bold)
[2026-05-05 15:49:38 +08] OK  newseries-cow-mode-c-2026-05-04-20 -> https://www.instagram.com/p/DX8v3yrDrLl/
[2026-05-05 16:23:11 +08] HEARTBEAT lag 34 min (prev=2026-05-05T15:49:02.846032+08:00)
[2026-05-05 16:23:11 +08] run: no due posts
[2026-05-05 17:48:11 +08] HEARTBEAT lag 85 min (prev=2026-05-05T16:23:11.545531+08:00)
[2026-05-05 17:48:11 +08] run: no due posts
[2026-05-05 18:14:27 +08] run: no due posts
[2026-05-05 19:06:55 +08] HEARTBEAT lag 52 min (prev=2026-05-05T18:14:27.017969+08:00)
[2026-05-05 19:06:55 +08] run: no due posts
[2026-05-05 19:39:05 +08] HEARTBEAT lag 32 min (prev=2026-05-05T19:06:55.786500+08:00)
[2026-05-05 19:39:05 +08] run: no due posts
[2026-05-05 20:11:43 +08] HEARTBEAT lag 33 min (prev=2026-05-05T19:39:05.908385+08:00)
[2026-05-05 20:11:43 +08] Posting newseries-rr-mode-e-2026-05-14-11 (single) — notes: Series: Real Reviews · Mode E (Spec Sheet) · Ash Ariffin
[2026-05-05 20:11:55 +08] OK  newseries-rr-mode-e-2026-05-14-11 -> https://www.instagram.com/p/DX9N4xylqoE/
[2026-05-05 20:51:53 +08] HEARTBEAT lag 40 min (prev=2026-05-05T20:11:43.646417+08:00)
[2026-05-05 20:51:53 +08] run: no due posts
[2026-05-05 22:28:34 +08] HEARTBEAT lag 97 min (prev=2026-05-05T20:51:53.520090+08:00)
[2026-05-05 22:28:34 +08] run: no due posts
[2026-05-06 00:12:24 +08] HEARTBEAT lag 104 min (prev=2026-05-05T22:28:34.305647+08:00)
[2026-05-06 00:12:24 +08] run: no due posts
[2026-05-06 00:28:20 +08] run: no due posts
[2026-05-06 01:42:34 +08] HEARTBEAT lag 74 min (prev=2026-05-06T00:28:20.173352+08:00)
[2026-05-06 01:42:34 +08] run: no due posts
[2026-05-06 01:51:10 +08] run: no due posts
[2026-05-06 03:43:40 +08] HEARTBEAT lag 113 min (prev=2026-05-06T01:51:10.183621+08:00)
[2026-05-06 03:43:40 +08] run: no due posts
[2026-05-06 03:54:07 +08] run: no due posts
[2026-05-06 05:08:03 +08] HEARTBEAT lag 74 min (prev=2026-05-06T03:54:07.751913+08:00)
[2026-05-06 05:08:03 +08] run: no due posts
[2026-05-06 05:16:26 +08] run: no due posts
[2026-05-06 06:32:23 +08] HEARTBEAT lag 76 min (prev=2026-05-06T05:16:26.692949+08:00)
[2026-05-06 06:32:23 +08] run: no due posts
[2026-05-06 06:38:11 +08] run: no due posts
[2026-05-06 07:34:22 +08] HEARTBEAT lag 56 min (prev=2026-05-06T06:38:11.022579+08:00)
[2026-05-06 07:34:22 +08] run: no due posts
[2026-05-06 07:54:56 +08] run: no due posts
[2026-05-06 09:18:58 +08] HEARTBEAT lag 84 min (prev=2026-05-06T07:54:55.994897+08:00)
[2026-05-06 09:18:58 +08] run: no due posts
[2026-05-06 11:22:58 +08] HEARTBEAT lag 124 min (prev=2026-05-06T09:18:58.419549+08:00)
[2026-05-06 11:22:58 +08] Posting newseries-st-mode-d-2026-05-06-15 (carousel) — notes: Series: Straight Talk · Mode D (Polaroid Zine)
[2026-05-06 11:23:32 +08] OK  newseries-st-mode-d-2026-05-06-15 -> https://www.instagram.com/p/DX-2NqzICc7/
[2026-05-06 11:39:59 +08] run: no due posts
[2026-05-06 14:17:16 +08] HEARTBEAT lag 157 min (prev=2026-05-06T11:39:59.127633+08:00)
[2026-05-06 14:17:16 +08] run: no due posts
[2026-05-06 14:19:43 +08] run: no due posts
[2026-05-06 16:57:27 +08] HEARTBEAT lag 158 min (prev=2026-05-06T14:19:43.516162+08:00)
[2026-05-06 16:57:27 +08] CATCH-UP newseries-wl-mode-e-2026-05-08-11 — 1.5h late, publishing
[2026-05-06 16:57:27 +08] Posting newseries-wl-mode-e-2026-05-08-11 (carousel) — notes: Series: Warning Light Decoded · Mode E (Spec Sheet)
[2026-05-06 16:57:59 +08] OK  newseries-wl-mode-e-2026-05-08-11 -> https://www.instagram.com/p/DX_cfPGGld9/
[2026-05-06 18:50:29 +08] HEARTBEAT lag 113 min (prev=2026-05-06T16:57:27.091228+08:00)
[2026-05-06 18:50:29 +08] run: no due posts
[2026-05-06 18:52:18 +08] run: no due posts
[2026-05-06 20:20:24 +08] HEARTBEAT lag 88 min (prev=2026-05-06T18:52:18.531394+08:00)
[2026-05-06 20:20:24 +08] Posting newseries-dm-mode-c-2026-05-07-11 (carousel) — notes: Series: Driver's Manual · Mode C (Poster Bold)
[2026-05-06 20:21:00 +08] OK  newseries-dm-mode-c-2026-05-07-11 -> https://www.instagram.com/p/DX_ztmeHL44/
[2026-05-06 20:28:21 +08] run: no due posts
[2026-05-06 23:05:43 +08] HEARTBEAT lag 157 min (prev=2026-05-06T20:28:21.840069+08:00)
[2026-05-06 23:05:43 +08] run: no due posts
[2026-05-06 23:13:40 +08] run: no due posts
[2026-05-07 00:52:57 +08] HEARTBEAT lag 99 min (prev=2026-05-06T23:13:40.852319+08:00)
[2026-05-07 00:52:57 +08] run: no due posts
[2026-05-07 00:56:52 +08] run: no due posts
[2026-05-07 01:46:44 +08] HEARTBEAT lag 50 min (prev=2026-05-07T00:56:52.554190+08:00)
[2026-05-07 01:46:44 +08] run: no due posts
[2026-05-07 01:53:26 +08] run: no due posts
[2026-05-07 03:53:48 +08] HEARTBEAT lag 120 min (prev=2026-05-07T01:53:26.887277+08:00)
[2026-05-07 03:53:48 +08] run: no due posts
[2026-05-07 04:02:37 +08] run: no due posts
[2026-05-07 05:16:48 +08] HEARTBEAT lag 74 min (prev=2026-05-07T04:02:37.803427+08:00)
[2026-05-07 05:16:48 +08] run: no due posts
[2026-05-07 05:36:43 +08] run: no due posts
[2026-05-07 06:25:52 +08] HEARTBEAT lag 49 min (prev=2026-05-07T05:36:43.481183+08:00)
[2026-05-07 06:25:52 +08] run: no due posts
[2026-05-07 06:33:09 +08] run: no due posts
[2026-05-07 07:28:53 +08] HEARTBEAT lag 56 min (prev=2026-05-07T06:33:09.318233+08:00)
[2026-05-07 07:28:53 +08] run: no due posts
[2026-05-07 07:36:02 +08] run: no due posts
[2026-05-07 09:19:27 +08] HEARTBEAT lag 103 min (prev=2026-05-07T07:36:02.862316+08:00)
[2026-05-07 09:19:27 +08] run: no due posts
[2026-05-07 09:24:33 +08] run: no due posts
[2026-05-07 11:23:56 +08] HEARTBEAT lag 119 min (prev=2026-05-07T09:24:33.858118+08:00)
[2026-05-07 11:23:56 +08] Posting newseries-wl-mode-c-2026-05-04-11 (carousel) — notes: Series: Warning Light Decoded · Mode C (Poster Bold)
[2026-05-07 11:24:32 +08] OK  newseries-wl-mode-c-2026-05-04-11 -> https://www.instagram.com/p/DYBbHW7klkx/
[2026-05-07 11:39:43 +08] run: no due posts
[2026-05-07 14:22:52 +08] HEARTBEAT lag 163 min (prev=2026-05-07T11:39:43.223397+08:00)
[2026-05-07 14:22:53 +08] run: no due posts
[2026-05-07 14:25:36 +08] run: no due posts
[2026-05-07 17:11:18 +08] HEARTBEAT lag 166 min (prev=2026-05-07T14:25:36.251300+08:00)
[2026-05-07 17:11:18 +08] CATCH-UP newseries-cow-mode-e-2026-05-13-15 — 1.7h late, publishing
[2026-05-07 17:11:18 +08] Posting newseries-cow-mode-e-2026-05-13-15 (carousel) — notes: Series: Cost of Waiting · Mode E (Spec Sheet)
[2026-05-07 17:11:53 +08] OK  newseries-cow-mode-e-2026-05-13-15 -> https://www.instagram.com/p/DYCC3Rbmqm3/
[2026-05-07 19:18:43 +08] HEARTBEAT lag 127 min (prev=2026-05-07T17:11:18.822526+08:00)
[2026-05-07 19:18:43 +08] run: no due posts
[2026-05-07 19:22:03 +08] run: no due posts
[2026-05-07 21:11:26 +08] HEARTBEAT lag 109 min (prev=2026-05-07T19:22:03.472696+08:00)
[2026-05-07 21:11:26 +08] CATCH-UP newseries-rr-mode-d-2026-05-07-15 — 1.2h late, publishing
[2026-05-07 21:11:26 +08] Posting newseries-rr-mode-d-2026-05-07-15 (single) — notes: Series: Real Reviews · Mode D (Polaroid Zine) · Civic to Lexus
[2026-05-07 21:11:41 +08] OK  newseries-rr-mode-d-2026-05-07-15 -> https://www.instagram.com/p/DYCeT0XIGQB/
[2026-05-07 21:16:13 +08] run: no due posts
[2026-05-07 23:36:43 +08] HEARTBEAT lag 140 min (prev=2026-05-07T21:16:13.961401+08:00)
[2026-05-07 23:36:43 +08] run: no due posts
[2026-05-07 23:39:41 +08] run: no due posts
[2026-05-08 01:20:23 +08] HEARTBEAT lag 101 min (prev=2026-05-07T23:39:41.193587+08:00)
[2026-05-08 01:20:23 +08] run: no due posts
[2026-05-08 01:25:48 +08] run: no due posts
[2026-05-08 01:53:01 +08] run: no due posts
[2026-05-08 01:58:36 +08] run: no due posts
[2026-05-08 03:48:23 +08] HEARTBEAT lag 110 min (prev=2026-05-08T01:58:36.273990+08:00)
[2026-05-08 03:48:23 +08] run: no due posts
[2026-05-08 03:55:29 +08] run: no due posts
[2026-05-08 05:09:17 +08] HEARTBEAT lag 74 min (prev=2026-05-08T03:55:29.046120+08:00)
[2026-05-08 05:09:17 +08] run: no due posts
[2026-05-08 05:15:19 +08] run: no due posts
[2026-05-08 06:31:25 +08] HEARTBEAT lag 76 min (prev=2026-05-08T05:15:19.852072+08:00)
[2026-05-08 06:31:25 +08] run: no due posts
[2026-05-08 06:36:09 +08] run: no due posts
[2026-05-08 07:36:26 +08] HEARTBEAT lag 60 min (prev=2026-05-08T06:36:09.053898+08:00)
[2026-05-08 07:36:26 +08] run: no due posts
[2026-05-08 07:58:27 +08] run: no due posts
[2026-05-08 09:26:21 +08] HEARTBEAT lag 88 min (prev=2026-05-08T07:58:27.589445+08:00)
[2026-05-08 09:26:21 +08] run: no due posts
[2026-05-08 11:21:18 +08] HEARTBEAT lag 115 min (prev=2026-05-08T09:26:21.429377+08:00)
[2026-05-08 11:21:18 +08] Posting newseries-dm-mode-a-2026-05-03-11 (carousel) — notes: Series: Driver's Manual · Mode A (Editorial Dark)
[2026-05-08 11:21:55 +08] OK  newseries-dm-mode-a-2026-05-03-11 -> https://www.instagram.com/p/DYD_nbImvhv/
[2026-05-08 11:33:54 +08] run: no due posts
[2026-05-08 13:39:29 +08] HEARTBEAT lag 126 min (prev=2026-05-08T11:33:54.215379+08:00)
[2026-05-08 13:39:29 +08] run: no due posts
[2026-05-08 15:08:39 +08] HEARTBEAT lag 89 min (prev=2026-05-08T13:39:29.806362+08:00)
[2026-05-08 15:08:39 +08] run: no due posts
[2026-05-08 16:47:49 +08] HEARTBEAT lag 99 min (prev=2026-05-08T15:08:39.917072+08:00)
[2026-05-08 16:47:49 +08] CATCH-UP igs-autofill-dealer-vs-independent-workshop-2026-05-08-1530 — 1.3h late, publishing
[2026-05-08 16:47:49 +08] Posting igs-autofill-dealer-vs-independent-workshop-2026-05-08-1530 (story) — notes: Auto-fill IGS — blog:dealer-vs-independent-workshop-singapore variant:A
[2026-05-08 16:48:03 +08] OK  igs-autofill-dealer-vs-independent-workshop-2026-05-08-1530 -> 18151718659467903
[2026-05-08 16:48:49 +08] run: no due posts
[2026-05-08 18:10:47 +08] HEARTBEAT lag 82 min (prev=2026-05-08T16:48:49.036742+08:00)
[2026-05-08 18:10:47 +08] run: no due posts
[2026-05-08 18:12:22 +08] run: no due posts
[2026-05-08 19:44:36 +08] HEARTBEAT lag 92 min (prev=2026-05-08T18:12:22.590271+08:00)
[2026-05-08 19:44:36 +08] run: no due posts
[2026-05-08 19:48:07 +08] run: no due posts
[2026-05-08 20:59:38 +08] HEARTBEAT lag 72 min (prev=2026-05-08T19:48:07.454108+08:00)
[2026-05-08 20:59:38 +08] CATCH-UP igs-autofill-brake-pads-rotors-singapore-wh-2026-05-08-2000 — 1.0h late, publishing
[2026-05-08 20:59:38 +08] Posting igs-autofill-brake-pads-rotors-singapore-wh-2026-05-08-2000 (story) — notes: Auto-fill IGS — blog:brake-pads-rotors-singapore-when-to-change variant:C
[2026-05-08 20:59:44 +08] OK  igs-autofill-brake-pads-rotors-singapore-wh-2026-05-08-2000 -> 17936693172237474
[2026-05-08 21:01:19 +08] run: no due posts
[2026-05-08 22:55:38 +08] HEARTBEAT lag 114 min (prev=2026-05-08T21:01:19.173435+08:00)
[2026-05-08 22:55:38 +08] run: no due posts
[2026-05-08 23:02:01 +08] run: no due posts
[2026-05-09 00:18:44 +08] HEARTBEAT lag 77 min (prev=2026-05-08T23:02:01.588668+08:00)
[2026-05-09 00:18:44 +08] run: no due posts
[2026-05-09 00:43:20 +08] run: no due posts
[2026-05-09 01:25:08 +08] HEARTBEAT lag 42 min (prev=2026-05-09T00:43:20.505929+08:00)
[2026-05-09 01:25:08 +08] run: no due posts
[2026-05-09 01:44:51 +08] run: no due posts
[2026-05-09 02:53:00 +08] HEARTBEAT lag 68 min (prev=2026-05-09T01:44:50.998575+08:00)
[2026-05-09 02:53:00 +08] run: no due posts
[2026-05-09 02:59:00 +08] run: no due posts
[2026-05-09 04:09:19 +08] HEARTBEAT lag 70 min (prev=2026-05-09T02:59:00.414438+08:00)
[2026-05-09 04:09:19 +08] run: no due posts
[2026-05-09 04:17:03 +08] run: no due posts
[2026-05-09 05:34:56 +08] HEARTBEAT lag 78 min (prev=2026-05-09T04:17:03.660570+08:00)
[2026-05-09 05:34:56 +08] run: no due posts
[2026-05-09 05:42:20 +08] run: no due posts
[2026-05-09 06:39:51 +08] HEARTBEAT lag 58 min (prev=2026-05-09T05:42:20.049416+08:00)
[2026-05-09 06:39:51 +08] run: no due posts
[2026-05-09 07:00:38 +08] run: no due posts
[2026-05-09 07:40:19 +08] HEARTBEAT lag 40 min (prev=2026-05-09T07:00:38.583264+08:00)
[2026-05-09 07:40:19 +08] run: no due posts
[2026-05-09 09:16:15 +08] HEARTBEAT lag 96 min (prev=2026-05-09T07:40:19.030343+08:00)
[2026-05-09 09:16:15 +08] run: no due posts
[2026-05-09 09:24:09 +08] run: no due posts
[2026-05-09 10:57:56 +08] HEARTBEAT lag 94 min (prev=2026-05-09T09:24:09.950270+08:00)
[2026-05-09 10:57:56 +08] run: no due posts
[2026-05-09 11:33:59 +08] HEARTBEAT lag 36 min (prev=2026-05-09T10:57:56.343927+08:00)
[2026-05-09 11:33:59 +08] CATCH-UP igs-autofill-brake-pads-rotors-singapore-wh-2026-05-09-1100 — 0.6h late, publishing
[2026-05-09 11:33:59 +08] CATCH-UP newseries-dm-mode-d-2026-05-13-20 — 0.6h late, publishing
[2026-05-09 11:33:59 +08] Posting igs-autofill-brake-pads-rotors-singapore-wh-2026-05-09-1100 (story) — notes: Auto-fill IGS — blog:brake-pads-rotors-singapore-when-to-change variant:B
[2026-05-09 11:34:11 +08] OK  igs-autofill-brake-pads-rotors-singapore-wh-2026-05-09-1100 -> 18446463115113937
[2026-05-09 11:34:12 +08] Posting newseries-dm-mode-d-2026-05-13-20 (carousel) — notes: Series: Driver's Manual · Mode D (Polaroid Zine)
[2026-05-09 11:34:46 +08] OK  newseries-dm-mode-d-2026-05-13-20 -> https://www.instagram.com/p/DYGl4Ghjt3C/
[2026-05-09 13:52:59 +08] HEARTBEAT lag 139 min (prev=2026-05-09T11:33:59.259181+08:00)
[2026-05-09 13:52:59 +08] run: no due posts
[2026-05-09 14:04:58 +08] run: no due posts
[2026-05-09 15:59:19 +08] HEARTBEAT lag 114 min (prev=2026-05-09T14:04:58.599768+08:00)
[2026-05-09 15:59:19 +08] Posting igs-autofill-how-often-service-car-singapor-2026-05-09-1530 (story) — notes: Auto-fill IGS — blog:how-often-service-car-singapore variant:A
[2026-05-09 15:59:34 +08] OK  igs-autofill-how-often-service-car-singapor-2026-05-09-1530 -> 17965378989112583
[2026-05-09 16:07:03 +08] run: no due posts
[2026-05-09 17:40:49 +08] HEARTBEAT lag 94 min (prev=2026-05-09T16:07:03.110132+08:00)
[2026-05-09 17:40:49 +08] run: no due posts
[2026-05-09 17:42:53 +08] run: no due posts
[2026-05-09 18:36:52 +08] HEARTBEAT lag 54 min (prev=2026-05-09T17:42:53.900751+08:00)
[2026-05-09 18:36:52 +08] run: no due posts
[2026-05-09 18:41:33 +08] run: no due posts
[2026-05-09 19:31:09 +08] HEARTBEAT lag 50 min (prev=2026-05-09T18:41:33.868675+08:00)
[2026-05-09 19:31:09 +08] run: no due posts
[2026-05-09 19:38:30 +08] run: no due posts
[2026-05-09 20:11:47 +08] HEARTBEAT lag 33 min (prev=2026-05-09T19:38:30.978921+08:00)
[2026-05-09 20:11:47 +08] Posting igs-autofill-what-to-look-for-car-workshop--2026-05-09-2000 (story) — notes: Auto-fill IGS — blog:what-to-look-for-car-workshop-singapore variant:C
[2026-05-09 20:11:55 +08] OK  igs-autofill-what-to-look-for-car-workshop--2026-05-09-2000 -> 18123438967615806
[2026-05-09 20:11:56 +08] Posting newseries-bbtb-vezel-mode-b-2026-05-05-20 (carousel) — notes: Series: Behind the Badge · Mode B (Cream Magazine) · Honda Vezel
[2026-05-09 20:12:32 +08] OK  newseries-bbtb-vezel-mode-b-2026-05-05-20 -> https://www.instagram.com/p/DYHhIVBnPQG/
[2026-05-09 20:41:55 +08] HEARTBEAT lag 30 min (prev=2026-05-09T20:11:47.503075+08:00)
[2026-05-09 20:41:55 +08] run: no due posts
[2026-05-09 21:51:45 +08] HEARTBEAT lag 70 min (prev=2026-05-09T20:41:55.006295+08:00)
[2026-05-09 21:51:45 +08] run: no due posts
[2026-05-09 22:09:25 +08] run: no due posts
[2026-05-09 22:40:59 +08] HEARTBEAT lag 32 min (prev=2026-05-09T22:09:25.390441+08:00)
[2026-05-09 22:40:59 +08] run: no due posts
[2026-05-09 23:13:53 +08] HEARTBEAT lag 33 min (prev=2026-05-09T22:40:59.780918+08:00)
[2026-05-09 23:13:53 +08] run: no due posts
[2026-05-09 23:35:10 +08] run: no due posts
[2026-05-10 00:11:32 +08] HEARTBEAT lag 36 min (prev=2026-05-09T23:35:10.100466+08:00)
[2026-05-10 00:11:32 +08] run: no due posts
[2026-05-10 00:32:03 +08] run: no due posts
[2026-05-10 01:01:21 +08] run: no due posts
[2026-05-10 01:13:50 +08] run: no due posts
[2026-05-10 02:07:49 +08] HEARTBEAT lag 54 min (prev=2026-05-10T01:13:50.971824+08:00)
[2026-05-10 02:07:49 +08] run: no due posts
[2026-05-10 02:32:35 +08] run: no due posts
[2026-05-10 03:34:22 +08] HEARTBEAT lag 62 min (prev=2026-05-10T02:32:35.592408+08:00)
[2026-05-10 03:34:22 +08] run: no due posts
[2026-05-10 03:59:02 +08] run: no due posts
[2026-05-10 04:27:08 +08] run: no due posts
[2026-05-10 04:57:31 +08] HEARTBEAT lag 30 min (prev=2026-05-10T04:27:08.099858+08:00)
[2026-05-10 04:57:31 +08] run: no due posts
[2026-05-10 05:28:48 +08] HEARTBEAT lag 31 min (prev=2026-05-10T04:57:31.667008+08:00)
[2026-05-10 05:28:48 +08] run: no due posts
[2026-05-10 05:55:59 +08] run: no due posts
[2026-05-10 06:26:07 +08] HEARTBEAT lag 30 min (prev=2026-05-10T05:55:59.493541+08:00)
[2026-05-10 06:26:07 +08] run: no due posts
[2026-05-10 06:55:43 +08] run: no due posts
[2026-05-10 07:31:24 +08] HEARTBEAT lag 36 min (prev=2026-05-10T06:55:43.909939+08:00)
[2026-05-10 07:31:24 +08] run: no due posts
[2026-05-10 07:56:34 +08] run: no due posts
[2026-05-10 09:26:11 +08] HEARTBEAT lag 90 min (prev=2026-05-10T07:56:34.915838+08:00)
[2026-05-10 09:26:11 +08] run: no due posts
[2026-05-10 11:30:26 +08] HEARTBEAT lag 124 min (prev=2026-05-10T09:26:11.582585+08:00)
[2026-05-10 11:30:26 +08] CATCH-UP igs-autofill-driving-singapore-rain-wet-wea-2026-05-10-1100 — 0.5h late, publishing
[2026-05-10 11:30:26 +08] CATCH-UP newseries-st-mode-c-2026-05-04-15 — 0.5h late, publishing
[2026-05-10 11:30:26 +08] Posting igs-autofill-driving-singapore-rain-wet-wea-2026-05-10-1100 (story) — notes: Auto-fill IGS — blog:driving-singapore-rain-wet-weather variant:B
[2026-05-10 11:30:38 +08] OK  igs-autofill-driving-singapore-rain-wet-wea-2026-05-10-1100 -> 18323266516264696
[2026-05-10 11:30:39 +08] Posting newseries-st-mode-c-2026-05-04-15 (carousel) — notes: Series: Straight Talk · Mode C (Poster Bold)
[2026-05-10 11:31:21 +08] OK  newseries-st-mode-c-2026-05-04-15 -> https://www.instagram.com/p/DYJKR2MDUOO/
[2026-05-10 11:49:35 +08] run: no due posts
[2026-05-10 14:24:28 +08] HEARTBEAT lag 155 min (prev=2026-05-10T11:49:35.846096+08:00)
[2026-05-10 14:24:28 +08] run: no due posts
[2026-05-10 14:26:55 +08] run: no due posts
[2026-05-10 16:26:48 +08] HEARTBEAT lag 120 min (prev=2026-05-10T14:26:55.036540+08:00)
[2026-05-10 16:26:48 +08] CATCH-UP igs-autofill-first-car-service-singapore-wh-2026-05-10-1530 — 0.9h late, publishing
[2026-05-10 16:26:48 +08] Posting igs-autofill-first-car-service-singapore-wh-2026-05-10-1530 (story) — notes: Auto-fill IGS — blog:first-car-service-singapore-what-happens variant:A
[2026-05-10 16:27:02 +08] OK  igs-autofill-first-car-service-singapore-wh-2026-05-10-1530 -> 18098427683031163
[2026-05-10 17:55:30 +08] HEARTBEAT lag 89 min (prev=2026-05-10T16:26:48.307433+08:00)
[2026-05-10 17:55:30 +08] run: no due posts
[2026-05-10 19:02:05 +08] HEARTBEAT lag 67 min (prev=2026-05-10T17:55:30.276276+08:00)
[2026-05-10 19:02:05 +08] run: no due posts
[2026-05-10 19:02:45 +08] run: no due posts
[2026-05-10 19:58:50 +08] HEARTBEAT lag 56 min (prev=2026-05-10T19:02:45.563253+08:00)
[2026-05-10 19:58:50 +08] run: no due posts
[2026-05-10 20:00:46 +08] Posting igs-autofill-first-car-service-singapore-wh-2026-05-10-2000 (story) — notes: Auto-fill IGS — blog:first-car-service-singapore-what-happens variant:C
[2026-05-10 20:00:55 +08] OK  igs-autofill-first-car-service-singapore-wh-2026-05-10-2000 -> 18091590848462539
[2026-05-10 20:00:56 +08] Posting newseries-cow-mode-d-2026-05-06-20 (carousel) — notes: Series: Cost of Waiting · Mode D (Polaroid Zine)
[2026-05-10 20:01:32 +08] OK  newseries-cow-mode-d-2026-05-06-20 -> https://www.instagram.com/p/DYKEq1Ojgb6/
[2026-05-10 21:40:31 +08] HEARTBEAT lag 100 min (prev=2026-05-10T20:00:46.139218+08:00)
[2026-05-10 21:40:31 +08] run: no due posts
[2026-05-10 21:52:48 +08] run: no due posts
[2026-05-10 22:39:16 +08] HEARTBEAT lag 46 min (prev=2026-05-10T21:52:48.918625+08:00)
[2026-05-10 22:39:16 +08] run: no due posts
[2026-05-10 22:55:29 +08] run: no due posts
[2026-05-10 23:36:08 +08] HEARTBEAT lag 41 min (prev=2026-05-10T22:55:29.923265+08:00)
[2026-05-10 23:36:08 +08] run: no due posts
[2026-05-10 23:56:52 +08] run: no due posts
[2026-05-11 00:34:57 +08] HEARTBEAT lag 38 min (prev=2026-05-10T23:56:52.564246+08:00)
[2026-05-11 00:34:57 +08] run: no due posts
[2026-05-11 01:01:57 +08] run: no due posts
[2026-05-11 01:13:41 +08] run: no due posts
[2026-05-11 02:09:04 +08] HEARTBEAT lag 55 min (prev=2026-05-11T01:13:41.707576+08:00)
[2026-05-11 02:09:04 +08] run: no due posts
[2026-05-11 02:32:33 +08] run: no due posts
[2026-05-11 03:34:46 +08] HEARTBEAT lag 62 min (prev=2026-05-11T02:32:33.575630+08:00)
[2026-05-11 03:34:46 +08] run: no due posts
[2026-05-11 04:00:42 +08] run: no due posts
[2026-05-11 04:30:27 +08] run: no due posts
[2026-05-11 05:25:07 +08] HEARTBEAT lag 55 min (prev=2026-05-11T04:30:27.450249+08:00)
[2026-05-11 05:25:07 +08] run: no due posts
[2026-05-11 05:34:19 +08] run: no due posts
[2026-05-11 06:12:07 +08] HEARTBEAT lag 38 min (prev=2026-05-11T05:34:19.375695+08:00)
[2026-05-11 06:12:07 +08] run: no due posts
[2026-05-11 06:30:00 +08] run: no due posts
[2026-05-11 07:28:46 +08] HEARTBEAT lag 59 min (prev=2026-05-11T06:30:00.489832+08:00)
[2026-05-11 07:28:46 +08] run: no due posts
[2026-05-11 07:36:12 +08] run: no due posts
[2026-05-11 09:26:30 +08] HEARTBEAT lag 110 min (prev=2026-05-11T07:36:12.043912+08:00)
[2026-05-11 09:26:30 +08] run: no due posts
[2026-05-11 09:30:34 +08] run: no due posts
[2026-05-11 11:41:55 +08] HEARTBEAT lag 131 min (prev=2026-05-11T09:30:34.645099+08:00)
[2026-05-11 11:41:55 +08] CATCH-UP igs-autofill-dealer-vs-independent-workshop-2026-05-11-1100 — 0.7h late, publishing
[2026-05-11 11:41:55 +08] CATCH-UP newseries-bbtb-vezel-mode-c-2026-05-07-20 — 0.7h late, publishing
[2026-05-11 11:41:55 +08] Posting igs-autofill-dealer-vs-independent-workshop-2026-05-11-1100 (story) — notes: Auto-fill IGS — blog:dealer-vs-independent-workshop-singapore variant:B
[2026-05-11 11:42:07 +08] OK  igs-autofill-dealer-vs-independent-workshop-2026-05-11-1100 -> 18095473733143858
[2026-05-11 11:42:08 +08] Posting newseries-bbtb-vezel-mode-c-2026-05-07-20 (carousel) — notes: Series: Behind the Badge · Mode C (Poster Bold) · Honda Vezel
[2026-05-11 11:42:48 +08] OK  newseries-bbtb-vezel-mode-c-2026-05-07-20 -> https://www.instagram.com/p/DYLwYk2DL6H/
[2026-05-11 12:00:20 +08] run: no due posts
[2026-05-11 14:56:13 +08] HEARTBEAT lag 176 min (prev=2026-05-11T12:00:20.538459+08:00)
[2026-05-11 14:56:13 +08] run: no due posts
[2026-05-11 15:49:40 +08] HEARTBEAT lag 53 min (prev=2026-05-11T14:56:13.224215+08:00)
[2026-05-11 15:49:40 +08] Posting igs-autofill-coolant-radiator-care-singapor-2026-05-11-1530 (story) — notes: Auto-fill IGS — blog:coolant-radiator-care-singapore variant:A
[2026-05-11 15:49:53 +08] OK  igs-autofill-coolant-radiator-care-singapor-2026-05-11-1530 -> 18137842252470297
[2026-05-11 15:49:54 +08] Posting igs-cheapest-car-workshop-singapore-a-d1 (story) — notes: IGS A for blog: cheapest-car-workshop-singapore
[2026-05-11 15:50:05 +08] OK  igs-cheapest-car-workshop-singapore-a-d1 -> 18006953141859590
[2026-05-11 15:50:06 +08] Posting igs-pre-purchase-car-inspection-singapore-a-d1 (story) — notes: IGS A for blog: pre-purchase-car-inspection-singapore
[2026-05-11 15:50:17 +08] OK  igs-pre-purchase-car-inspection-singapore-a-d1 -> 18096034097128687
[2026-05-11 15:50:18 +08] Posting igs-car-insurance-premium-factors-singapore-a-d1 (story) — notes: IGS A for blog: car-insurance-premium-factors-singapore
[2026-05-11 15:50:29 +08] OK  igs-car-insurance-premium-factors-singapore-a-d1 -> 18104633150490155
[2026-05-11 15:50:29 +08] Posting igs-car-insurance-broker-singapore-a-d1 (story) — notes: IGS A for blog: car-insurance-broker-singapore
[2026-05-11 15:50:41 +08] OK  igs-car-insurance-broker-singapore-a-d1 -> 18102634327952505
[2026-05-11 15:50:42 +08] Posting igs-scrap-car-singapore-a-d1 (story) — notes: IGS A for blog: scrap-car-singapore
[2026-05-11 15:50:54 +08] OK  igs-scrap-car-singapore-a-d1 -> 18092989913218448
[2026-05-11 15:50:54 +08] Posting igs-coe-export-car-singapore-a-d1 (story) — notes: IGS A for blog: coe-export-car-singapore
[2026-05-11 15:51:06 +08] OK  igs-coe-export-car-singapore-a-d1 -> 17920441476353796
[2026-05-11 15:51:06 +08] Posting igs-coe-renewal-singapore-a-d1 (story) — notes: IGS A for blog: coe-renewal-singapore
[2026-05-11 15:51:18 +08] OK  igs-coe-renewal-singapore-a-d1 -> 17941348611197777
[2026-05-11 15:51:19 +08] Posting igs-what-is-the-right-workshop-singapore-a-d1 (story) — notes: IGS A for blog: what-is-the-right-workshop-singapore
[2026-05-11 15:51:30 +08] OK  igs-what-is-the-right-workshop-singapore-a-d1 -> 18079596005404747
[2026-05-11 15:51:31 +08] Posting igs-erp-2-0-singapore-2026-a-d1 (story) — notes: IGS A for blog: erp-2-0-singapore-2026
[2026-05-11 15:51:41 +08] OK  igs-erp-2-0-singapore-2026-a-d1 -> 18094321867919776
[2026-05-11 15:51:42 +08] Posting igs-cat-a-vs-cat-b-singapore-a-d1 (story) — notes: IGS A for blog: cat-a-vs-cat-b-singapore
[2026-05-11 15:51:54 +08] OK  igs-cat-a-vs-cat-b-singapore-a-d1 -> 18018387665672817
[2026-05-11 15:51:55 +08] Posting igs-coe-explained-a-d1 (story) — notes: IGS A for blog: coe-explained
[2026-05-11 15:52:07 +08] OK  igs-coe-explained-a-d1 -> 17961260376087133
[2026-05-11 18:40:15 +08] HEARTBEAT lag 171 min (prev=2026-05-11T15:49:40.530251+08:00)
[2026-05-11 18:40:15 +08] run: no due posts
[2026-05-11 18:49:36 +08] run: no due posts
[2026-05-11 21:34:05 +08] HEARTBEAT lag 164 min (prev=2026-05-11T18:49:36.887977+08:00)
[2026-05-11 21:34:05 +08] CATCH-UP igs-autofill-tyres-battery-singapore-checks-2026-05-11-2000 — 1.6h late, publishing
[2026-05-11 21:34:05 +08] Posting igs-autofill-tyres-battery-singapore-checks-2026-05-11-2000 (story) — notes: Auto-fill IGS — blog:tyres-battery-singapore-checks-guide variant:C
[2026-05-11 21:34:11 +08] OK  igs-autofill-tyres-battery-singapore-checks-2026-05-11-2000 -> 18063132917432756
[2026-05-11 21:34:49 +08] run: no due posts
[2026-05-12 00:17:40 +08] HEARTBEAT lag 163 min (prev=2026-05-11T21:34:49.643959+08:00)
[2026-05-12 00:17:40 +08] run: no due posts
[2026-05-12 00:18:32 +08] run: no due posts
[2026-05-12 01:59:44 +08] HEARTBEAT lag 101 min (prev=2026-05-12T00:18:32.555276+08:00)
[2026-05-12 01:59:44 +08] run: no due posts
[2026-05-12 02:05:34 +08] run: no due posts
[2026-05-12 04:00:55 +08] HEARTBEAT lag 115 min (prev=2026-05-12T02:05:34.498994+08:00)
[2026-05-12 04:00:55 +08] run: no due posts
[2026-05-12 04:04:31 +08] run: no due posts
[2026-05-12 05:42:33 +08] HEARTBEAT lag 98 min (prev=2026-05-12T04:04:31.960371+08:00)
[2026-05-12 05:42:33 +08] run: no due posts
[2026-05-12 05:50:30 +08] run: no due posts
[2026-05-12 06:41:27 +08] HEARTBEAT lag 51 min (prev=2026-05-12T05:50:30.079499+08:00)
[2026-05-12 06:41:27 +08] run: no due posts
[2026-05-12 07:00:11 +08] run: no due posts
[2026-05-12 07:41:50 +08] HEARTBEAT lag 42 min (prev=2026-05-12T07:00:11.064652+08:00)
[2026-05-12 07:41:50 +08] run: no due posts
[2026-05-12 08:08:03 +08] run: no due posts
[2026-05-12 09:25:27 +08] HEARTBEAT lag 77 min (prev=2026-05-12T08:08:03.503676+08:00)
[2026-05-12 09:25:27 +08] run: no due posts
[2026-05-12 11:29:02 +08] HEARTBEAT lag 124 min (prev=2026-05-12T09:25:27.288296+08:00)
[2026-05-12 11:29:02 +08] Posting igs-autofill-independent-workshop-vs-author-2026-05-12-1100 (story) — notes: Auto-fill IGS — blog:independent-workshop-vs-authorised-service-centre-singapore variant:B
[2026-05-12 11:29:09 +08] OK  igs-autofill-independent-workshop-vs-author-2026-05-12-1100 -> 17899197891441216
[2026-05-12 11:29:09 +08] Posting igs-cheapest-car-workshop-singapore-b-d2 (story) — notes: IGS B for blog: cheapest-car-workshop-singapore
[2026-05-12 11:29:17 +08] OK  igs-cheapest-car-workshop-singapore-b-d2 -> 18120906742733172
[2026-05-12 11:29:17 +08] Posting igs-pre-purchase-car-inspection-singapore-b-d2 (story) — notes: IGS B for blog: pre-purchase-car-inspection-singapore
[2026-05-12 11:29:24 +08] OK  igs-pre-purchase-car-inspection-singapore-b-d2 -> 18339490009218650
[2026-05-12 11:29:25 +08] Posting igs-car-insurance-premium-factors-singapore-b-d2 (story) — notes: IGS B for blog: car-insurance-premium-factors-singapore
[2026-05-12 11:29:31 +08] OK  igs-car-insurance-premium-factors-singapore-b-d2 -> 18001354940753005
[2026-05-12 11:29:32 +08] Posting igs-car-insurance-broker-singapore-b-d2 (story) — notes: IGS B for blog: car-insurance-broker-singapore
[2026-05-12 11:29:39 +08] OK  igs-car-insurance-broker-singapore-b-d2 -> 17973810351034489
[2026-05-12 11:29:40 +08] Posting igs-scrap-car-singapore-b-d2 (story) — notes: IGS B for blog: scrap-car-singapore
[2026-05-12 11:29:46 +08] OK  igs-scrap-car-singapore-b-d2 -> 18111413605676314
[2026-05-12 11:29:47 +08] Posting igs-coe-export-car-singapore-b-d2 (story) — notes: IGS B for blog: coe-export-car-singapore
[2026-05-12 11:29:57 +08] OK  igs-coe-export-car-singapore-b-d2 -> 17917222293166012
[2026-05-12 11:29:58 +08] Posting igs-coe-renewal-singapore-b-d2 (story) — notes: IGS B for blog: coe-renewal-singapore
[2026-05-12 11:30:04 +08] OK  igs-coe-renewal-singapore-b-d2 -> 18081683714536906
[2026-05-12 11:30:05 +08] Posting igs-what-is-the-right-workshop-singapore-b-d2 (story) — notes: IGS B for blog: what-is-the-right-workshop-singapore
[2026-05-12 11:30:10 +08] OK  igs-what-is-the-right-workshop-singapore-b-d2 -> 18316150678260042
[2026-05-12 11:30:11 +08] Posting igs-erp-2-0-singapore-2026-b-d2 (story) — notes: IGS B for blog: erp-2-0-singapore-2026
[2026-05-12 11:30:18 +08] OK  igs-erp-2-0-singapore-2026-b-d2 -> 18098404034032752
[2026-05-12 11:30:19 +08] Posting igs-cat-a-vs-cat-b-singapore-b-d2 (story) — notes: IGS B for blog: cat-a-vs-cat-b-singapore
[2026-05-12 11:30:31 +08] OK  igs-cat-a-vs-cat-b-singapore-b-d2 -> 18577249282058740
[2026-05-12 11:30:31 +08] Posting igs-coe-explained-b-d2 (story) — notes: IGS B for blog: coe-explained
[2026-05-12 11:30:39 +08] OK  igs-coe-explained-b-d2 -> 18048402119529122
[2026-05-12 11:42:54 +08] run: no due posts
[2026-05-12 14:26:04 +08] HEARTBEAT lag 163 min (prev=2026-05-12T11:42:54.698786+08:00)
[2026-05-12 14:26:04 +08] run: no due posts
[2026-05-12 14:29:00 +08] run: no due posts
[2026-05-12 17:19:14 +08] HEARTBEAT lag 170 min (prev=2026-05-12T14:29:00.762909+08:00)
[2026-05-12 17:19:14 +08] CATCH-UP igs-autofill-what-to-look-for-car-workshop--2026-05-12-1530 — 1.8h late, publishing
[2026-05-12 17:19:14 +08] CATCH-UP igs-coe-results-explained-a-d1 — 1.8h late, publishing
[2026-05-12 17:19:14 +08] Posting igs-autofill-what-to-look-for-car-workshop--2026-05-12-1530 (story) — notes: Auto-fill IGS — blog:what-to-look-for-car-workshop-singapore variant:A
[2026-05-12 17:19:22 +08] OK  igs-autofill-what-to-look-for-car-workshop--2026-05-12-1530 -> 18118987852734500
[2026-05-12 17:19:23 +08] Posting igs-coe-results-explained-a-d1 (story) — notes: IGS A for blog: coe-results-explained
[2026-05-12 17:19:29 +08] OK  igs-coe-results-explained-a-d1 -> 18004472876866174
[2026-05-12 19:28:11 +08] HEARTBEAT lag 129 min (prev=2026-05-12T17:19:14.800459+08:00)
[2026-05-12 19:28:11 +08] run: no due posts
[2026-05-12 19:29:14 +08] run: no due posts
[2026-05-12 21:21:02 +08] HEARTBEAT lag 112 min (prev=2026-05-12T19:29:14.615674+08:00)
[2026-05-12 21:21:02 +08] CATCH-UP igs-autofill-block-exemption-order-singapor-2026-05-12-2000 — 1.4h late, publishing
[2026-05-12 21:21:02 +08] CATCH-UP newseries-st-mode-e-2026-05-13-11 — 1.4h late, publishing
[2026-05-12 21:21:02 +08] Posting igs-autofill-block-exemption-order-singapor-2026-05-12-2000 (story) — notes: Auto-fill IGS — blog:block-exemption-order-singapore-car-servicing variant:C
[2026-05-12 21:21:14 +08] OK  igs-autofill-block-exemption-order-singapor-2026-05-12-2000 -> 18044690855782424
[2026-05-12 21:21:15 +08] Posting newseries-st-mode-e-2026-05-13-11 (carousel) — notes: Series: Straight Talk · Mode E (Spec Sheet)
[2026-05-12 21:21:52 +08] OK  newseries-st-mode-e-2026-05-13-11 -> https://www.instagram.com/p/DYPXchKjpPa/
[2026-05-12 21:22:42 +08] run: no due posts
[2026-05-12 23:47:31 +08] HEARTBEAT lag 145 min (prev=2026-05-12T21:22:42.491997+08:00)
[2026-05-12 23:47:32 +08] run: no due posts
[2026-05-13 00:02:08 +08] run: no due posts
[2026-05-13 01:50:45 +08] HEARTBEAT lag 109 min (prev=2026-05-13T00:02:08.430203+08:00)
[2026-05-13 01:50:45 +08] run: no due posts
[2026-05-13 02:04:19 +08] run: no due posts
[2026-05-13 02:18:52 +08] run: no due posts
[2026-05-13 04:16:13 +08] HEARTBEAT lag 117 min (prev=2026-05-13T02:18:52.718094+08:00)
[2026-05-13 04:16:14 +08] run: no due posts
[2026-05-13 04:20:43 +08] run: no due posts
[2026-05-13 05:50:22 +08] HEARTBEAT lag 90 min (prev=2026-05-13T04:20:43.098392+08:00)
[2026-05-13 05:50:22 +08] run: no due posts
[2026-05-13 05:56:39 +08] run: no due posts
[2026-05-13 07:07:08 +08] HEARTBEAT lag 70 min (prev=2026-05-13T05:56:39.846737+08:00)
[2026-05-13 07:07:08 +08] run: no due posts
[2026-05-13 07:19:26 +08] run: no due posts
[2026-05-13 09:24:24 +08] HEARTBEAT lag 125 min (prev=2026-05-13T07:19:26.318465+08:00)
[2026-05-13 09:24:24 +08] run: no due posts
[2026-05-13 09:29:33 +08] run: no due posts
[2026-05-13 11:36:47 +08] HEARTBEAT lag 127 min (prev=2026-05-13T09:29:33.482674+08:00)
[2026-05-13 11:36:47 +08] CATCH-UP igs-coe-results-explained-b-d2 — 0.6h late, publishing
[2026-05-13 11:36:47 +08] Posting igs-coe-results-explained-b-d2 (story) — notes: IGS B for blog: coe-results-explained
[2026-05-13 11:36:56 +08] OK  igs-coe-results-explained-b-d2 -> 17924670126322753
[2026-05-13 11:52:59 +08] run: no due posts
[2026-05-13 14:39:25 +08] HEARTBEAT lag 166 min (prev=2026-05-13T11:52:59.193334+08:00)
[2026-05-13 14:39:25 +08] run: no due posts
[2026-05-13 14:40:32 +08] run: no due posts
[2026-05-13 17:31:18 +08] HEARTBEAT lag 171 min (prev=2026-05-13T14:40:32.742662+08:00)
[2026-05-13 17:31:18 +08] run: no due posts
[2026-05-13 19:40:30 +08] HEARTBEAT lag 129 min (prev=2026-05-13T17:31:18.409792+08:00)
[2026-05-13 19:40:30 +08] run: no due posts
[2026-05-13 19:50:27 +08] run: no due posts
[2026-05-13 21:53:11 +08] HEARTBEAT lag 123 min (prev=2026-05-13T19:50:27.008037+08:00)
[2026-05-13 21:53:11 +08] CATCH-UP igs-cheapest-car-workshop-singapore-c-d3 — 1.9h late, publishing
[2026-05-13 21:53:11 +08] CATCH-UP igs-pre-purchase-car-inspection-singapore-c-d3 — 1.9h late, publishing
[2026-05-13 21:53:11 +08] CATCH-UP igs-car-insurance-premium-factors-singapore-c-d3 — 1.9h late, publishing
[2026-05-13 21:53:11 +08] CATCH-UP igs-car-insurance-broker-singapore-c-d3 — 1.9h late, publishing
[2026-05-13 21:53:11 +08] CATCH-UP igs-scrap-car-singapore-c-d3 — 1.9h late, publishing
[2026-05-13 21:53:11 +08] CATCH-UP igs-coe-export-car-singapore-c-d3 — 1.9h late, publishing
[2026-05-13 21:53:11 +08] CATCH-UP igs-coe-renewal-singapore-c-d3 — 1.9h late, publishing
[2026-05-13 21:53:11 +08] CATCH-UP igs-what-is-the-right-workshop-singapore-c-d3 — 1.9h late, publishing
[2026-05-13 21:53:11 +08] CATCH-UP igs-erp-2-0-singapore-2026-c-d3 — 1.9h late, publishing
[2026-05-13 21:53:11 +08] CATCH-UP igs-cat-a-vs-cat-b-singapore-c-d3 — 1.9h late, publishing
[2026-05-13 21:53:11 +08] CATCH-UP igs-coe-explained-c-d3 — 1.9h late, publishing
[2026-05-13 21:53:11 +08] Posting igs-cheapest-car-workshop-singapore-c-d3 (story) — notes: IGS C for blog: cheapest-car-workshop-singapore
[2026-05-13 21:53:19 +08] OK  igs-cheapest-car-workshop-singapore-c-d3 -> 18077680892201186
[2026-05-13 21:53:19 +08] Posting igs-pre-purchase-car-inspection-singapore-c-d3 (story) — notes: IGS C for blog: pre-purchase-car-inspection-singapore
[2026-05-13 21:53:32 +08] OK  igs-pre-purchase-car-inspection-singapore-c-d3 -> 18097765217107807
[2026-05-13 21:53:33 +08] Posting igs-car-insurance-premium-factors-singapore-c-d3 (story) — notes: IGS C for blog: car-insurance-premium-factors-singapore
[2026-05-13 21:53:46 +08] OK  igs-car-insurance-premium-factors-singapore-c-d3 -> 18345990046243724
[2026-05-13 21:53:47 +08] Posting igs-car-insurance-broker-singapore-c-d3 (story) — notes: IGS C for blog: car-insurance-broker-singapore
[2026-05-13 21:53:55 +08] OK  igs-car-insurance-broker-singapore-c-d3 -> 17896858059305353
[2026-05-13 21:53:56 +08] Posting igs-scrap-car-singapore-c-d3 (story) — notes: IGS C for blog: scrap-car-singapore
[2026-05-13 21:54:08 +08] OK  igs-scrap-car-singapore-c-d3 -> 18007017479879911
[2026-05-13 21:54:08 +08] Posting igs-coe-export-car-singapore-c-d3 (story) — notes: IGS C for blog: coe-export-car-singapore
[2026-05-13 21:54:20 +08] OK  igs-coe-export-car-singapore-c-d3 -> 17989665179979106
[2026-05-13 21:54:21 +08] Posting igs-coe-renewal-singapore-c-d3 (story) — notes: IGS C for blog: coe-renewal-singapore
[2026-05-13 21:54:32 +08] OK  igs-coe-renewal-singapore-c-d3 -> 18077056172636135
[2026-05-13 21:54:33 +08] Posting igs-what-is-the-right-workshop-singapore-c-d3 (story) — notes: IGS C for blog: what-is-the-right-workshop-singapore
[2026-05-13 21:54:44 +08] OK  igs-what-is-the-right-workshop-singapore-c-d3 -> 18073812395285618
[2026-05-13 21:54:45 +08] Posting igs-erp-2-0-singapore-2026-c-d3 (story) — notes: IGS C for blog: erp-2-0-singapore-2026
[2026-05-13 21:54:51 +08] OK  igs-erp-2-0-singapore-2026-c-d3 -> 18094676996233878
[2026-05-13 21:54:52 +08] Posting igs-cat-a-vs-cat-b-singapore-c-d3 (story) — notes: IGS C for blog: cat-a-vs-cat-b-singapore
[2026-05-13 21:55:03 +08] OK  igs-cat-a-vs-cat-b-singapore-c-d3 -> 18115775092811974
[2026-05-13 21:55:04 +08] Posting igs-coe-explained-c-d3 (story) — notes: IGS C for blog: coe-explained
[2026-05-13 21:55:12 +08] OK  igs-coe-explained-c-d3 -> 18079967150400008
[2026-05-13 22:39:12 +08] HEARTBEAT lag 46 min (prev=2026-05-13T21:53:11.426652+08:00)
[2026-05-13 22:39:12 +08] run: no due posts
[2026-05-14 00:12:16 +08] HEARTBEAT lag 93 min (prev=2026-05-13T22:39:12.423484+08:00)
[2026-05-14 00:12:16 +08] run: no due posts
[2026-05-14 01:02:24 +08] HEARTBEAT lag 50 min (prev=2026-05-14T00:12:16.352381+08:00)
[2026-05-14 01:02:24 +08] run: no due posts
[2026-05-14 02:06:16 +08] HEARTBEAT lag 64 min (prev=2026-05-14T01:02:24.516818+08:00)
[2026-05-14 02:06:16 +08] run: no due posts
[2026-05-14 02:17:31 +08] run: no due posts
[2026-05-14 04:19:19 +08] HEARTBEAT lag 122 min (prev=2026-05-14T02:17:30.989861+08:00)
[2026-05-14 04:19:19 +08] run: no due posts
[2026-05-14 04:23:25 +08] run: no due posts
[2026-05-14 05:54:33 +08] HEARTBEAT lag 91 min (prev=2026-05-14T04:23:25.918116+08:00)
[2026-05-14 05:54:33 +08] run: no due posts
[2026-05-14 06:00:24 +08] run: no due posts
[2026-05-14 07:10:07 +08] HEARTBEAT lag 70 min (prev=2026-05-14T06:00:24.682142+08:00)
[2026-05-14 07:10:07 +08] run: no due posts
[2026-05-14 07:32:07 +08] run: no due posts
[2026-05-14 09:27:03 +08] HEARTBEAT lag 115 min (prev=2026-05-14T07:32:07.577294+08:00)
[2026-05-14 09:27:03 +08] run: no due posts
[2026-05-14 09:33:25 +08] run: no due posts
[2026-05-14 11:36:20 +08] HEARTBEAT lag 123 min (prev=2026-05-14T09:33:25.912549+08:00)
[2026-05-14 11:36:20 +08] run: no due posts
[2026-05-14 11:52:40 +08] run: no due posts
[2026-05-14 14:38:07 +08] HEARTBEAT lag 165 min (prev=2026-05-14T11:52:40.480271+08:00)
[2026-05-14 14:38:07 +08] run: no due posts
[2026-05-14 14:39:01 +08] run: no due posts
[2026-05-14 17:19:09 +08] HEARTBEAT lag 160 min (prev=2026-05-14T14:39:01.254038+08:00)
[2026-05-14 17:19:09 +08] run: no due posts
[2026-05-14 19:23:38 +08] HEARTBEAT lag 124 min (prev=2026-05-14T17:19:09.894810+08:00)
[2026-05-14 19:23:38 +08] run: no due posts
[2026-05-14 21:11:46 +08] HEARTBEAT lag 108 min (prev=2026-05-14T19:23:38.107785+08:00)
[2026-05-14 21:11:46 +08] CATCH-UP igs-coe-results-explained-c-d3 — 1.2h late, publishing
[2026-05-14 21:11:46 +08] Posting igs-coe-results-explained-c-d3 (story) — notes: IGS C for blog: coe-results-explained
[2026-05-14 21:11:56 +08] OK  igs-coe-results-explained-c-d3 -> 17970595911052576
[2026-05-14 21:15:22 +08] run: no due posts
[2026-05-14 23:30:59 +08] HEARTBEAT lag 136 min (prev=2026-05-14T21:15:22.176967+08:00)
[2026-05-14 23:30:59 +08] run: no due posts
[2026-05-14 23:36:37 +08] run: no due posts
[2026-05-15 01:21:08 +08] HEARTBEAT lag 105 min (prev=2026-05-14T23:36:37.766241+08:00)
[2026-05-15 01:21:08 +08] run: no due posts
[2026-05-15 01:25:31 +08] run: no due posts
[2026-05-15 01:58:05 +08] HEARTBEAT lag 33 min (prev=2026-05-15T01:25:31.604967+08:00)
[2026-05-15 01:58:05 +08] run: no due posts
[2026-05-15 02:09:16 +08] run: no due posts
[2026-05-15 03:57:13 +08] HEARTBEAT lag 108 min (prev=2026-05-15T02:09:16.445109+08:00)
[2026-05-15 03:57:13 +08] run: no due posts
[2026-05-15 04:03:15 +08] run: no due posts
[2026-05-15 05:17:34 +08] HEARTBEAT lag 74 min (prev=2026-05-15T04:03:15.768573+08:00)
[2026-05-15 05:17:34 +08] run: no due posts
[2026-05-15 05:37:34 +08] run: no due posts
[2026-05-15 06:37:16 +08] HEARTBEAT lag 60 min (prev=2026-05-15T05:37:34.496067+08:00)
[2026-05-15 06:37:16 +08] run: no due posts
[2026-05-15 06:42:19 +08] run: no due posts
[2026-05-15 07:40:27 +08] HEARTBEAT lag 58 min (prev=2026-05-15T06:42:19.192147+08:00)
[2026-05-15 07:40:27 +08] run: no due posts
[2026-05-15 08:01:18 +08] run: no due posts
[2026-05-15 09:32:00 +08] HEARTBEAT lag 91 min (prev=2026-05-15T08:01:18.645920+08:00)
[2026-05-15 09:32:00 +08] run: no due posts
[2026-05-15 11:39:19 +08] HEARTBEAT lag 127 min (prev=2026-05-15T09:32:00.437348+08:00)
[2026-05-15 11:39:19 +08] run: no due posts
[2026-05-15 11:56:26 +08] run: no due posts
[2026-05-15 14:48:05 +08] HEARTBEAT lag 172 min (prev=2026-05-15T11:56:26.792086+08:00)
[2026-05-15 14:48:05 +08] run: no due posts
[2026-05-15 15:28:38 +08] HEARTBEAT lag 41 min (prev=2026-05-15T14:48:05.290103+08:00)
[2026-05-15 15:28:38 +08] run: no due posts
[2026-05-15 17:36:25 +08] HEARTBEAT lag 128 min (prev=2026-05-15T15:28:38.056447+08:00)
[2026-05-15 17:36:25 +08] CATCH-UP igs-erp-2-obu-now-mandatory-key-dates-and-penalties-for-singapore-drivers-a-d1 — 2.1h late, publishing
[2026-05-15 17:36:25 +08] CATCH-UP igs-vep-and-gvp-fees-rise-from-january-2027-for-foreign-vehicles-a-d1 — 2.1h late, publishing
[2026-05-15 17:36:25 +08] CATCH-UP igs-singapore-ev-licence-plates-lta-and-scdf-begin-design-consultation-a-d1 — 2.1h late, publishing
[2026-05-15 17:36:25 +08] CATCH-UP igs-singapore-parf-rebate-schedule-and-cap-revised-from-feb-2026-a-d1 — 2.1h late, publishing
[2026-05-15 17:36:25 +08] Posting igs-erp-2-obu-now-mandatory-key-dates-and-penalties-for-singapore-drivers-a-d1 (story) — notes: IGS A for blog: erp-2-obu-now-mandatory-key-dates-and-penalties-for-singapore-drivers
[2026-05-15 17:36:35 +08] OK  igs-erp-2-obu-now-mandatory-key-dates-and-penalties-for-singapore-drivers-a-d1 -> 18394310818093416
[2026-05-15 17:36:36 +08] Posting igs-vep-and-gvp-fees-rise-from-january-2027-for-foreign-vehicles-a-d1 (story) — notes: IGS A for blog: vep-and-gvp-fees-rise-from-january-2027-for-foreign-vehicles
[2026-05-15 17:36:49 +08] OK  igs-vep-and-gvp-fees-rise-from-january-2027-for-foreign-vehicles-a-d1 -> 18101297426044766
[2026-05-15 17:36:50 +08] Posting igs-singapore-ev-licence-plates-lta-and-scdf-begin-design-consultation-a-d1 (story) — notes: IGS A for blog: singapore-ev-licence-plates-lta-and-scdf-begin-design-consultation
[2026-05-15 17:37:03 +08] OK  igs-singapore-ev-licence-plates-lta-and-scdf-begin-design-consultation-a-d1 -> 17860361970690797
[2026-05-15 17:37:04 +08] Posting igs-singapore-parf-rebate-schedule-and-cap-revised-from-feb-2026-a-d1 (story) — notes: IGS A for blog: singapore-parf-rebate-schedule-and-cap-revised-from-feb-2026
[2026-05-15 17:37:16 +08] OK  igs-singapore-parf-rebate-schedule-and-cap-revised-from-feb-2026-a-d1 -> 17889073341526145
[2026-05-15 18:02:28 +08] run: no due posts
[2026-05-15 19:35:33 +08] HEARTBEAT lag 93 min (prev=2026-05-15T18:02:28.448924+08:00)
[2026-05-15 19:35:33 +08] run: no due posts
[2026-05-15 20:01:36 +08] run: no due posts
[2026-05-15 21:16:19 +08] HEARTBEAT lag 75 min (prev=2026-05-15T20:01:36.744107+08:00)
[2026-05-15 21:16:19 +08] run: no due posts
[2026-05-15 22:28:08 +08] HEARTBEAT lag 72 min (prev=2026-05-15T21:16:19.213680+08:00)
[2026-05-15 22:28:08 +08] run: no due posts
[2026-05-15 23:32:34 +08] HEARTBEAT lag 64 min (prev=2026-05-15T22:28:08.950575+08:00)
[2026-05-15 23:32:34 +08] run: no due posts
[2026-05-16 00:23:19 +08] HEARTBEAT lag 51 min (prev=2026-05-15T23:32:34.059659+08:00)
[2026-05-16 00:23:19 +08] run: no due posts
[2026-05-16 01:14:21 +08] HEARTBEAT lag 51 min (prev=2026-05-16T00:23:19.635520+08:00)
[2026-05-16 01:14:21 +08] run: no due posts
[2026-05-16 01:46:15 +08] HEARTBEAT lag 32 min (prev=2026-05-16T01:14:21.043030+08:00)
[2026-05-16 01:46:15 +08] run: no due posts
[2026-05-16 01:53:27 +08] run: no due posts
[2026-05-16 03:46:26 +08] HEARTBEAT lag 113 min (prev=2026-05-16T01:53:27.780193+08:00)
[2026-05-16 03:46:26 +08] run: no due posts
[2026-05-16 03:55:08 +08] run: no due posts
[2026-05-16 05:11:39 +08] HEARTBEAT lag 77 min (prev=2026-05-16T03:55:08.067615+08:00)
[2026-05-16 05:11:39 +08] run: no due posts
[2026-05-16 05:19:40 +08] run: no due posts
[2026-05-16 06:31:16 +08] HEARTBEAT lag 72 min (prev=2026-05-16T05:19:40.600426+08:00)
[2026-05-16 06:31:16 +08] run: no due posts
[2026-05-16 06:38:42 +08] run: no due posts
[2026-05-16 07:40:03 +08] HEARTBEAT lag 61 min (prev=2026-05-16T06:38:42.115995+08:00)
[2026-05-16 07:40:03 +08] run: no due posts
[2026-05-16 07:58:08 +08] run: no due posts
[2026-05-16 09:25:24 +08] HEARTBEAT lag 87 min (prev=2026-05-16T07:58:08.563587+08:00)
[2026-05-16 09:25:24 +08] run: no due posts
[2026-05-16 11:23:48 +08] HEARTBEAT lag 118 min (prev=2026-05-16T09:25:24.952191+08:00)
[2026-05-16 11:23:48 +08] Posting igs-erp-2-obu-now-mandatory-key-dates-and-penalties-for-singapore-drivers-b-d2 (story) — notes: IGS B for blog: erp-2-obu-now-mandatory-key-dates-and-penalties-for-singapore-drivers
[2026-05-16 11:23:58 +08] OK  igs-erp-2-obu-now-mandatory-key-dates-and-penalties-for-singapore-drivers-b-d2 -> 17863248564686167
[2026-05-16 11:23:59 +08] Posting igs-vep-and-gvp-fees-rise-from-january-2027-for-foreign-vehicles-b-d2 (story) — notes: IGS B for blog: vep-and-gvp-fees-rise-from-january-2027-for-foreign-vehicles
[2026-05-16 11:24:06 +08] OK  igs-vep-and-gvp-fees-rise-from-january-2027-for-foreign-vehicles-b-d2 -> 18215302519325473
[2026-05-16 11:24:07 +08] Posting igs-singapore-ev-licence-plates-lta-and-scdf-begin-design-consultation-b-d2 (story) — notes: IGS B for blog: singapore-ev-licence-plates-lta-and-scdf-begin-design-consultation
[2026-05-16 11:24:14 +08] OK  igs-singapore-ev-licence-plates-lta-and-scdf-begin-design-consultation-b-d2 -> 18349843525215057
[2026-05-16 11:24:15 +08] Posting igs-singapore-parf-rebate-schedule-and-cap-revised-from-feb-2026-b-d2 (story) — notes: IGS B for blog: singapore-parf-rebate-schedule-and-cap-revised-from-feb-2026
[2026-05-16 11:24:22 +08] OK  igs-singapore-parf-rebate-schedule-and-cap-revised-from-feb-2026-b-d2 -> 18121488742633344
[2026-05-16 11:37:49 +08] run: no due posts
[2026-05-16 14:11:09 +08] HEARTBEAT lag 153 min (prev=2026-05-16T11:37:49.285973+08:00)
[2026-05-16 14:11:09 +08] run: no due posts
[2026-05-16 14:12:47 +08] run: no due posts
[2026-05-16 16:19:30 +08] HEARTBEAT lag 127 min (prev=2026-05-16T14:12:47.053120+08:00)
[2026-05-16 16:19:30 +08] run: no due posts
[2026-05-16 16:20:54 +08] run: no due posts
[2026-05-16 17:53:12 +08] HEARTBEAT lag 92 min (prev=2026-05-16T16:20:54.715428+08:00)
[2026-05-16 17:53:12 +08] run: no due posts
[2026-05-16 17:57:09 +08] run: no due posts
[2026-05-16 18:51:01 +08] HEARTBEAT lag 54 min (prev=2026-05-16T17:57:09.350880+08:00)
[2026-05-16 18:51:01 +08] run: no due posts
[2026-05-16 19:07:29 +08] run: no due posts
[2026-05-16 19:39:48 +08] HEARTBEAT lag 32 min (prev=2026-05-16T19:07:29.674161+08:00)
[2026-05-16 19:39:48 +08] run: no due posts
[2026-05-16 20:04:34 +08] run: no due posts
[2026-05-16 20:43:41 +08] HEARTBEAT lag 39 min (prev=2026-05-16T20:04:34.967325+08:00)
[2026-05-16 20:43:41 +08] run: no due posts
[2026-05-16 21:56:58 +08] HEARTBEAT lag 73 min (prev=2026-05-16T20:43:41.583237+08:00)
[2026-05-16 21:56:58 +08] run: no due posts
[2026-05-16 22:09:25 +08] run: no due posts
[2026-05-16 23:02:30 +08] HEARTBEAT lag 53 min (prev=2026-05-16T22:09:25.603187+08:00)
[2026-05-16 23:02:30 +08] run: no due posts
[2026-05-16 23:14:32 +08] run: no due posts
[2026-05-17 00:07:32 +08] HEARTBEAT lag 53 min (prev=2026-05-16T23:14:32.840640+08:00)
[2026-05-17 00:07:32 +08] run: no due posts
[2026-05-17 00:10:05 +08] run: no due posts
[2026-05-17 01:04:50 +08] HEARTBEAT lag 55 min (prev=2026-05-17T00:10:05.694048+08:00)
[2026-05-17 01:04:50 +08] run: no due posts
[2026-05-17 01:16:10 +08] run: no due posts
[2026-05-17 02:32:03 +08] HEARTBEAT lag 76 min (prev=2026-05-17T01:16:10.929028+08:00)
[2026-05-17 02:32:03 +08] run: no due posts
[2026-05-17 02:41:11 +08] run: no due posts
[2026-05-17 03:49:36 +08] HEARTBEAT lag 68 min (prev=2026-05-17T02:41:11.973535+08:00)
[2026-05-17 03:49:36 +08] run: no due posts
[2026-05-17 04:03:45 +08] run: no due posts
[2026-05-17 05:05:35 +08] HEARTBEAT lag 62 min (prev=2026-05-17T04:03:45.005499+08:00)
[2026-05-17 05:05:35 +08] run: no due posts
[2026-05-17 05:25:58 +08] run: no due posts
[2026-05-17 06:06:37 +08] HEARTBEAT lag 41 min (prev=2026-05-17T05:25:58.487538+08:00)
[2026-05-17 06:06:37 +08] run: no due posts
[2026-05-17 06:24:15 +08] run: no due posts
[2026-05-17 07:09:55 +08] HEARTBEAT lag 46 min (prev=2026-05-17T06:24:15.297240+08:00)
[2026-05-17 07:09:55 +08] run: no due posts
[2026-05-17 07:29:31 +08] run: no due posts
[2026-05-17 08:09:18 +08] HEARTBEAT lag 40 min (prev=2026-05-17T07:29:31.064475+08:00)
[2026-05-17 08:09:18 +08] run: no due posts
[2026-05-17 09:27:29 +08] HEARTBEAT lag 78 min (prev=2026-05-17T08:09:18.863750+08:00)
[2026-05-17 09:27:29 +08] run: no due posts
[2026-05-17 11:38:03 +08] HEARTBEAT lag 131 min (prev=2026-05-17T09:27:29.095315+08:00)
[2026-05-17 11:38:03 +08] run: no due posts
[2026-05-17 11:56:50 +08] run: no due posts
[2026-05-17 14:36:57 +08] HEARTBEAT lag 160 min (prev=2026-05-17T11:56:49.979849+08:00)
[2026-05-17 14:36:57 +08] run: no due posts
[2026-05-17 14:48:55 +08] run: no due posts
[2026-05-17 16:54:38 +08] HEARTBEAT lag 126 min (prev=2026-05-17T14:48:55.735411+08:00)
[2026-05-17 16:54:38 +08] run: no due posts
[2026-05-17 16:56:09 +08] run: no due posts
[2026-05-17 18:23:44 +08] HEARTBEAT lag 88 min (prev=2026-05-17T16:56:09.620018+08:00)
[2026-05-17 18:23:44 +08] run: no due posts
[2026-05-17 18:25:25 +08] run: no due posts
[2026-05-17 19:38:50 +08] HEARTBEAT lag 73 min (prev=2026-05-17T18:25:25.910516+08:00)
[2026-05-17 19:38:50 +08] run: no due posts
[2026-05-17 19:39:42 +08] run: no due posts
[2026-05-17 20:38:49 +08] HEARTBEAT lag 59 min (prev=2026-05-17T19:39:42.438725+08:00)
[2026-05-17 20:38:49 +08] CATCH-UP igs-erp-2-obu-now-mandatory-key-dates-and-penalties-for-singapore-drivers-c-d3 — 0.6h late, publishing
[2026-05-17 20:38:49 +08] CATCH-UP igs-vep-and-gvp-fees-rise-from-january-2027-for-foreign-vehicles-c-d3 — 0.6h late, publishing
[2026-05-17 20:38:49 +08] CATCH-UP igs-singapore-ev-licence-plates-lta-and-scdf-begin-design-consultation-c-d3 — 0.6h late, publishing
[2026-05-17 20:38:49 +08] CATCH-UP igs-singapore-parf-rebate-schedule-and-cap-revised-from-feb-2026-c-d3 — 0.6h late, publishing
[2026-05-17 20:38:49 +08] Posting igs-erp-2-obu-now-mandatory-key-dates-and-penalties-for-singapore-drivers-c-d3 (story) — notes: IGS C for blog: erp-2-obu-now-mandatory-key-dates-and-penalties-for-singapore-drivers
[2026-05-17 20:39:02 +08] OK  igs-erp-2-obu-now-mandatory-key-dates-and-penalties-for-singapore-drivers-c-d3 -> 18191529898371072
[2026-05-17 20:39:03 +08] Posting igs-vep-and-gvp-fees-rise-from-january-2027-for-foreign-vehicles-c-d3 (story) — notes: IGS C for blog: vep-and-gvp-fees-rise-from-january-2027-for-foreign-vehicles
[2026-05-17 20:39:14 +08] OK  igs-vep-and-gvp-fees-rise-from-january-2027-for-foreign-vehicles-c-d3 -> 18101746868015042
[2026-05-17 20:39:14 +08] Posting igs-singapore-ev-licence-plates-lta-and-scdf-begin-design-consultation-c-d3 (story) — notes: IGS C for blog: singapore-ev-licence-plates-lta-and-scdf-begin-design-consultation
[2026-05-17 20:39:26 +08] OK  igs-singapore-ev-licence-plates-lta-and-scdf-begin-design-consultation-c-d3 -> 17975138645875119
[2026-05-17 20:39:26 +08] Posting igs-singapore-parf-rebate-schedule-and-cap-revised-from-feb-2026-c-d3 (story) — notes: IGS C for blog: singapore-parf-rebate-schedule-and-cap-revised-from-feb-2026
[2026-05-17 20:39:39 +08] OK  igs-singapore-parf-rebate-schedule-and-cap-revised-from-feb-2026-c-d3 -> 17937659346234987
[2026-05-17 22:09:28 +08] HEARTBEAT lag 91 min (prev=2026-05-17T20:38:49.844704+08:00)
[2026-05-17 22:09:28 +08] run: no due posts
[2026-05-17 22:11:27 +08] run: no due posts
[2026-05-17 23:16:05 +08] HEARTBEAT lag 65 min (prev=2026-05-17T22:11:27.049780+08:00)
[2026-05-17 23:16:05 +08] run: no due posts
[2026-05-17 23:31:53 +08] run: no due posts
[2026-05-18 00:15:59 +08] HEARTBEAT lag 44 min (prev=2026-05-17T23:31:53.012567+08:00)
[2026-05-18 00:15:59 +08] run: no due posts
[2026-05-18 00:36:25 +08] run: no due posts
[2026-05-18 01:03:29 +08] run: no due posts
[2026-05-18 01:15:35 +08] run: no due posts
[2026-05-18 02:36:49 +08] HEARTBEAT lag 81 min (prev=2026-05-18T01:15:35.928174+08:00)
[2026-05-18 02:36:49 +08] run: no due posts
[2026-05-18 02:45:02 +08] run: no due posts
[2026-05-18 03:56:00 +08] HEARTBEAT lag 71 min (prev=2026-05-18T02:45:02.864838+08:00)
[2026-05-18 03:56:00 +08] run: no due posts
[2026-05-18 04:06:34 +08] run: no due posts
[2026-05-18 05:09:27 +08] HEARTBEAT lag 63 min (prev=2026-05-18T04:06:34.160358+08:00)
[2026-05-18 05:09:27 +08] run: no due posts
[2026-05-18 05:28:56 +08] run: no due posts
[2026-05-18 06:09:19 +08] HEARTBEAT lag 40 min (prev=2026-05-18T05:28:56.444244+08:00)
[2026-05-18 06:09:19 +08] run: no due posts
[2026-05-18 06:29:48 +08] run: no due posts
[2026-05-18 07:12:01 +08] HEARTBEAT lag 42 min (prev=2026-05-18T06:29:48.623849+08:00)
[2026-05-18 07:12:01 +08] run: no due posts
[2026-05-18 07:35:29 +08] run: no due posts
[2026-05-18 08:12:03 +08] HEARTBEAT lag 37 min (prev=2026-05-18T07:35:29.587250+08:00)
[2026-05-18 08:12:03 +08] run: no due posts
[2026-05-18 11:52:44 +08] HEARTBEAT lag 221 min (prev=2026-05-18T08:12:03.023844+08:00)
[2026-05-18 11:52:44 +08] run: no due posts
[2026-05-18 12:09:28 +08] run: no due posts
[2026-05-18 16:06:14 +08] HEARTBEAT lag 237 min (prev=2026-05-18T12:09:28.708831+08:00)
[2026-05-18 16:06:14 +08] CATCH-UP igs-vep-applications-blocked-for-foreign-vehicles-with-outstanding-fines-a-d1 — 0.6h late, publishing
[2026-05-18 16:06:14 +08] Posting igs-vep-applications-blocked-for-foreign-vehicles-with-outstanding-fines-a-d1 (story) — notes: IGS A for blog: vep-applications-blocked-for-foreign-vehicles-with-outstanding-fines
[2026-05-18 16:06:29 +08] OK  igs-vep-applications-blocked-for-foreign-vehicles-with-outstanding-fines-a-d1 -> 18006801467872174
[2026-05-18 16:14:47 +08] run: no due posts
[2026-05-18 19:53:28 +08] HEARTBEAT lag 219 min (prev=2026-05-18T16:14:47.412243+08:00)
[2026-05-18 19:53:28 +08] run: no due posts
[2026-05-18 19:54:01 +08] run: no due posts
[2026-05-18 22:49:29 +08] HEARTBEAT lag 175 min (prev=2026-05-18T19:54:01.565377+08:00)
[2026-05-18 22:49:29 +08] run: no due posts
[2026-05-18 23:36:46 +08] HEARTBEAT lag 47 min (prev=2026-05-18T22:49:29.278704+08:00)
[2026-05-18 23:36:46 +08] run: no due posts
[2026-05-19 01:21:55 +08] HEARTBEAT lag 105 min (prev=2026-05-18T23:36:46.227184+08:00)
[2026-05-19 01:21:55 +08] run: no due posts
[2026-05-19 01:48:01 +08] run: no due posts
[2026-05-19 02:04:58 +08] run: no due posts
[2026-05-19 02:12:06 +08] run: no due posts
[2026-05-19 04:03:12 +08] HEARTBEAT lag 111 min (prev=2026-05-19T02:12:06.970543+08:00)
[2026-05-19 04:03:12 +08] run: no due posts
[2026-05-19 04:15:31 +08] run: no due posts
[2026-05-19 05:38:42 +08] HEARTBEAT lag 83 min (prev=2026-05-19T04:15:31.144848+08:00)
[2026-05-19 05:38:42 +08] run: no due posts
[2026-05-19 05:47:53 +08] run: no due posts
[2026-05-19 06:41:26 +08] HEARTBEAT lag 54 min (prev=2026-05-19T05:47:53.501110+08:00)
[2026-05-19 06:41:26 +08] run: no due posts
[2026-05-19 07:09:36 +08] run: no due posts
[2026-05-19 07:48:01 +08] HEARTBEAT lag 38 min (prev=2026-05-19T07:09:36.704024+08:00)
[2026-05-19 07:48:01 +08] run: no due posts
[2026-05-19 09:30:46 +08] HEARTBEAT lag 103 min (prev=2026-05-19T07:48:01.009232+08:00)
[2026-05-19 09:30:46 +08] run: no due posts
[2026-05-19 11:43:17 +08] HEARTBEAT lag 133 min (prev=2026-05-19T09:30:46.281766+08:00)
[2026-05-19 11:43:17 +08] CATCH-UP igs-vep-applications-blocked-for-foreign-vehicles-with-outstanding-fines-b-d2 — 0.7h late, publishing
[2026-05-19 11:43:17 +08] Posting igs-vep-applications-blocked-for-foreign-vehicles-with-outstanding-fines-b-d2 (story) — notes: IGS B for blog: vep-applications-blocked-for-foreign-vehicles-with-outstanding-fines
[2026-05-19 11:43:20 +08] ERR igs-vep-applications-blocked-for-foreign-vehicles-with-outstanding-fines-b-d2: post_instagram.py --story failed: Resolving image URL: /home/runner/work/trw-ig-scheduler/trw-ig-scheduler/assets/igs-vep-applications-blocked-for-foreign-vehicles-with-outstanding-fines/igs_B.png
Image hosted at: https://raw.githubusercontent.com/ededai/trw-ig-scheduler/main/assets/igs-vep-applications-blocked-for-foreign-vehicles-with-outstanding-fines/igs_B.png (via raw.githubusercontent.com, attempt 1)
Creating media container...
ERROR creating container: Only photo or video can be accepted as media type.

[2026-05-19 12:03:06 +08] run: no due posts
[2026-05-19 15:03:45 +08] HEARTBEAT lag 181 min (prev=2026-05-19T12:03:06.351780+08:00)
[2026-05-19 15:03:45 +08] run: no due posts
[2026-05-19 15:54:26 +08] HEARTBEAT lag 51 min (prev=2026-05-19T15:03:45.759881+08:00)
[2026-05-19 15:54:26 +08] Posting igs-engine-mounting-singapore-a-d1 (story) — notes: IGS A for blog: engine-mounting-singapore
[2026-05-19 15:54:34 +08] OK  igs-engine-mounting-singapore-a-d1 -> 17928394926296683
[2026-05-19 18:43:52 +08] HEARTBEAT lag 169 min (prev=2026-05-19T15:54:26.341695+08:00)
[2026-05-19 18:43:52 +08] run: no due posts
[2026-05-19 18:52:37 +08] run: no due posts
[2026-05-19 21:45:55 +08] HEARTBEAT lag 173 min (prev=2026-05-19T18:52:37.258817+08:00)
[2026-05-19 21:45:55 +08] run: no due posts
[2026-05-20 00:41:57 +08] HEARTBEAT lag 176 min (prev=2026-05-19T21:45:55.774679+08:00)
[2026-05-20 00:41:57 +08] run: no due posts
[2026-05-20 02:10:50 +08] HEARTBEAT lag 89 min (prev=2026-05-20T00:41:57.962544+08:00)
[2026-05-20 02:10:50 +08] run: no due posts
[2026-05-20 02:17:17 +08] run: no due posts
[2026-05-20 04:15:32 +08] HEARTBEAT lag 118 min (prev=2026-05-20T02:17:17.233040+08:00)
[2026-05-20 04:15:32 +08] run: no due posts
[2026-05-20 04:20:56 +08] run: no due posts
[2026-05-20 05:55:30 +08] HEARTBEAT lag 95 min (prev=2026-05-20T04:20:56.402484+08:00)
[2026-05-20 05:55:30 +08] run: no due posts
[2026-05-20 06:00:48 +08] run: no due posts
[2026-05-20 07:10:30 +08] HEARTBEAT lag 70 min (prev=2026-05-20T06:00:48.089006+08:00)
[2026-05-20 07:10:30 +08] run: no due posts
[2026-05-20 07:33:40 +08] run: no due posts
[2026-05-20 09:31:47 +08] HEARTBEAT lag 118 min (prev=2026-05-20T07:33:40.172191+08:00)
[2026-05-20 09:31:47 +08] run: no due posts
[2026-05-20 09:50:06 +08] run: no due posts
[2026-05-20 11:44:36 +08] HEARTBEAT lag 115 min (prev=2026-05-20T09:50:06.158989+08:00)
[2026-05-20 11:44:36 +08] CATCH-UP igs-engine-mounting-singapore-b-d2 — 0.7h late, publishing
[2026-05-20 11:44:36 +08] Posting igs-engine-mounting-singapore-b-d2 (story) — notes: IGS B for blog: engine-mounting-singapore
[2026-05-20 11:44:52 +08] OK  igs-engine-mounting-singapore-b-d2 -> 18014007440892954
[2026-05-20 12:03:43 +08] run: no due posts
[2026-05-20 15:03:25 +08] HEARTBEAT lag 180 min (prev=2026-05-20T12:03:43.689501+08:00)
[2026-05-20 15:03:25 +08] run: no due posts
[2026-05-20 15:53:54 +08] HEARTBEAT lag 50 min (prev=2026-05-20T15:03:25.573336+08:00)
[2026-05-20 15:53:54 +08] Posting igs-coe-results-a-d1 (story) — notes: IGS A for blog: coe-results
[2026-05-20 15:54:03 +08] OK  igs-coe-results-a-d1 -> 18084959126247968
[2026-05-20 15:54:04 +08] Posting igs-cat-a-coe-may-2026-hits-124790-whats-driving-the-climb-a-d1 (story) — notes: IGS A for blog: cat-a-coe-may-2026-hits-124790-whats-driving-the-climb
[2026-05-20 15:54:10 +08] OK  igs-cat-a-coe-may-2026-hits-124790-whats-driving-the-climb-a-d1 -> 18105061934511459
[2026-05-20 18:29:02 +08] HEARTBEAT lag 155 min (prev=2026-05-20T15:53:54.611310+08:00)
[2026-05-20 18:29:02 +08] run: no due posts
[2026-05-20 18:39:31 +08] run: no due posts
[2026-05-20 21:21:06 +08] HEARTBEAT lag 162 min (prev=2026-05-20T18:39:31.592664+08:00)
[2026-05-20 21:21:06 +08] CATCH-UP igs-vep-applications-blocked-for-foreign-vehicles-with-outstanding-fines-c-d3 — 1.4h late, publishing
[2026-05-20 21:21:06 +08] Posting igs-vep-applications-blocked-for-foreign-vehicles-with-outstanding-fines-c-d3 (story) — notes: IGS C for blog: vep-applications-blocked-for-foreign-vehicles-with-outstanding-fines
[2026-05-20 21:21:14 +08] OK  igs-vep-applications-blocked-for-foreign-vehicles-with-outstanding-fines-c-d3 -> 17969848233108507
[2026-05-20 21:22:08 +08] run: no due posts
[2026-05-21 00:32:59 +08] HEARTBEAT lag 191 min (prev=2026-05-20T21:22:08.147164+08:00)
[2026-05-21 00:32:59 +08] run: no due posts
[2026-05-21 00:35:14 +08] run: no due posts
[2026-05-21 02:25:26 +08] HEARTBEAT lag 110 min (prev=2026-05-21T00:35:14.427231+08:00)
[2026-05-21 02:25:26 +08] run: no due posts
[2026-05-21 02:32:57 +08] run: no due posts
[2026-05-21 04:35:22 +08] HEARTBEAT lag 122 min (prev=2026-05-21T02:32:57.723960+08:00)
[2026-05-21 04:35:22 +08] run: no due posts
[2026-05-21 04:55:11 +08] run: no due posts
[2026-05-21 06:26:12 +08] HEARTBEAT lag 91 min (prev=2026-05-21T04:55:11.744961+08:00)
[2026-05-21 06:26:12 +08] run: no due posts
[2026-05-21 06:44:23 +08] run: no due posts
[2026-05-21 07:50:15 +08] HEARTBEAT lag 66 min (prev=2026-05-21T06:44:23.736586+08:00)
[2026-05-21 07:50:15 +08] run: no due posts
[2026-05-21 07:57:11 +08] run: no due posts
[2026-05-21 11:55:38 +08] HEARTBEAT lag 238 min (prev=2026-05-21T07:57:11.950746+08:00)
[2026-05-21 11:55:38 +08] CATCH-UP igs-coe-results-b-d2 — 0.9h late, publishing
[2026-05-21 11:55:38 +08] CATCH-UP igs-cat-a-coe-may-2026-hits-124790-whats-driving-the-climb-b-d2 — 0.9h late, publishing
[2026-05-21 11:55:38 +08] Posting igs-coe-results-b-d2 (story) — notes: IGS B for blog: coe-results
[2026-05-21 11:55:47 +08] OK  igs-coe-results-b-d2 -> 18086749829575490
[2026-05-21 11:55:48 +08] Posting igs-cat-a-coe-may-2026-hits-124790-whats-driving-the-climb-b-d2 (story) — notes: IGS B for blog: cat-a-coe-may-2026-hits-124790-whats-driving-the-climb
[2026-05-21 11:55:55 +08] OK  igs-cat-a-coe-may-2026-hits-124790-whats-driving-the-climb-b-d2 -> 18108026801501126
[2026-05-21 12:12:50 +08] run: no due posts
[2026-05-21 15:57:12 +08] HEARTBEAT lag 224 min (prev=2026-05-21T12:12:50.016566+08:00)
[2026-05-21 15:57:12 +08] run: no due posts
[2026-05-21 16:04:35 +08] run: no due posts
[2026-05-21 19:32:52 +08] HEARTBEAT lag 208 min (prev=2026-05-21T16:04:35.420571+08:00)
[2026-05-21 19:32:52 +08] run: no due posts
[2026-05-21 19:35:13 +08] run: no due posts
[2026-05-21 22:22:13 +08] HEARTBEAT lag 167 min (prev=2026-05-21T19:35:13.789047+08:00)
[2026-05-21 22:22:13 +08] CATCH-UP igs-engine-mounting-singapore-c-d3 — 2.4h late, publishing
[2026-05-21 22:22:13 +08] Posting igs-engine-mounting-singapore-c-d3 (story) — notes: IGS C for blog: engine-mounting-singapore
[2026-05-21 22:22:26 +08] OK  igs-engine-mounting-singapore-c-d3 -> 17862440241630083
[2026-05-22 01:08:19 +08] HEARTBEAT lag 166 min (prev=2026-05-21T22:22:13.501089+08:00)
[2026-05-22 01:08:19 +08] CATCH-UP igs-engine-mounting-singapore-c-d3 — 5.1h late, publishing
[2026-05-22 01:08:19 +08] SKIP igs-autofill-how-often-service-car-singapor-2026-05-01-2000 — 485.1h past slot (max lag 12h)
[2026-05-22 01:08:19 +08] SKIP igs-autofill-driving-singapore-rain-wet-wea-2026-05-02-1100 — 470.1h past slot (max lag 12h)
[2026-05-22 01:08:20 +08] SKIP igs-autofill-questions-to-ask-before-new-ca-2026-05-02-1530 — 465.6h past slot (max lag 12h)
[2026-05-22 01:08:21 +08] SKIP igs-autofill-how-to-read-workshop-quote-sin-2026-05-02-2000 — 461.1h past slot (max lag 12h)
[2026-05-22 01:08:22 +08] SKIP igs-autofill-tyres-battery-singapore-checks-2026-05-03-1100 — 446.1h past slot (max lag 12h)
[2026-05-22 01:08:22 +08] SKIP igs-autofill-what-to-look-for-car-workshop--2026-05-03-1530 — 441.6h past slot (max lag 12h)
[2026-05-22 01:08:23 +08] SKIP igs-autofill-coolant-radiator-care-singapor-2026-05-03-2000 — 437.1h past slot (max lag 12h)
[2026-05-22 01:08:24 +08] SKIP igs-autofill-how-often-service-car-singapor-2026-05-04-1100 — 422.1h past slot (max lag 12h)
[2026-05-22 01:08:25 +08] SKIP igs-autofill-dealer-vs-independent-workshop-2026-05-04-1530 — 417.6h past slot (max lag 12h)
[2026-05-22 01:08:25 +08] SKIP igs-autofill-first-car-service-singapore-wh-2026-05-04-2000 — 413.1h past slot (max lag 12h)
[2026-05-22 01:08:26 +08] SKIP igs-autofill-independent-workshop-vs-author-2026-05-05-1100 — 398.1h past slot (max lag 12h)
[2026-05-22 01:08:27 +08] SKIP igs-autofill-block-exemption-order-singapor-2026-05-05-1530 — 393.6h past slot (max lag 12h)
[2026-05-22 01:08:27 +08] SKIP igs-autofill-tyres-battery-singapore-checks-2026-05-05-2000 — 389.1h past slot (max lag 12h)
[2026-05-22 01:08:28 +08] SKIP igs-autofill-driving-singapore-rain-wet-wea-2026-05-06-1100 — 374.1h past slot (max lag 12h)
[2026-05-22 01:08:29 +08] SKIP igs-autofill-brake-pads-rotors-singapore-wh-2026-05-06-1530 — 369.6h past slot (max lag 12h)
[2026-05-22 01:08:30 +08] SKIP igs-autofill-how-often-service-car-singapor-2026-05-06-2000 — 365.1h past slot (max lag 12h)
[2026-05-22 01:08:30 +08] SKIP igs-autofill-10-signs-trustworthy-mechanic--2026-05-07-1100 — 350.1h past slot (max lag 12h)
[2026-05-22 01:08:31 +08] SKIP igs-autofill-coe-renewal-vs-scrap-singapore-2026-05-07-1530 — 345.6h past slot (max lag 12h)
[2026-05-22 01:08:32 +08] SKIP igs-autofill-first-car-service-singapore-wh-2026-05-07-2000 — 341.1h past slot (max lag 12h)
[2026-05-22 01:08:32 +08] SKIP igs-autofill-car-aircon-not-cold-singapore--2026-05-08-1100 — 326.1h past slot (max lag 12h)
[2026-05-22 01:08:33 +08] SKIP igs-autofill-tyres-battery-singapore-checks-2026-05-13-1100 — 206.1h past slot (max lag 12h)
[2026-05-22 01:08:34 +08] SKIP igs-autofill-coolant-radiator-care-singapor-2026-05-13-1530 — 201.6h past slot (max lag 12h)
[2026-05-22 01:08:35 +08] SKIP igs-autofill-brake-pads-rotors-singapore-wh-2026-05-13-2000 — 197.1h past slot (max lag 12h)
[2026-05-22 01:08:35 +08] SKIP igs-autofill-driving-singapore-rain-wet-wea-2026-05-14-1100 — 182.1h past slot (max lag 12h)
[2026-05-22 01:08:36 +08] SKIP igs-autofill-used-car-inspection-singapore-2026-05-14-1530 — 177.6h past slot (max lag 12h)
[2026-05-22 01:08:37 +08] SKIP igs-autofill-block-exemption-order-singapor-2026-05-14-2000 — 173.1h past slot (max lag 12h)
[2026-05-22 01:08:37 +08] Posting igs-engine-mounting-singapore-c-d3 (story) — notes: IGS C for blog: engine-mounting-singapore
[2026-05-22 01:08:53 +08] OK  igs-engine-mounting-singapore-c-d3 -> 18123147214634945
[2026-05-22 01:14:39 +08] run: no due posts
[2026-05-22 02:04:48 +08] HEARTBEAT lag 50 min (prev=2026-05-22T01:14:39.231469+08:00)
[2026-05-22 02:04:48 +08] run: no due posts
[2026-05-22 02:14:16 +08] run: no due posts
[2026-05-22 04:13:44 +08] HEARTBEAT lag 119 min (prev=2026-05-22T02:14:16.609451+08:00)
[2026-05-22 04:13:44 +08] run: no due posts
[2026-05-22 04:22:06 +08] run: no due posts
[2026-05-22 05:51:42 +08] HEARTBEAT lag 90 min (prev=2026-05-22T04:22:06.562593+08:00)
[2026-05-22 05:51:42 +08] run: no due posts
[2026-05-22 06:00:13 +08] run: no due posts
[2026-05-22 07:14:36 +08] HEARTBEAT lag 74 min (prev=2026-05-22T06:00:12.986345+08:00)
[2026-05-22 07:14:36 +08] run: no due posts
[2026-05-22 07:17:33 +08] run: no due posts
[2026-05-22 09:30:43 +08] HEARTBEAT lag 133 min (prev=2026-05-22T07:17:33.809057+08:00)
[2026-05-22 09:30:43 +08] run: no due posts
[2026-05-22 09:49:31 +08] run: no due posts
[2026-05-22 11:52:06 +08] HEARTBEAT lag 123 min (prev=2026-05-22T09:49:31.652206+08:00)
[2026-05-22 11:52:06 +08] run: no due posts
[2026-05-22 12:07:35 +08] run: no due posts
[2026-05-22 15:47:19 +08] HEARTBEAT lag 220 min (prev=2026-05-22T12:07:35.895127+08:00)
[2026-05-22 15:47:19 +08] run: no due posts
[2026-05-22 15:53:00 +08] run: no due posts
[2026-05-22 18:36:45 +08] HEARTBEAT lag 164 min (prev=2026-05-22T15:53:00.151267+08:00)
[2026-05-22 18:36:45 +08] run: no due posts
[2026-05-22 18:37:44 +08] run: no due posts
[2026-05-22 21:15:14 +08] HEARTBEAT lag 157 min (prev=2026-05-22T18:37:44.501682+08:00)
[2026-05-22 21:15:14 +08] CATCH-UP igs-coe-results-c-d3 — 1.3h late, publishing
[2026-05-22 21:15:14 +08] CATCH-UP igs-cat-a-coe-may-2026-hits-124790-whats-driving-the-climb-c-d3 — 1.3h late, publishing
[2026-05-22 21:15:14 +08] Posting igs-coe-results-c-d3 (story) — notes: IGS C for blog: coe-results
[2026-05-22 21:15:27 +08] OK  igs-coe-results-c-d3 -> 18004436018866172
[2026-05-22 21:15:28 +08] Posting igs-cat-a-coe-may-2026-hits-124790-whats-driving-the-climb-c-d3 (story) — notes: IGS C for blog: cat-a-coe-may-2026-hits-124790-whats-driving-the-climb
[2026-05-22 21:15:40 +08] OK  igs-cat-a-coe-may-2026-hits-124790-whats-driving-the-climb-c-d3 -> 18150890050488853
[2026-05-22 23:57:59 +08] HEARTBEAT lag 163 min (prev=2026-05-22T21:15:14.141982+08:00)
[2026-05-22 23:57:59 +08] run: no due posts
[2026-05-22 23:58:56 +08] run: no due posts
[2026-05-23 01:57:53 +08] HEARTBEAT lag 119 min (prev=2026-05-22T23:58:56.849300+08:00)
[2026-05-23 01:57:53 +08] run: no due posts
[2026-05-23 02:05:34 +08] run: no due posts
[2026-05-23 04:01:47 +08] HEARTBEAT lag 116 min (prev=2026-05-23T02:05:34.920650+08:00)
[2026-05-23 04:01:47 +08] run: no due posts
[2026-05-23 04:11:54 +08] run: no due posts
[2026-05-23 05:37:12 +08] HEARTBEAT lag 85 min (prev=2026-05-23T04:11:54.201437+08:00)
[2026-05-23 05:37:12 +08] run: no due posts
[2026-05-23 05:44:14 +08] run: no due posts
[2026-05-23 06:42:33 +08] HEARTBEAT lag 58 min (prev=2026-05-23T05:44:14.001598+08:00)
[2026-05-23 06:42:33 +08] run: no due posts
[2026-05-23 07:07:38 +08] run: no due posts
[2026-05-23 07:49:35 +08] HEARTBEAT lag 42 min (prev=2026-05-23T07:07:38.443042+08:00)
[2026-05-23 07:49:35 +08] run: no due posts
[2026-05-23 09:23:52 +08] HEARTBEAT lag 94 min (prev=2026-05-23T07:49:35.526190+08:00)
[2026-05-23 09:23:52 +08] run: no due posts
[2026-05-23 11:28:03 +08] HEARTBEAT lag 124 min (prev=2026-05-23T09:23:52.871096+08:00)
[2026-05-23 11:28:03 +08] run: no due posts
[2026-05-23 11:46:25 +08] run: no due posts
[2026-05-23 14:23:27 +08] HEARTBEAT lag 157 min (prev=2026-05-23T11:46:25.544543+08:00)
[2026-05-23 14:23:27 +08] run: no due posts
[2026-05-23 14:26:19 +08] run: no due posts
[2026-05-23 16:35:27 +08] HEARTBEAT lag 129 min (prev=2026-05-23T14:26:19.100330+08:00)
[2026-05-23 16:35:27 +08] run: no due posts
[2026-05-23 18:14:27 +08] HEARTBEAT lag 99 min (prev=2026-05-23T16:35:27.267727+08:00)
[2026-05-23 18:14:27 +08] run: no due posts
[2026-05-23 19:36:19 +08] HEARTBEAT lag 82 min (prev=2026-05-23T18:14:27.843578+08:00)
[2026-05-23 19:36:19 +08] run: no due posts
[2026-05-23 19:37:51 +08] run: no due posts
[2026-05-23 20:41:29 +08] HEARTBEAT lag 64 min (prev=2026-05-23T19:37:51.258898+08:00)
[2026-05-23 20:41:29 +08] run: no due posts
[2026-05-23 22:14:16 +08] HEARTBEAT lag 93 min (prev=2026-05-23T20:41:29.440495+08:00)
[2026-05-23 22:14:16 +08] run: no due posts
[2026-05-23 22:20:02 +08] run: no due posts
[2026-05-23 23:20:34 +08] HEARTBEAT lag 61 min (prev=2026-05-23T22:20:02.364621+08:00)
[2026-05-23 23:20:34 +08] run: no due posts
[2026-05-23 23:36:58 +08] run: no due posts
[2026-05-24 00:15:57 +08] HEARTBEAT lag 39 min (prev=2026-05-23T23:36:58.172959+08:00)
[2026-05-24 00:15:57 +08] run: no due posts
[2026-05-24 00:39:37 +08] run: no due posts
[2026-05-24 02:34:50 +08] HEARTBEAT lag 115 min (prev=2026-05-24T00:39:37.367732+08:00)
[2026-05-24 02:34:50 +08] run: no due posts
[2026-05-24 02:44:01 +08] run: no due posts
[2026-05-24 03:55:05 +08] HEARTBEAT lag 71 min (prev=2026-05-24T02:44:01.506594+08:00)
[2026-05-24 03:55:05 +08] run: no due posts
[2026-05-24 04:08:47 +08] run: no due posts
[2026-05-24 05:09:08 +08] HEARTBEAT lag 60 min (prev=2026-05-24T04:08:47.814334+08:00)
[2026-05-24 05:09:08 +08] run: no due posts
[2026-05-24 05:27:44 +08] run: no due posts
[2026-05-24 06:09:17 +08] HEARTBEAT lag 42 min (prev=2026-05-24T05:27:44.412298+08:00)
[2026-05-24 06:09:17 +08] run: no due posts
[2026-05-24 06:28:53 +08] run: no due posts
[2026-05-24 07:12:20 +08] HEARTBEAT lag 43 min (prev=2026-05-24T06:28:53.880901+08:00)
[2026-05-24 07:12:20 +08] run: no due posts
[2026-05-24 07:34:55 +08] run: no due posts
[2026-05-24 08:14:26 +08] HEARTBEAT lag 40 min (prev=2026-05-24T07:34:55.335078+08:00)
[2026-05-24 08:14:26 +08] run: no due posts
[2026-05-24 11:49:21 +08] HEARTBEAT lag 215 min (prev=2026-05-24T08:14:26.704719+08:00)
[2026-05-24 11:49:21 +08] run: no due posts
[2026-05-24 12:06:39 +08] run: no due posts
[2026-05-24 14:52:24 +08] HEARTBEAT lag 166 min (prev=2026-05-24T12:06:39.278391+08:00)
[2026-05-24 14:52:24 +08] run: no due posts
[2026-05-24 15:29:27 +08] HEARTBEAT lag 37 min (prev=2026-05-24T14:52:24.356708+08:00)
[2026-05-24 15:29:27 +08] run: no due posts
[2026-05-24 17:22:16 +08] HEARTBEAT lag 113 min (prev=2026-05-24T15:29:27.041105+08:00)
[2026-05-24 17:22:16 +08] run: no due posts
[2026-05-24 17:29:00 +08] run: no due posts
[2026-05-24 18:55:37 +08] HEARTBEAT lag 87 min (prev=2026-05-24T17:29:00.682581+08:00)
[2026-05-24 18:55:37 +08] run: no due posts
[2026-05-24 20:01:43 +08] HEARTBEAT lag 66 min (prev=2026-05-24T18:55:37.468488+08:00)
[2026-05-24 20:01:43 +08] run: no due posts
[2026-05-24 20:03:19 +08] run: no due posts
[2026-05-24 21:54:22 +08] HEARTBEAT lag 111 min (prev=2026-05-24T20:03:19.447053+08:00)
[2026-05-24 21:54:22 +08] run: no due posts
[2026-05-24 21:57:00 +08] run: no due posts
[2026-05-24 22:54:54 +08] HEARTBEAT lag 58 min (prev=2026-05-24T21:57:00.994780+08:00)
[2026-05-24 22:54:54 +08] run: no due posts
[2026-05-24 23:11:11 +08] run: no due posts
[2026-05-24 23:55:01 +08] HEARTBEAT lag 44 min (prev=2026-05-24T23:11:11.672844+08:00)
[2026-05-24 23:55:01 +08] run: no due posts
[2026-05-25 00:16:40 +08] run: no due posts
[2026-05-25 00:53:03 +08] HEARTBEAT lag 36 min (prev=2026-05-25T00:16:40.217930+08:00)
[2026-05-25 00:53:03 +08] run: no due posts
[2026-05-25 01:10:47 +08] run: no due posts
[2026-05-25 01:16:48 +08] run: no due posts
[2026-05-25 02:40:59 +08] HEARTBEAT lag 84 min (prev=2026-05-25T01:16:48.111791+08:00)
[2026-05-25 02:40:59 +08] run: no due posts
[2026-05-25 02:49:03 +08] run: no due posts
[2026-05-25 04:10:45 +08] HEARTBEAT lag 82 min (prev=2026-05-25T02:49:03.083819+08:00)
[2026-05-25 04:10:45 +08] run: no due posts
[2026-05-25 04:16:09 +08] run: no due posts
[2026-05-25 05:30:58 +08] HEARTBEAT lag 75 min (prev=2026-05-25T04:16:09.845000+08:00)
[2026-05-25 05:30:58 +08] run: no due posts
[2026-05-25 05:39:48 +08] run: no due posts
[2026-05-25 06:41:27 +08] HEARTBEAT lag 62 min (prev=2026-05-25T05:39:48.795335+08:00)
[2026-05-25 06:41:27 +08] run: no due posts
[2026-05-25 07:02:18 +08] run: no due posts
[2026-05-25 07:44:25 +08] HEARTBEAT lag 42 min (prev=2026-05-25T07:02:18.313877+08:00)
[2026-05-25 07:44:25 +08] run: no due posts
[2026-05-25 09:33:09 +08] HEARTBEAT lag 109 min (prev=2026-05-25T07:44:25.336387+08:00)
[2026-05-25 09:33:09 +08] run: no due posts
[2026-05-25 09:55:16 +08] run: no due posts
[2026-05-25 12:00:45 +08] HEARTBEAT lag 125 min (prev=2026-05-25T09:55:16.142551+08:00)
[2026-05-25 12:00:45 +08] run: no due posts
[2026-05-25 12:18:14 +08] run: no due posts
[2026-05-25 16:39:11 +08] HEARTBEAT lag 261 min (prev=2026-05-25T12:18:14.735739+08:00)
[2026-05-25 16:39:11 +08] CATCH-UP igs-services-a-d1 — 1.2h late, publishing
[2026-05-25 16:39:11 +08] CATCH-UP igs-car-servicing-a-d1 — 1.2h late, publishing
[2026-05-25 16:39:11 +08] Posting igs-services-a-d1 (story) — notes: IGS A for blog: services
[2026-05-25 16:39:26 +08] OK  igs-services-a-d1 -> 18103064381007175
[2026-05-25 16:39:27 +08] Posting igs-car-servicing-a-d1 (story) — notes: IGS A for blog: car-servicing
[2026-05-25 16:39:38 +08] OK  igs-car-servicing-a-d1 -> 17925124872121258
[2026-05-25 16:41:56 +08] run: no due posts
[2026-05-25 20:07:01 +08] HEARTBEAT lag 205 min (prev=2026-05-25T16:41:56.065451+08:00)
[2026-05-25 20:07:01 +08] run: no due posts
[2026-05-25 20:08:04 +08] run: no due posts
[2026-05-25 23:27:44 +08] HEARTBEAT lag 200 min (prev=2026-05-25T20:08:04.591429+08:00)
[2026-05-25 23:27:44 +08] run: no due posts
[2026-05-25 23:28:27 +08] run: no due posts
[2026-05-26 01:19:28 +08] HEARTBEAT lag 111 min (prev=2026-05-25T23:28:27.068355+08:00)
[2026-05-26 01:19:28 +08] run: no due posts
[2026-05-26 01:20:00 +08] run: no due posts
[2026-05-26 01:48:34 +08] run: no due posts
[2026-05-26 01:59:13 +08] run: no due posts
[2026-05-26 03:49:39 +08] HEARTBEAT lag 110 min (prev=2026-05-26T01:59:13.437914+08:00)
[2026-05-26 03:49:39 +08] run: no due posts
[2026-05-26 04:00:18 +08] run: no due posts
[2026-05-26 05:15:36 +08] HEARTBEAT lag 75 min (prev=2026-05-26T04:00:18.877370+08:00)
[2026-05-26 05:15:36 +08] run: no due posts
[2026-05-26 05:35:24 +08] run: no due posts
[2026-05-26 06:35:33 +08] HEARTBEAT lag 60 min (prev=2026-05-26T05:35:24.070364+08:00)
[2026-05-26 06:35:33 +08] run: no due posts
[2026-05-26 06:42:59 +08] run: no due posts
[2026-05-26 07:49:10 +08] HEARTBEAT lag 66 min (prev=2026-05-26T06:42:59.285356+08:00)
[2026-05-26 07:49:10 +08] run: no due posts
[2026-05-26 08:11:17 +08] run: no due posts
[2026-05-26 11:43:30 +08] HEARTBEAT lag 212 min (prev=2026-05-26T08:11:17.682108+08:00)
[2026-05-26 11:43:30 +08] CATCH-UP igs-services-b-d2 — 0.7h late, publishing
[2026-05-26 11:43:30 +08] CATCH-UP igs-car-servicing-b-d2 — 0.7h late, publishing
[2026-05-26 11:43:30 +08] Posting igs-services-b-d2 (story) — notes: IGS B for blog: services
[2026-05-26 11:43:38 +08] OK  igs-services-b-d2 -> 18252171757306873
[2026-05-26 11:43:40 +08] Posting igs-car-servicing-b-d2 (story) — notes: IGS B for blog: car-servicing
[2026-05-26 11:43:48 +08] OK  igs-car-servicing-b-d2 -> 18115763888497487
[2026-05-26 12:03:23 +08] run: no due posts
[2026-05-26 15:02:36 +08] HEARTBEAT lag 179 min (prev=2026-05-26T12:03:23.889642+08:00)
[2026-05-26 15:02:36 +08] run: no due posts
[2026-05-26 15:58:06 +08] HEARTBEAT lag 56 min (prev=2026-05-26T15:02:36.502421+08:00)
[2026-05-26 15:58:06 +08] Posting igs-revised-erp-rates-from-2-june-2026-school-holiday-cuts-and-post-holiday-rises-a-d1 (story) — notes: IGS A for blog: revised-erp-rates-from-2-june-2026-school-holiday-cuts-and-post-holiday-rises
[2026-05-26 15:58:19 +08] OK  igs-revised-erp-rates-from-2-june-2026-school-holiday-cuts-and-post-holiday-rises-a-d1 -> 18439716640143805
[2026-05-26 21:55:37 +08] HEARTBEAT lag 358 min (prev=2026-05-26T15:58:06.834972+08:00)
[2026-05-26 21:55:37 +08] CATCH-UP trw-c1-used-car-checks-2026-05-26-20 — 1.9h late, publishing
[2026-05-26 21:55:37 +08] Posting trw-c1-used-car-checks-2026-05-26-20 (carousel) — notes: Carousel 1 of 9 · 10 checks before you buy a used car
[2026-05-26 21:56:24 +08] OK  trw-c1-used-car-checks-2026-05-26-20 -> https://www.instagram.com/p/DYzehnLki6g/
[2026-05-26 22:15:09 +08] run: no due posts
[2026-05-27 01:28:05 +08] HEARTBEAT lag 193 min (prev=2026-05-26T22:15:09.884980+08:00)
[2026-05-27 01:28:05 +08] run: no due posts
[2026-05-27 01:36:00 +08] run: no due posts
[2026-05-27 02:32:07 +08] HEARTBEAT lag 56 min (prev=2026-05-27T01:36:00.432769+08:00)
[2026-05-27 02:32:07 +08] run: no due posts
[2026-05-27 02:37:48 +08] run: no due posts
[2026-05-27 04:49:07 +08] HEARTBEAT lag 131 min (prev=2026-05-27T02:37:48.275705+08:00)
[2026-05-27 04:49:07 +08] run: no due posts
[2026-05-27 04:57:25 +08] run: no due posts
[2026-05-27 06:26:33 +08] HEARTBEAT lag 89 min (prev=2026-05-27T04:57:25.834615+08:00)
[2026-05-27 06:26:33 +08] run: no due posts
[2026-05-27 06:40:40 +08] run: no due posts
[2026-05-27 07:42:38 +08] HEARTBEAT lag 62 min (prev=2026-05-27T06:40:40.765681+08:00)
[2026-05-27 07:42:38 +08] run: no due posts
[2026-05-27 07:49:31 +08] run: no due posts
[2026-05-27 12:00:21 +08] HEARTBEAT lag 251 min (prev=2026-05-27T07:49:31.829583+08:00)
[2026-05-27 12:00:21 +08] CATCH-UP igs-revised-erp-rates-from-2-june-2026-school-holiday-cuts-and-post-holiday-rises-b-d2 — 1.0h late, publishing
[2026-05-27 12:00:21 +08] Posting igs-revised-erp-rates-from-2-june-2026-school-holiday-cuts-and-post-holiday-rises-b-d2 (story) — notes: IGS B for blog: revised-erp-rates-from-2-june-2026-school-holiday-cuts-and-post-holiday-rises
[2026-05-27 12:00:37 +08] OK  igs-revised-erp-rates-from-2-june-2026-school-holiday-cuts-and-post-holiday-rises-b-d2 -> 17887764192545768
[2026-05-27 12:17:27 +08] run: no due posts
[2026-05-27 16:10:31 +08] HEARTBEAT lag 233 min (prev=2026-05-27T12:17:27.931247+08:00)
[2026-05-27 16:10:31 +08] run: no due posts
[2026-05-27 16:13:54 +08] run: no due posts
[2026-05-27 19:49:32 +08] HEARTBEAT lag 216 min (prev=2026-05-27T16:13:54.980356+08:00)
[2026-05-27 19:49:32 +08] run: no due posts
[2026-05-27 22:45:29 +08] HEARTBEAT lag 176 min (prev=2026-05-27T19:49:32.988149+08:00)
[2026-05-27 22:45:29 +08] CATCH-UP igs-services-c-d3 — 2.8h late, publishing
[2026-05-27 22:45:29 +08] CATCH-UP igs-car-servicing-c-d3 — 2.8h late, publishing
[2026-05-27 22:45:29 +08] CATCH-UP trw-c2-servicing-prices-2026-05-27-20 — 2.8h late, publishing
[2026-05-27 22:45:29 +08] Posting igs-services-c-d3 (story) — notes: IGS C for blog: services
[2026-05-27 22:45:45 +08] OK  igs-services-c-d3 -> 18135450562553271
[2026-05-27 22:45:46 +08] Posting igs-car-servicing-c-d3 (story) — notes: IGS C for blog: car-servicing
[2026-05-27 22:45:59 +08] OK  igs-car-servicing-c-d3 -> 18070805792672636
[2026-05-27 22:45:59 +08] Posting trw-c2-servicing-prices-2026-05-27-20 (carousel) — notes: Carousel 2 of 9 · What servicing should cost
[2026-05-27 22:46:39 +08] OK  trw-c2-servicing-prices-2026-05-27-20 -> https://www.instagram.com/p/DY2JEueliVC/
[2026-05-28 01:45:27 +08] HEARTBEAT lag 180 min (prev=2026-05-27T22:45:29.483583+08:00)
[2026-05-28 01:45:27 +08] run: no due posts
[2026-05-28 01:47:12 +08] run: no due posts
[2026-05-28 02:30:04 +08] HEARTBEAT lag 43 min (prev=2026-05-28T01:47:12.398481+08:00)
[2026-05-28 02:30:04 +08] run: no due posts
[2026-05-28 02:35:31 +08] run: no due posts
[2026-05-28 04:37:18 +08] HEARTBEAT lag 122 min (prev=2026-05-28T02:35:31.757833+08:00)
[2026-05-28 04:37:18 +08] run: no due posts
[2026-05-28 04:55:54 +08] run: no due posts
[2026-05-28 06:45:02 +08] HEARTBEAT lag 109 min (prev=2026-05-28T04:55:54.521468+08:00)
[2026-05-28 06:45:02 +08] run: no due posts
[2026-05-28 06:51:20 +08] run: no due posts
[2026-05-28 08:04:25 +08] HEARTBEAT lag 73 min (prev=2026-05-28T06:51:20.764796+08:00)
[2026-05-28 08:04:25 +08] run: no due posts
[2026-05-28 08:14:41 +08] run: no due posts
[2026-05-28 11:48:56 +08] HEARTBEAT lag 214 min (prev=2026-05-28T08:14:41.290748+08:00)
[2026-05-28 11:48:56 +08] run: no due posts
[2026-05-28 12:05:58 +08] run: no due posts
[2026-05-28 15:44:35 +08] HEARTBEAT lag 219 min (prev=2026-05-28T12:05:58.327209+08:00)
[2026-05-28 15:44:35 +08] run: no due posts
[2026-05-28 16:11:18 +08] run: no due posts
[2026-05-28 19:25:39 +08] HEARTBEAT lag 194 min (prev=2026-05-28T16:11:18.444689+08:00)
[2026-05-28 19:25:40 +08] run: no due posts
[2026-05-28 19:50:15 +08] run: no due posts
[2026-05-28 22:51:20 +08] HEARTBEAT lag 181 min (prev=2026-05-28T19:50:15.340836+08:00)
[2026-05-28 22:51:20 +08] CATCH-UP igs-revised-erp-rates-from-2-june-2026-school-holiday-cuts-and-post-holiday-rises-c-d3 — 2.9h late, publishing
[2026-05-28 22:51:20 +08] CATCH-UP trw-c3-car-myths-2026-05-28-20 — 2.9h late, publishing
[2026-05-28 22:51:20 +08] Posting igs-revised-erp-rates-from-2-june-2026-school-holiday-cuts-and-post-holiday-rises-c-d3 (story) — notes: IGS C for blog: revised-erp-rates-from-2-june-2026-school-holiday-cuts-and-post-holiday-rises
[2026-05-28 22:51:30 +08] OK  igs-revised-erp-rates-from-2-june-2026-school-holiday-cuts-and-post-holiday-rises-c-d3 -> 17945864463014323
[2026-05-28 22:51:31 +08] Posting trw-c3-car-myths-2026-05-28-20 (carousel) — notes: Carousel 3 of 9 · 5 car myths busted
[2026-05-28 22:52:19 +08] OK  trw-c3-car-myths-2026-05-28-20 -> https://www.instagram.com/p/DY4uhD6GXF_/
[2026-05-28 22:55:57 +08] run: no due posts
[2026-05-29 02:13:26 +08] HEARTBEAT lag 197 min (prev=2026-05-28T22:55:57.299957+08:00)
[2026-05-29 02:13:26 +08] run: no due posts
[2026-05-29 02:15:40 +08] run: no due posts
[2026-05-29 02:41:05 +08] run: no due posts
[2026-05-29 02:43:54 +08] run: no due posts
[2026-05-29 05:00:56 +08] HEARTBEAT lag 137 min (prev=2026-05-29T02:43:54.321822+08:00)
[2026-05-29 05:00:56 +08] run: no due posts
[2026-05-29 05:11:08 +08] run: no due posts
[2026-05-29 06:46:17 +08] HEARTBEAT lag 95 min (prev=2026-05-29T05:11:08.129932+08:00)
[2026-05-29 06:46:17 +08] run: no due posts
[2026-05-29 06:54:16 +08] run: no due posts
[2026-05-29 08:15:06 +08] HEARTBEAT lag 81 min (prev=2026-05-29T06:54:16.085337+08:00)
[2026-05-29 08:15:06 +08] run: no due posts
[2026-05-29 09:27:46 +08] HEARTBEAT lag 73 min (prev=2026-05-29T08:15:06.823070+08:00)
[2026-05-29 09:27:46 +08] run: no due posts
[2026-05-29 11:50:21 +08] HEARTBEAT lag 143 min (prev=2026-05-29T09:27:46.519094+08:00)
[2026-05-29 11:50:21 +08] run: no due posts
[2026-05-29 12:08:05 +08] run: no due posts
[2026-05-29 15:44:12 +08] HEARTBEAT lag 216 min (prev=2026-05-29T12:08:05.827414+08:00)
[2026-05-29 15:44:12 +08] run: no due posts
[2026-05-29 16:08:32 +08] run: no due posts
[2026-05-29 18:59:43 +08] HEARTBEAT lag 171 min (prev=2026-05-29T16:08:32.041762+08:00)
[2026-05-29 18:59:43 +08] run: no due posts
[2026-05-29 19:39:24 +08] HEARTBEAT lag 40 min (prev=2026-05-29T18:59:43.688931+08:00)
[2026-05-29 19:39:24 +08] run: no due posts
[2026-05-29 22:13:36 +08] HEARTBEAT lag 154 min (prev=2026-05-29T19:39:24.319219+08:00)
[2026-05-29 22:13:36 +08] CATCH-UP trw-c4-read-a-quote-2026-05-29-20 — 2.2h late, publishing
[2026-05-29 22:13:36 +08] Posting trw-c4-read-a-quote-2026-05-29-20 (carousel) — notes: Carousel 4 of 9 · How to read a workshop quote
[2026-05-29 22:14:20 +08] OK  trw-c4-read-a-quote-2026-05-29-20 -> https://www.instagram.com/p/DY7O9xrIHtd/
[2026-05-29 22:21:08 +08] run: no due posts
[2026-05-30 01:46:36 +08] HEARTBEAT lag 205 min (prev=2026-05-29T22:21:08.664497+08:00)
[2026-05-30 01:46:36 +08] run: no due posts
[2026-05-30 02:43:03 +08] HEARTBEAT lag 56 min (prev=2026-05-30T01:46:36.561957+08:00)
[2026-05-30 02:43:03 +08] run: no due posts
[2026-05-30 02:43:40 +08] run: no due posts
[2026-05-30 05:02:53 +08] HEARTBEAT lag 139 min (prev=2026-05-30T02:43:40.068527+08:00)
[2026-05-30 05:02:53 +08] run: no due posts
[2026-05-30 05:10:33 +08] run: no due posts
[2026-05-30 06:43:07 +08] HEARTBEAT lag 93 min (prev=2026-05-30T05:10:33.320127+08:00)
[2026-05-30 06:43:07 +08] run: no due posts
[2026-05-30 06:55:36 +08] run: no due posts
[2026-05-30 07:57:12 +08] HEARTBEAT lag 62 min (prev=2026-05-30T06:55:36.293225+08:00)
[2026-05-30 07:57:12 +08] run: no due posts
[2026-05-30 08:14:08 +08] run: no due posts
[2026-05-30 11:35:50 +08] HEARTBEAT lag 202 min (prev=2026-05-30T08:14:08.292293+08:00)
[2026-05-30 11:35:50 +08] run: no due posts
[2026-05-30 11:54:38 +08] run: no due posts
[2026-05-30 14:37:19 +08] HEARTBEAT lag 163 min (prev=2026-05-30T11:54:38.866590+08:00)
[2026-05-30 14:37:19 +08] run: no due posts
[2026-05-30 14:39:28 +08] run: no due posts
[2026-05-30 17:03:23 +08] HEARTBEAT lag 144 min (prev=2026-05-30T14:39:28.751340+08:00)
[2026-05-30 17:03:23 +08] run: no due posts
[2026-05-30 18:50:50 +08] HEARTBEAT lag 107 min (prev=2026-05-30T17:03:23.304915+08:00)
[2026-05-30 18:50:50 +08] run: no due posts
[2026-05-30 18:52:20 +08] run: no due posts
[2026-05-30 19:59:04 +08] HEARTBEAT lag 67 min (prev=2026-05-30T18:52:20.661557+08:00)
[2026-05-30 19:59:04 +08] run: no due posts
[2026-05-30 20:05:13 +08] Posting trw-c5-dealer-vs-independent-2026-05-30-20 (carousel) — notes: Carousel 5 of 9 · Authorised dealer vs independent
[2026-05-30 20:05:50 +08] OK  trw-c5-dealer-vs-independent-2026-05-30-20 -> https://www.instagram.com/p/DY9lDmVlGaM/
[2026-05-30 21:50:38 +08] HEARTBEAT lag 105 min (prev=2026-05-30T20:05:13.773281+08:00)
[2026-05-30 21:50:38 +08] run: no due posts
[2026-05-30 22:01:58 +08] run: no due posts
[2026-05-30 22:56:30 +08] HEARTBEAT lag 55 min (prev=2026-05-30T22:01:58.975659+08:00)
[2026-05-30 22:56:30 +08] run: no due posts
[2026-05-30 23:22:33 +08] run: no due posts
[2026-05-31 00:07:42 +08] HEARTBEAT lag 45 min (prev=2026-05-30T23:22:33.161977+08:00)
[2026-05-31 00:07:42 +08] run: no due posts
[2026-05-31 00:33:46 +08] run: no due posts
[2026-05-31 01:15:23 +08] HEARTBEAT lag 42 min (prev=2026-05-31T00:33:46.575357+08:00)
[2026-05-31 01:15:23 +08] run: no due posts
[2026-05-31 01:30:44 +08] run: no due posts
[2026-05-31 02:41:34 +08] HEARTBEAT lag 71 min (prev=2026-05-31T01:30:44.617185+08:00)
[2026-05-31 02:41:34 +08] run: no due posts
[2026-05-31 02:48:12 +08] run: no due posts
[2026-05-31 04:11:39 +08] HEARTBEAT lag 83 min (prev=2026-05-31T02:48:12.668133+08:00)
[2026-05-31 04:11:39 +08] run: no due posts
[2026-05-31 04:17:51 +08] run: no due posts
[2026-05-31 05:34:54 +08] HEARTBEAT lag 77 min (prev=2026-05-31T04:17:51.847954+08:00)
[2026-05-31 05:34:54 +08] run: no due posts
[2026-05-31 05:43:05 +08] run: no due posts
[2026-05-31 06:41:24 +08] HEARTBEAT lag 58 min (prev=2026-05-31T05:43:05.894180+08:00)
[2026-05-31 06:41:24 +08] run: no due posts
[2026-05-31 07:04:32 +08] run: no due posts
[2026-05-31 07:43:47 +08] HEARTBEAT lag 39 min (prev=2026-05-31T07:04:32.268682+08:00)
[2026-05-31 07:43:47 +08] run: no due posts
[2026-05-31 09:35:27 +08] HEARTBEAT lag 112 min (prev=2026-05-31T07:43:47.492950+08:00)
[2026-05-31 09:35:28 +08] run: no due posts
[2026-05-31 09:54:16 +08] run: no due posts
[2026-05-31 12:01:59 +08] HEARTBEAT lag 128 min (prev=2026-05-31T09:54:16.376183+08:00)
[2026-05-31 12:01:59 +08] run: no due posts
[2026-05-31 12:19:45 +08] run: no due posts
[2026-05-31 15:51:39 +08] HEARTBEAT lag 212 min (prev=2026-05-31T12:19:45.130862+08:00)
[2026-05-31 15:51:39 +08] run: no due posts
[2026-05-31 15:54:26 +08] run: no due posts
[2026-05-31 18:06:42 +08] HEARTBEAT lag 132 min (prev=2026-05-31T15:54:26.389203+08:00)
[2026-05-31 18:06:42 +08] run: no due posts
[2026-05-31 18:17:43 +08] run: no due posts
[2026-05-31 19:49:52 +08] HEARTBEAT lag 92 min (prev=2026-05-31T18:17:43.809240+08:00)
[2026-05-31 19:49:52 +08] run: no due posts
[2026-05-31 19:52:42 +08] run: no due posts
[2026-05-31 21:03:05 +08] HEARTBEAT lag 70 min (prev=2026-05-31T19:52:42.686738+08:00)
[2026-05-31 21:03:05 +08] CATCH-UP trw-c6-monsoon-checks-2026-05-31-20 — 1.1h late, publishing
[2026-05-31 21:03:05 +08] Posting trw-c6-monsoon-checks-2026-05-31-20 (carousel) — notes: Carousel 6 of 9 · Monsoon: 6 checks before the rain
[2026-05-31 21:03:39 +08] OK  trw-c6-monsoon-checks-2026-05-31-20 -> https://www.instagram.com/p/DZAQefUD9Ee/
[2026-05-31 21:48:13 +08] HEARTBEAT lag 45 min (prev=2026-05-31T21:03:05.805226+08:00)
[2026-05-31 21:48:13 +08] run: no due posts
[2026-05-31 22:52:03 +08] HEARTBEAT lag 64 min (prev=2026-05-31T21:48:13.816164+08:00)
[2026-05-31 22:52:03 +08] run: no due posts
[2026-05-31 23:06:37 +08] run: no due posts
[2026-05-31 23:56:53 +08] HEARTBEAT lag 50 min (prev=2026-05-31T23:06:37.435585+08:00)
[2026-05-31 23:56:53 +08] run: no due posts
[2026-06-01 00:22:26 +08] run: no due posts
[2026-06-01 01:14:43 +08] HEARTBEAT lag 52 min (prev=2026-06-01T00:22:26.850928+08:00)
[2026-06-01 01:14:43 +08] run: no due posts
[2026-06-01 01:31:11 +08] run: no due posts
[2026-06-01 02:45:55 +08] HEARTBEAT lag 75 min (prev=2026-06-01T01:31:11.045967+08:00)
[2026-06-01 02:45:55 +08] run: no due posts
[2026-06-01 02:52:08 +08] run: no due posts
[2026-06-01 04:15:19 +08] HEARTBEAT lag 83 min (prev=2026-06-01T02:52:08.975618+08:00)
[2026-06-01 04:15:20 +08] run: no due posts
[2026-06-01 04:33:33 +08] run: no due posts
[2026-06-01 05:33:22 +08] HEARTBEAT lag 60 min (prev=2026-06-01T04:33:33.830794+08:00)
[2026-06-01 05:33:22 +08] run: no due posts
[2026-06-01 05:41:29 +08] run: no due posts
[2026-06-01 06:42:13 +08] HEARTBEAT lag 61 min (prev=2026-06-01T05:41:29.958324+08:00)
[2026-06-01 06:42:13 +08] run: no due posts
[2026-06-01 07:06:40 +08] run: no due posts
[2026-06-01 07:48:04 +08] HEARTBEAT lag 41 min (prev=2026-06-01T07:06:40.831143+08:00)
[2026-06-01 07:48:04 +08] run: no due posts
[2026-06-01 09:40:46 +08] HEARTBEAT lag 113 min (prev=2026-06-01T07:48:04.098875+08:00)
[2026-06-01 09:40:46 +08] run: no due posts
[2026-06-01 12:16:16 +08] HEARTBEAT lag 156 min (prev=2026-06-01T09:40:46.597170+08:00)
[2026-06-01 12:16:16 +08] run: no due posts
[2026-06-01 12:48:19 +08] HEARTBEAT lag 32 min (prev=2026-06-01T12:16:16.888859+08:00)
[2026-06-01 12:48:19 +08] run: no due posts
[2026-06-01 17:37:57 +08] HEARTBEAT lag 290 min (prev=2026-06-01T12:48:19.169116+08:00)
[2026-06-01 17:37:57 +08] run: no due posts
[2026-06-01 18:09:03 +08] HEARTBEAT lag 31 min (prev=2026-06-01T17:37:57.934383+08:00)
[2026-06-01 18:09:03 +08] run: no due posts
[2026-06-01 23:42:24 +08] HEARTBEAT lag 333 min (prev=2026-06-01T18:09:03.087307+08:00)
[2026-06-01 23:42:24 +08] CATCH-UP trw-c7-jb-road-trip-2026-06-01-20 — 3.7h late, publishing
[2026-06-01 23:42:24 +08] Posting trw-c7-jb-road-trip-2026-06-01-20 (carousel) — notes: Carousel 7 of 9 · 8 checks before a JB road trip
[2026-06-01 23:43:07 +08] OK  trw-c7-jb-road-trip-2026-06-01-20 -> https://www.instagram.com/p/DZDHgbtmkK3/
[2026-06-02 00:17:58 +08] HEARTBEAT lag 36 min (prev=2026-06-01T23:42:24.022569+08:00)
[2026-06-02 00:17:58 +08] run: no due posts
[2026-06-02 04:06:42 +08] HEARTBEAT lag 229 min (prev=2026-06-02T00:17:58.579722+08:00)
[2026-06-02 04:06:42 +08] run: no due posts
[2026-06-02 04:21:33 +08] run: no due posts
[2026-06-02 04:35:49 +08] run: no due posts
[2026-06-02 06:41:23 +08] HEARTBEAT lag 126 min (prev=2026-06-02T04:35:49.146352+08:00)
[2026-06-02 06:41:23 +08] run: no due posts
[2026-06-02 06:52:12 +08] run: no due posts
[2026-06-02 08:18:21 +08] HEARTBEAT lag 86 min (prev=2026-06-02T06:52:12.892041+08:00)
[2026-06-02 08:18:21 +08] run: no due posts
[2026-06-02 09:37:21 +08] HEARTBEAT lag 79 min (prev=2026-06-02T08:18:21.142010+08:00)
[2026-06-02 09:37:21 +08] run: no due posts
[2026-06-02 12:09:39 +08] HEARTBEAT lag 152 min (prev=2026-06-02T09:37:21.110392+08:00)
[2026-06-02 12:09:39 +08] run: no due posts
[2026-06-02 12:27:20 +08] run: no due posts
[2026-06-02 16:46:21 +08] HEARTBEAT lag 259 min (prev=2026-06-02T12:27:20.669368+08:00)
[2026-06-02 16:46:21 +08] run: no due posts
[2026-06-02 16:53:38 +08] run: no due posts
[2026-06-02 20:30:42 +08] HEARTBEAT lag 217 min (prev=2026-06-02T16:53:38.172573+08:00)
[2026-06-02 20:30:42 +08] CATCH-UP trw-c8-tyre-prices-2026-06-02-20 — 0.5h late, publishing
[2026-06-02 20:30:42 +08] Posting trw-c8-tyre-prices-2026-06-02-20 (carousel) — notes: Carousel 8 of 9 · Tyres & alignment: what it should cost
[2026-06-02 20:31:29 +08] OK  trw-c8-tyre-prices-2026-06-02-20 -> https://www.instagram.com/p/DZFWXZYIAIz/
[2026-06-02 20:32:04 +08] run: no due posts
[2026-06-03 01:05:07 +08] HEARTBEAT lag 273 min (prev=2026-06-02T20:32:04.729911+08:00)
[2026-06-03 01:05:07 +08] run: no due posts
[2026-06-03 01:06:43 +08] run: no due posts
[2026-06-03 03:46:14 +08] HEARTBEAT lag 160 min (prev=2026-06-03T01:06:43.049603+08:00)
[2026-06-03 03:46:14 +08] run: no due posts
[2026-06-03 03:53:23 +08] run: no due posts
[2026-06-03 06:25:05 +08] HEARTBEAT lag 152 min (prev=2026-06-03T03:53:23.655983+08:00)
[2026-06-03 06:25:05 +08] run: no due posts
[2026-06-03 06:28:36 +08] run: no due posts
[2026-06-03 08:12:40 +08] HEARTBEAT lag 104 min (prev=2026-06-03T06:28:36.498270+08:00)
[2026-06-03 08:12:40 +08] run: no due posts
[2026-06-03 08:19:03 +08] run: no due posts
[2026-06-03 12:19:26 +08] HEARTBEAT lag 240 min (prev=2026-06-03T08:19:02.999445+08:00)
[2026-06-03 12:19:26 +08] run: no due posts
[2026-06-03 12:46:29 +08] run: no due posts
[2026-06-03 17:11:43 +08] HEARTBEAT lag 265 min (prev=2026-06-03T12:46:29.243208+08:00)
[2026-06-03 17:11:43 +08] run: no due posts
[2026-06-03 17:19:06 +08] run: no due posts
[2026-06-03 22:11:14 +08] HEARTBEAT lag 292 min (prev=2026-06-03T17:19:06.297170+08:00)
[2026-06-03 22:11:14 +08] CATCH-UP trw-c9-fuel-myths-2026-06-03-20 — 2.2h late, publishing
[2026-06-03 22:11:15 +08] Posting trw-c9-fuel-myths-2026-06-03-20 (carousel) — notes: Carousel 9 of 9 · 5 fuel & petrol myths
[2026-06-03 22:11:55 +08] OK  trw-c9-fuel-myths-2026-06-03-20 -> https://www.instagram.com/p/DZIGqkEFUeh/
[2026-06-04 02:32:24 +08] HEARTBEAT lag 261 min (prev=2026-06-03T22:11:14.992877+08:00)
[2026-06-04 02:32:24 +08] run: no due posts
[2026-06-04 03:53:16 +08] HEARTBEAT lag 81 min (prev=2026-06-04T02:32:24.865005+08:00)
[2026-06-04 03:53:16 +08] run: no due posts
[2026-06-04 03:58:21 +08] run: no due posts
[2026-06-04 06:30:29 +08] HEARTBEAT lag 152 min (prev=2026-06-04T03:58:21.366227+08:00)
[2026-06-04 06:30:29 +08] run: no due posts
[2026-06-04 06:33:33 +08] run: no due posts
[2026-06-04 08:15:41 +08] HEARTBEAT lag 102 min (prev=2026-06-04T06:33:33.752402+08:00)
[2026-06-04 08:15:41 +08] run: no due posts
[2026-06-04 08:21:29 +08] run: no due posts
[2026-06-04 12:13:30 +08] HEARTBEAT lag 232 min (prev=2026-06-04T08:21:29.297038+08:00)
[2026-06-04 12:13:30 +08] run: no due posts
[2026-06-04 12:41:08 +08] run: no due posts
[2026-06-04 16:35:52 +08] HEARTBEAT lag 235 min (prev=2026-06-04T12:41:08.399091+08:00)
[2026-06-04 16:35:52 +08] run: no due posts
[2026-06-04 16:40:22 +08] run: no due posts
[2026-06-04 19:38:28 +08] HEARTBEAT lag 178 min (prev=2026-06-04T16:40:22.330195+08:00)
[2026-06-04 19:38:28 +08] run: no due posts
[2026-06-04 22:17:31 +08] HEARTBEAT lag 159 min (prev=2026-06-04T19:38:28.725662+08:00)
[2026-06-04 22:17:31 +08] CATCH-UP trw-voice-fair-not-cheap-2026-06-04 — 2.3h late, publishing
[2026-06-04 22:17:31 +08] Posting trw-voice-fair-not-cheap-2026-06-04 (single) — notes: Voice card #7 — Fair not cheap (Straight Talk single graphic)
[2026-06-04 22:17:50 +08] OK  trw-voice-fair-not-cheap-2026-06-04 -> https://www.instagram.com/p/DZKsImnltgV/
[2026-06-05 01:26:08 +08] HEARTBEAT lag 189 min (prev=2026-06-04T22:17:31.776009+08:00)
[2026-06-05 01:26:08 +08] run: no due posts
[2026-06-05 02:24:04 +08] HEARTBEAT lag 58 min (prev=2026-06-05T01:26:08.582170+08:00)
[2026-06-05 02:24:04 +08] run: no due posts
[2026-06-05 02:29:38 +08] run: no due posts
[2026-06-05 04:33:39 +08] HEARTBEAT lag 124 min (prev=2026-06-05T02:29:38.182622+08:00)
[2026-06-05 04:33:39 +08] run: no due posts
[2026-06-05 04:52:45 +08] run: no due posts
[2026-06-05 06:24:34 +08] HEARTBEAT lag 92 min (prev=2026-06-05T04:52:45.158820+08:00)
[2026-06-05 06:24:34 +08] run: no due posts
[2026-06-05 06:46:11 +08] run: no due posts
[2026-06-05 07:46:34 +08] HEARTBEAT lag 60 min (prev=2026-06-05T06:46:11.681799+08:00)
[2026-06-05 07:46:34 +08] run: no due posts
[2026-06-05 09:31:11 +08] HEARTBEAT lag 105 min (prev=2026-06-05T07:46:34.666298+08:00)
[2026-06-05 09:31:11 +08] run: no due posts
[2026-06-05 11:57:29 +08] HEARTBEAT lag 146 min (prev=2026-06-05T09:31:11.594513+08:00)
[2026-06-05 11:57:29 +08] run: no due posts
[2026-06-05 12:15:04 +08] run: no due posts
[2026-06-05 16:12:30 +08] HEARTBEAT lag 237 min (prev=2026-06-05T12:15:04.415702+08:00)
[2026-06-05 16:12:30 +08] run: no due posts
[2026-06-05 16:17:04 +08] run: no due posts
[2026-06-05 19:38:16 +08] HEARTBEAT lag 201 min (prev=2026-06-05T16:17:04.957717+08:00)
[2026-06-05 19:38:16 +08] run: no due posts
[2026-06-05 22:08:45 +08] HEARTBEAT lag 150 min (prev=2026-06-05T19:38:16.656942+08:00)
[2026-06-05 22:08:45 +08] CATCH-UP trw-voice-its-okay-2026-06-05 — 2.1h late, publishing
[2026-06-05 22:08:45 +08] Posting trw-voice-its-okay-2026-06-05 (single) — notes: Voice card #10 — It's okay if you never fix with me (Straight Talk single graphic)
[2026-06-05 22:08:57 +08] OK  trw-voice-its-okay-2026-06-05 -> https://www.instagram.com/p/DZNP6-BIKir/
[2026-06-06 00:38:26 +08] HEARTBEAT lag 150 min (prev=2026-06-05T22:08:45.097879+08:00)
[2026-06-06 00:38:26 +08] run: no due posts
[2026-06-06 00:40:46 +08] run: no due posts
[2026-06-06 02:00:43 +08] HEARTBEAT lag 80 min (prev=2026-06-06T00:40:46.235244+08:00)
[2026-06-06 02:00:43 +08] run: no due posts
[2026-06-06 02:12:46 +08] run: no due posts
[2026-06-06 04:16:00 +08] HEARTBEAT lag 123 min (prev=2026-06-06T02:12:45.997228+08:00)
[2026-06-06 04:16:01 +08] run: no due posts
[2026-06-06 04:27:39 +08] run: no due posts
[2026-06-06 06:02:34 +08] HEARTBEAT lag 95 min (prev=2026-06-06T04:27:39.265037+08:00)
[2026-06-06 06:02:34 +08] run: no due posts
[2026-06-06 06:06:04 +08] run: no due posts
[2026-06-06 07:38:47 +08] HEARTBEAT lag 93 min (prev=2026-06-06T06:06:04.015889+08:00)
[2026-06-06 07:38:47 +08] run: no due posts
[2026-06-06 07:47:09 +08] run: no due posts
[2026-06-06 09:34:47 +08] HEARTBEAT lag 108 min (prev=2026-06-06T07:47:09.872921+08:00)
[2026-06-06 09:34:47 +08] run: no due posts
[2026-06-06 11:39:51 +08] HEARTBEAT lag 125 min (prev=2026-06-06T09:34:47.549776+08:00)
[2026-06-06 11:39:51 +08] run: no due posts
[2026-06-06 11:57:46 +08] run: no due posts
[2026-06-06 14:44:02 +08] HEARTBEAT lag 166 min (prev=2026-06-06T11:57:46.365202+08:00)
[2026-06-06 14:44:02 +08] run: no due posts
[2026-06-06 14:56:36 +08] run: no due posts
[2026-06-06 17:13:29 +08] HEARTBEAT lag 137 min (prev=2026-06-06T14:56:36.047205+08:00)
[2026-06-06 17:13:29 +08] run: no due posts
[2026-06-06 17:28:23 +08] run: no due posts
[2026-06-06 19:00:37 +08] HEARTBEAT lag 92 min (prev=2026-06-06T17:28:23.971800+08:00)
[2026-06-06 19:00:37 +08] run: no due posts
[2026-06-06 19:05:13 +08] run: no due posts
[2026-06-06 20:13:40 +08] HEARTBEAT lag 68 min (prev=2026-06-06T19:05:13.907935+08:00)
[2026-06-06 20:13:40 +08] run: no due posts
[2026-06-06 20:15:13 +08] run: no due posts
[2026-06-06 22:07:42 +08] HEARTBEAT lag 112 min (prev=2026-06-06T20:15:13.979599+08:00)
[2026-06-06 22:07:42 +08] run: no due posts
[2026-06-06 22:12:14 +08] run: no due posts
[2026-06-06 23:38:44 +08] HEARTBEAT lag 87 min (prev=2026-06-06T22:12:14.142769+08:00)
[2026-06-06 23:38:44 +08] run: no due posts
[2026-06-06 23:44:04 +08] run: no due posts
[2026-06-07 00:45:49 +08] HEARTBEAT lag 62 min (prev=2026-06-06T23:44:04.571351+08:00)
[2026-06-07 00:45:49 +08] run: no due posts
[2026-06-07 00:52:22 +08] run: no due posts
[2026-06-07 01:19:41 +08] run: no due posts
[2026-06-07 01:35:26 +08] run: no due posts
[2026-06-07 02:49:05 +08] HEARTBEAT lag 74 min (prev=2026-06-07T01:35:26.081352+08:00)
[2026-06-07 02:49:05 +08] run: no due posts
[2026-06-07 02:55:08 +08] run: no due posts
[2026-06-07 04:14:02 +08] HEARTBEAT lag 79 min (prev=2026-06-07T02:55:08.235030+08:00)
[2026-06-07 04:14:02 +08] run: no due posts
[2026-06-07 04:35:51 +08] run: no due posts
[2026-06-07 05:38:20 +08] HEARTBEAT lag 62 min (prev=2026-06-07T04:35:51.269049+08:00)
[2026-06-07 05:38:20 +08] run: no due posts
[2026-06-07 05:46:25 +08] run: no due posts
[2026-06-07 07:08:43 +08] HEARTBEAT lag 82 min (prev=2026-06-07T05:46:25.208783+08:00)
[2026-06-07 07:08:43 +08] run: no due posts
[2026-06-07 07:18:01 +08] run: no due posts
[2026-06-07 09:38:09 +08] HEARTBEAT lag 140 min (prev=2026-06-07T07:18:01.941001+08:00)
[2026-06-07 09:38:09 +08] run: no due posts
[2026-06-07 09:56:39 +08] run: no due posts
[2026-06-07 12:07:29 +08] HEARTBEAT lag 131 min (prev=2026-06-07T09:56:39.610902+08:00)
[2026-06-07 12:07:29 +08] run: no due posts
[2026-06-07 12:24:13 +08] run: no due posts
[2026-06-07 16:01:20 +08] HEARTBEAT lag 217 min (prev=2026-06-07T12:24:13.334263+08:00)
[2026-06-07 16:01:20 +08] run: no due posts
[2026-06-07 16:05:02 +08] run: no due posts
[2026-06-07 18:34:58 +08] HEARTBEAT lag 150 min (prev=2026-06-07T16:05:02.701809+08:00)
[2026-06-07 18:34:58 +08] run: no due posts
[2026-06-07 20:10:02 +08] HEARTBEAT lag 95 min (prev=2026-06-07T18:34:58.086516+08:00)
[2026-06-07 20:10:02 +08] Posting trw-voice-not-to-fix-2026-06-07 (single) — notes: Voice card #5 — We'll tell you when NOT to fix it (Straight Talk single graphic, principle reframe)
[2026-06-07 20:10:24 +08] OK  trw-voice-not-to-fix-2026-06-07 -> https://www.instagram.com/p/DZSL7g_kpY3/
[2026-06-07 20:11:09 +08] run: no due posts
[2026-06-07 22:18:28 +08] HEARTBEAT lag 127 min (prev=2026-06-07T20:11:09.253331+08:00)
[2026-06-07 22:18:28 +08] run: no due posts
[2026-06-07 22:23:46 +08] run: no due posts
[2026-06-07 23:46:58 +08] HEARTBEAT lag 83 min (prev=2026-06-07T22:23:46.322297+08:00)
[2026-06-07 23:46:58 +08] run: no due posts
[2026-06-07 23:51:15 +08] run: no due posts
[2026-06-08 00:59:32 +08] HEARTBEAT lag 68 min (prev=2026-06-07T23:51:15.920759+08:00)
[2026-06-08 00:59:32 +08] run: no due posts
[2026-06-08 01:23:55 +08] run: no due posts
[2026-06-08 01:41:18 +08] run: no due posts
[2026-06-08 02:49:50 +08] HEARTBEAT lag 69 min (prev=2026-06-08T01:41:18.517686+08:00)
[2026-06-08 02:49:50 +08] run: no due posts
[2026-06-08 02:57:52 +08] run: no due posts
[2026-06-08 04:17:21 +08] HEARTBEAT lag 79 min (prev=2026-06-08T02:57:52.336818+08:00)
[2026-06-08 04:17:21 +08] run: no due posts
[2026-06-08 04:38:37 +08] run: no due posts
[2026-06-08 05:45:52 +08] HEARTBEAT lag 67 min (prev=2026-06-08T04:38:37.353965+08:00)
[2026-06-08 05:45:52 +08] run: no due posts
[2026-06-08 05:50:51 +08] run: no due posts
[2026-06-08 07:11:15 +08] HEARTBEAT lag 80 min (prev=2026-06-08T05:50:51.367364+08:00)
[2026-06-08 07:11:15 +08] run: no due posts
[2026-06-08 07:19:54 +08] run: no due posts
[2026-06-08 09:41:25 +08] HEARTBEAT lag 142 min (prev=2026-06-08T07:19:54.143396+08:00)
[2026-06-08 09:41:25 +08] run: no due posts
[2026-06-08 10:02:19 +08] run: no due posts
[2026-06-08 12:11:53 +08] HEARTBEAT lag 130 min (prev=2026-06-08T10:02:19.832182+08:00)
[2026-06-08 12:11:53 +08] run: no due posts
[2026-06-08 12:40:17 +08] run: no due posts
[2026-06-08 17:08:11 +08] HEARTBEAT lag 268 min (prev=2026-06-08T12:40:17.429616+08:00)
[2026-06-08 17:08:11 +08] run: no due posts
[2026-06-08 17:13:30 +08] run: no due posts
[2026-06-08 21:15:58 +08] HEARTBEAT lag 242 min (prev=2026-06-08T17:13:30.498052+08:00)
[2026-06-08 21:15:58 +08] run: no due posts
[2026-06-09 00:54:19 +08] HEARTBEAT lag 218 min (prev=2026-06-08T21:15:58.880468+08:00)
[2026-06-09 00:54:19 +08] run: no due posts
[2026-06-09 02:29:07 +08] HEARTBEAT lag 95 min (prev=2026-06-09T00:54:19.995257+08:00)
[2026-06-09 02:29:07 +08] run: no due posts
[2026-06-09 02:35:57 +08] run: no due posts
[2026-06-09 05:02:35 +08] HEARTBEAT lag 147 min (prev=2026-06-09T02:35:57.385041+08:00)
[2026-06-09 05:02:35 +08] run: no due posts
[2026-06-09 05:08:04 +08] run: no due posts
[2026-06-09 06:50:57 +08] HEARTBEAT lag 103 min (prev=2026-06-09T05:08:04.575114+08:00)
[2026-06-09 06:50:57 +08] run: no due posts
[2026-06-09 06:57:58 +08] run: no due posts
[2026-06-09 08:12:20 +08] HEARTBEAT lag 74 min (prev=2026-06-09T06:57:58.242958+08:00)
[2026-06-09 08:12:20 +08] run: no due posts
[2026-06-09 08:16:02 +08] run: no due posts
[2026-06-09 11:40:35 +08] HEARTBEAT lag 205 min (prev=2026-06-09T08:16:02.810636+08:00)
[2026-06-09 11:40:35 +08] run: no due posts
[2026-06-09 12:00:44 +08] run: no due posts
[2026-06-09 15:33:42 +08] HEARTBEAT lag 213 min (prev=2026-06-09T12:00:44.550097+08:00)
[2026-06-09 15:33:42 +08] run: no due posts
[2026-06-09 15:56:26 +08] run: no due posts
[2026-06-09 18:47:27 +08] HEARTBEAT lag 171 min (prev=2026-06-09T15:56:26.064198+08:00)
[2026-06-09 18:47:27 +08] run: no due posts
[2026-06-09 19:22:01 +08] HEARTBEAT lag 35 min (prev=2026-06-09T18:47:27.574349+08:00)
[2026-06-09 19:22:01 +08] run: no due posts
[2026-06-09 21:34:48 +08] HEARTBEAT lag 133 min (prev=2026-06-09T19:22:01.116502+08:00)
[2026-06-09 21:34:48 +08] CATCH-UP batch-n1-st-mode-a-2026-06-08-20 — 1.6h late, publishing
[2026-06-09 21:34:48 +08] Posting batch-n1-st-mode-a-2026-06-08-20 (carousel) — notes: Series: Straight Talk · Mode A (Editorial Dark) · 3 questions
[2026-06-09 21:34:48 +08] ERR batch-n1-st-mode-a-2026-06-08-20: post_instagram_carousel.py failed: ERROR: missing image /Users/admin/the-right-workshop/trw-ig-scheduler/assets/batch-n1-st-mode-a-2026-06-08-20/slide_1.png

[2026-06-09 21:57:43 +08] run: no due posts
[2026-06-10 00:23:30 +08] HEARTBEAT lag 146 min (prev=2026-06-09T21:57:43.347148+08:00)
[2026-06-10 00:23:30 +08] run: no due posts
[2026-06-10 00:33:19 +08] run: no due posts
[2026-06-10 02:12:32 +08] HEARTBEAT lag 99 min (prev=2026-06-10T00:33:19.090795+08:00)
[2026-06-10 02:12:32 +08] run: no due posts
[2026-06-10 02:22:08 +08] run: no due posts
[2026-06-10 04:30:02 +08] HEARTBEAT lag 128 min (prev=2026-06-10T02:22:08.249534+08:00)
[2026-06-10 04:30:02 +08] run: no due posts
[2026-06-10 04:51:20 +08] run: no due posts
[2026-06-10 06:11:19 +08] HEARTBEAT lag 80 min (prev=2026-06-10T04:51:20.038390+08:00)
[2026-06-10 06:11:19 +08] run: no due posts
[2026-06-10 06:51:09 +08] HEARTBEAT lag 40 min (prev=2026-06-10T06:11:19.803300+08:00)
[2026-06-10 06:51:09 +08] run: no due posts
[2026-06-10 07:52:43 +08] HEARTBEAT lag 62 min (prev=2026-06-10T06:51:09.435311+08:00)
[2026-06-10 07:52:43 +08] run: no due posts
[2026-06-10 09:31:35 +08] HEARTBEAT lag 99 min (prev=2026-06-10T07:52:43.203674+08:00)
[2026-06-10 09:31:35 +08] run: no due posts
[2026-06-10 11:55:08 +08] HEARTBEAT lag 144 min (prev=2026-06-10T09:31:35.351540+08:00)
[2026-06-10 11:55:08 +08] run: no due posts
[2026-06-10 12:12:22 +08] run: no due posts
[2026-06-10 16:10:15 +08] HEARTBEAT lag 238 min (prev=2026-06-10T12:12:22.579394+08:00)
[2026-06-10 16:10:15 +08] run: no due posts
[2026-06-10 16:16:58 +08] run: no due posts
[2026-06-10 19:47:44 +08] HEARTBEAT lag 211 min (prev=2026-06-10T16:16:58.257617+08:00)
[2026-06-10 19:47:44 +08] run: no due posts
[2026-06-10 19:50:01 +08] run: no due posts
[2026-06-10 22:42:22 +08] HEARTBEAT lag 172 min (prev=2026-06-10T19:50:01.027787+08:00)
[2026-06-10 22:42:22 +08] CATCH-UP batch-n2-dm-mode-e-2026-06-09-20 — 2.7h late, publishing
[2026-06-10 22:42:22 +08] Posting batch-n2-dm-mode-e-2026-06-09-20 (carousel) — notes: Series: Driver's Manual · Mode E (Spec Sheet) · Brake pads in 10s
[2026-06-10 22:42:22 +08] ERR batch-n2-dm-mode-e-2026-06-09-20: post_instagram_carousel.py failed: ERROR: missing image /Users/admin/the-right-workshop/trw-ig-scheduler/assets/batch-n2-dm-mode-e-2026-06-09-20/slide_1.png

[2026-06-11 01:44:43 +08] HEARTBEAT lag 182 min (prev=2026-06-10T22:42:22.040570+08:00)
[2026-06-11 01:44:43 +08] run: no due posts
[2026-06-11 01:46:43 +08] run: no due posts
[2026-06-11 02:34:08 +08] HEARTBEAT lag 47 min (prev=2026-06-11T01:46:43.572987+08:00)
[2026-06-11 02:34:08 +08] run: no due posts
[2026-06-11 02:43:15 +08] run: no due posts
[2026-06-11 05:17:12 +08] HEARTBEAT lag 154 min (prev=2026-06-11T02:43:15.664616+08:00)
[2026-06-11 05:17:12 +08] run: no due posts
[2026-06-11 05:26:29 +08] run: no due posts
[2026-06-11 07:09:52 +08] HEARTBEAT lag 103 min (prev=2026-06-11T05:26:29.455294+08:00)
[2026-06-11 07:09:52 +08] run: no due posts
[2026-06-11 07:15:09 +08] run: no due posts
[2026-06-11 09:42:57 +08] HEARTBEAT lag 148 min (prev=2026-06-11T07:15:09.032281+08:00)
[2026-06-11 09:42:57 +08] run: no due posts
[2026-06-11 10:01:46 +08] run: no due posts
[2026-06-11 12:08:38 +08] HEARTBEAT lag 127 min (prev=2026-06-11T10:01:46.868789+08:00)
[2026-06-11 12:08:38 +08] run: no due posts
[2026-06-11 12:24:43 +08] run: no due posts
[2026-06-11 16:54:35 +08] HEARTBEAT lag 270 min (prev=2026-06-11T12:24:43.396755+08:00)
[2026-06-11 16:54:35 +08] run: no due posts
[2026-06-11 16:58:15 +08] run: no due posts
[2026-06-11 20:47:52 +08] HEARTBEAT lag 230 min (prev=2026-06-11T16:58:15.424992+08:00)
[2026-06-11 20:47:52 +08] CATCH-UP batch-n3-wld-mode-b-2026-06-10-20 — 0.8h late, publishing
[2026-06-11 20:47:52 +08] Posting batch-n3-wld-mode-b-2026-06-10-20 (carousel) — notes: Series: Warning Light Decoded · Mode B (Cream Magazine) · TPMS
[2026-06-11 20:48:23 +08] OK  batch-n3-wld-mode-b-2026-06-10-20 -> https://www.instagram.com/p/DZcjeD3jd0G/
[2026-06-11 20:50:37 +08] run: no due posts
[2026-06-12 00:42:03 +08] HEARTBEAT lag 231 min (prev=2026-06-11T20:50:37.409113+08:00)
[2026-06-12 00:42:03 +08] run: no due posts
[2026-06-12 02:50:08 +08] HEARTBEAT lag 128 min (prev=2026-06-12T00:42:03.300275+08:00)
[2026-06-12 02:50:08 +08] run: no due posts
[2026-06-12 03:13:09 +08] run: no due posts
[2026-06-12 05:25:43 +08] HEARTBEAT lag 133 min (prev=2026-06-12T03:13:09.643740+08:00)
[2026-06-12 05:25:43 +08] run: no due posts
[2026-06-12 05:31:20 +08] run: no due posts
[2026-06-12 07:07:32 +08] HEARTBEAT lag 96 min (prev=2026-06-12T05:31:20.101623+08:00)
[2026-06-12 07:07:32 +08] run: no due posts
[2026-06-12 07:10:52 +08] run: no due posts
[2026-06-12 09:40:08 +08] HEARTBEAT lag 149 min (prev=2026-06-12T07:10:52.112522+08:00)
[2026-06-12 09:40:08 +08] run: no due posts
[2026-06-12 09:58:35 +08] run: no due posts
[2026-06-12 12:09:56 +08] HEARTBEAT lag 131 min (prev=2026-06-12T09:58:35.111481+08:00)
[2026-06-12 12:09:56 +08] run: no due posts
[2026-06-12 12:27:28 +08] run: no due posts
[2026-06-12 16:41:58 +08] HEARTBEAT lag 254 min (prev=2026-06-12T12:27:28.417196+08:00)
[2026-06-12 16:41:58 +08] run: no due posts
[2026-06-12 16:46:35 +08] run: no due posts
[2026-06-12 20:04:12 +08] HEARTBEAT lag 198 min (prev=2026-06-12T16:46:35.467598+08:00)
[2026-06-12 20:04:12 +08] Posting batch-n4-cow-mode-c-2026-06-11-20 (carousel) — notes: Series: Cost of Waiting · Mode C (Poster Bold) · Alignment
[2026-06-12 20:04:56 +08] OK  batch-n4-cow-mode-c-2026-06-11-20 -> https://www.instagram.com/p/DZfDRtok6Db/
[2026-06-12 20:08:09 +08] run: no due posts
[2026-06-12 23:36:11 +08] HEARTBEAT lag 208 min (prev=2026-06-12T20:08:09.267237+08:00)
[2026-06-12 23:36:11 +08] run: no due posts
[2026-06-12 23:36:59 +08] run: no due posts
[2026-06-13 01:52:11 +08] HEARTBEAT lag 135 min (prev=2026-06-12T23:36:59.365820+08:00)
[2026-06-13 01:52:11 +08] run: no due posts
[2026-06-13 02:11:38 +08] run: no due posts
[2026-06-13 02:20:15 +08] run: no due posts
[2026-06-13 04:36:34 +08] HEARTBEAT lag 136 min (prev=2026-06-13T02:20:15.646899+08:00)
[2026-06-13 04:36:34 +08] run: no due posts
[2026-06-13 04:55:36 +08] run: no due posts
[2026-06-13 06:41:14 +08] HEARTBEAT lag 106 min (prev=2026-06-13T04:55:36.853122+08:00)
[2026-06-13 06:41:14 +08] run: no due posts
[2026-06-13 06:48:39 +08] run: no due posts
[2026-06-13 08:22:48 +08] HEARTBEAT lag 94 min (prev=2026-06-13T06:48:39.960880+08:00)
[2026-06-13 08:22:48 +08] run: no due posts
[2026-06-13 09:34:49 +08] HEARTBEAT lag 72 min (prev=2026-06-13T08:22:48.295124+08:00)
[2026-06-13 09:34:49 +08] run: no due posts
[2026-06-13 11:57:35 +08] HEARTBEAT lag 143 min (prev=2026-06-13T09:34:49.903878+08:00)
[2026-06-13 11:57:35 +08] run: no due posts
[2026-06-13 12:16:25 +08] run: no due posts
[2026-06-13 15:53:19 +08] HEARTBEAT lag 217 min (prev=2026-06-13T12:16:25.425529+08:00)
[2026-06-13 15:53:19 +08] Posting igs-car-insurance-broker-a-d1 (story) — notes: IGS A for blog: car-insurance-broker
[2026-06-13 15:53:34 +08] OK  igs-car-insurance-broker-a-d1 -> 17951709390170237
[2026-06-13 15:58:41 +08] run: no due posts
[2026-06-13 18:31:16 +08] HEARTBEAT lag 153 min (prev=2026-06-13T15:58:41.725464+08:00)
[2026-06-13 18:31:16 +08] run: no due posts
[2026-06-13 18:33:47 +08] run: no due posts
[2026-06-13 20:10:43 +08] HEARTBEAT lag 97 min (prev=2026-06-13T18:33:47.042950+08:00)
[2026-06-13 20:10:43 +08] Posting batch-n5-bbtb-mode-d-2026-06-12-20 (carousel) — notes: Series: Behind the Badge · Mode D (Polaroid Zine) · Corolla Altis
[2026-06-13 20:11:11 +08] OK  batch-n5-bbtb-mode-d-2026-06-12-20 -> https://www.instagram.com/p/DZhozdWk1Pq/
[2026-06-13 20:12:45 +08] run: no due posts
[2026-06-13 22:23:15 +08] HEARTBEAT lag 131 min (prev=2026-06-13T20:12:45.118686+08:00)
[2026-06-13 22:23:15 +08] run: no due posts
[2026-06-13 22:31:42 +08] run: no due posts
[2026-06-13 23:53:28 +08] HEARTBEAT lag 82 min (prev=2026-06-13T22:31:42.559069+08:00)
[2026-06-13 23:53:28 +08] run: no due posts
[2026-06-14 00:03:00 +08] run: no due posts
[2026-06-14 01:04:41 +08] HEARTBEAT lag 62 min (prev=2026-06-14T00:03:00.592364+08:00)
[2026-06-14 01:04:41 +08] run: no due posts
[2026-06-14 01:27:38 +08] run: no due posts
[2026-06-14 01:46:42 +08] run: no due posts
[2026-06-14 02:54:07 +08] HEARTBEAT lag 67 min (prev=2026-06-14T01:46:42.518660+08:00)
[2026-06-14 02:54:07 +08] run: no due posts
[2026-06-14 03:55:12 +08] HEARTBEAT lag 61 min (prev=2026-06-14T02:54:07.829225+08:00)
[2026-06-14 03:55:12 +08] run: no due posts
[2026-06-14 04:20:15 +08] run: no due posts
[2026-06-14 05:38:51 +08] HEARTBEAT lag 79 min (prev=2026-06-14T04:20:15.475613+08:00)
[2026-06-14 05:38:51 +08] run: no due posts
[2026-06-14 05:47:29 +08] run: no due posts
[2026-06-14 06:46:59 +08] HEARTBEAT lag 60 min (prev=2026-06-14T05:47:29.162660+08:00)
[2026-06-14 06:46:59 +08] run: no due posts
[2026-06-14 07:11:45 +08] run: no due posts
[2026-06-14 09:37:36 +08] HEARTBEAT lag 146 min (prev=2026-06-14T07:11:45.027604+08:00)
[2026-06-14 09:37:36 +08] run: no due posts
[2026-06-14 09:56:31 +08] run: no due posts
[2026-06-14 12:16:29 +08] HEARTBEAT lag 140 min (prev=2026-06-14T09:56:31.128790+08:00)
[2026-06-14 12:16:29 +08] CATCH-UP igs-car-insurance-broker-b-d2 — 1.3h late, publishing
[2026-06-14 12:16:29 +08] Posting igs-car-insurance-broker-b-d2 (story) — notes: IGS B for blog: car-insurance-broker
[2026-06-14 12:16:39 +08] OK  igs-car-insurance-broker-b-d2 -> 18094474667120538
[2026-06-14 12:43:55 +08] run: no due posts
[2026-06-14 16:29:09 +08] HEARTBEAT lag 225 min (prev=2026-06-14T12:43:55.306039+08:00)
[2026-06-14 16:29:09 +08] run: no due posts
[2026-06-14 16:33:47 +08] run: no due posts
[2026-06-14 19:15:29 +08] HEARTBEAT lag 162 min (prev=2026-06-14T16:33:47.794787+08:00)
[2026-06-14 19:15:29 +08] run: no due posts
[2026-06-14 21:08:21 +08] HEARTBEAT lag 113 min (prev=2026-06-14T19:15:29.754680+08:00)
[2026-06-14 21:08:21 +08] CATCH-UP batch-n6-bbtb-mode-a-2026-06-13-20 — 1.1h late, publishing
[2026-06-14 21:08:21 +08] Posting batch-n6-bbtb-mode-a-2026-06-13-20 (carousel) — notes: Series: Behind the Badge · Mode A (Editorial Dark) · BMW F30
[2026-06-14 21:08:55 +08] OK  batch-n6-bbtb-mode-a-2026-06-13-20 -> https://www.instagram.com/p/DZkUNIYEjqS/
[2026-06-14 23:16:51 +08] HEARTBEAT lag 128 min (prev=2026-06-14T21:08:21.525729+08:00)
[2026-06-14 23:16:51 +08] run: no due posts
[2026-06-14 23:17:33 +08] run: no due posts
[2026-06-15 00:50:08 +08] HEARTBEAT lag 93 min (prev=2026-06-14T23:17:33.454360+08:00)
[2026-06-15 00:50:08 +08] run: no due posts
[2026-06-15 01:25:03 +08] HEARTBEAT lag 35 min (prev=2026-06-15T00:50:08.795399+08:00)
[2026-06-15 01:25:03 +08] run: no due posts
[2026-06-15 01:48:57 +08] run: no due posts
[2026-06-15 02:52:09 +08] HEARTBEAT lag 63 min (prev=2026-06-15T01:48:57.130394+08:00)
[2026-06-15 02:52:09 +08] run: no due posts
[2026-06-15 03:58:40 +08] HEARTBEAT lag 67 min (prev=2026-06-15T02:52:09.794529+08:00)
[2026-06-15 03:58:41 +08] run: no due posts
[2026-06-15 04:22:09 +08] run: no due posts
[2026-06-15 05:40:38 +08] HEARTBEAT lag 78 min (prev=2026-06-15T04:22:09.362383+08:00)
[2026-06-15 05:40:38 +08] run: no due posts
[2026-06-15 05:52:30 +08] run: no due posts
[2026-06-15 06:52:26 +08] HEARTBEAT lag 60 min (prev=2026-06-15T05:52:30.014972+08:00)
[2026-06-15 06:52:26 +08] run: no due posts
[2026-06-15 07:13:48 +08] run: no due posts
[2026-06-15 09:41:10 +08] HEARTBEAT lag 147 min (prev=2026-06-15T07:13:48.669134+08:00)
[2026-06-15 09:41:10 +08] run: no due posts
[2026-06-15 10:00:47 +08] run: no due posts
[2026-06-15 12:27:08 +08] HEARTBEAT lag 146 min (prev=2026-06-15T10:00:47.238210+08:00)
[2026-06-15 12:27:08 +08] run: no due posts
[2026-06-15 12:58:56 +08] HEARTBEAT lag 32 min (prev=2026-06-15T12:27:08.572341+08:00)
[2026-06-15 12:58:56 +08] run: no due posts
[2026-06-15 18:44:10 +08] HEARTBEAT lag 345 min (prev=2026-06-15T12:58:56.976077+08:00)
[2026-06-15 18:44:10 +08] run: no due posts
[2026-06-15 18:57:35 +08] run: no due posts
[2026-06-16 00:10:13 +08] HEARTBEAT lag 313 min (prev=2026-06-15T18:57:35.783042+08:00)
[2026-06-16 00:10:13 +08] CATCH-UP batch-v1-truth-beats-polish-2026-06-14-20 — 4.2h late, publishing
[2026-06-16 00:10:13 +08] CATCH-UP igs-car-insurance-broker-c-d3 — 4.2h late, publishing
[2026-06-16 00:10:13 +08] Posting batch-v1-truth-beats-polish-2026-06-14-20 (carousel) — notes: Voice card · Truth beats polish
[2026-06-16 00:10:39 +08] OK  batch-v1-truth-beats-polish-2026-06-14-20 -> https://www.instagram.com/p/DZnNy4lEgJU/
[2026-06-16 00:10:40 +08] Posting igs-car-insurance-broker-c-d3 (story) — notes: IGS C for blog: car-insurance-broker
[2026-06-16 00:10:47 +08] OK  igs-car-insurance-broker-c-d3 -> 18083975306453213
[2026-06-16 00:20:20 +08] run: no due posts
[2026-06-16 03:51:53 +08] HEARTBEAT lag 212 min (prev=2026-06-16T00:20:20.382768+08:00)
[2026-06-16 03:51:53 +08] run: no due posts
[2026-06-16 03:56:30 +08] run: no due posts
[2026-06-16 06:23:08 +08] HEARTBEAT lag 147 min (prev=2026-06-16T03:56:30.079445+08:00)
[2026-06-16 06:23:08 +08] run: no due posts
[2026-06-16 06:29:43 +08] run: no due posts
[2026-06-16 08:12:54 +08] HEARTBEAT lag 103 min (prev=2026-06-16T06:29:43.442835+08:00)
[2026-06-16 08:12:54 +08] run: no due posts
[2026-06-16 08:17:29 +08] run: no due posts
[2026-06-16 12:23:18 +08] HEARTBEAT lag 246 min (prev=2026-06-16T08:17:29.303783+08:00)
[2026-06-16 12:23:18 +08] run: no due posts
[2026-06-16 12:58:13 +08] HEARTBEAT lag 35 min (prev=2026-06-16T12:23:18.685455+08:00)
[2026-06-16 12:58:13 +08] run: no due posts
[2026-06-16 17:40:15 +08] HEARTBEAT lag 282 min (prev=2026-06-16T12:58:13.718161+08:00)
[2026-06-16 17:40:15 +08] CATCH-UP igs-cat-a-coe-june-2026-hits-126009-whats-driving-the-climb-a-d1 — 2.2h late, publishing
[2026-06-16 17:40:15 +08] Posting igs-cat-a-coe-june-2026-hits-126009-whats-driving-the-climb-a-d1 (story) — notes: IGS A for blog: cat-a-coe-june-2026-hits-126009-whats-driving-the-climb
[2026-06-16 17:40:25 +08] OK  igs-cat-a-coe-june-2026-hits-126009-whats-driving-the-climb-a-d1 -> 18192782752371044
[2026-06-16 18:14:20 +08] HEARTBEAT lag 34 min (prev=2026-06-16T17:40:15.447360+08:00)
[2026-06-16 18:14:20 +08] run: no due posts
[2026-06-16 22:33:18 +08] HEARTBEAT lag 259 min (prev=2026-06-16T18:14:20.012599+08:00)
[2026-06-16 22:33:18 +08] CATCH-UP batch-v2-if-you-dont-need-it-2026-06-15-20 — 2.6h late, publishing
[2026-06-16 22:33:18 +08] Posting batch-v2-if-you-dont-need-it-2026-06-15-20 (carousel) — notes: Voice card · If you don't need it, we'll tell you
[2026-06-16 22:33:42 +08] OK  batch-v2-if-you-dont-need-it-2026-06-15-20 -> https://www.instagram.com/p/DZpnf9uGkfQ/
[2026-06-16 23:23:05 +08] HEARTBEAT lag 50 min (prev=2026-06-16T22:33:18.281693+08:00)
[2026-06-16 23:23:05 +08] run: no due posts
[2026-06-17 02:46:09 +08] HEARTBEAT lag 203 min (prev=2026-06-16T23:23:05.426023+08:00)
[2026-06-17 02:46:09 +08] run: no due posts
[2026-06-17 02:59:31 +08] run: no due posts
[2026-06-17 03:41:50 +08] HEARTBEAT lag 42 min (prev=2026-06-17T02:59:31.958146+08:00)
[2026-06-17 03:41:50 +08] run: no due posts
[2026-06-17 03:50:49 +08] run: no due posts
[2026-06-17 06:18:49 +08] HEARTBEAT lag 148 min (prev=2026-06-17T03:50:49.913045+08:00)
[2026-06-17 06:18:49 +08] run: no due posts
[2026-06-17 06:22:49 +08] run: no due posts
[2026-06-17 07:57:39 +08] HEARTBEAT lag 95 min (prev=2026-06-17T06:22:49.940461+08:00)
[2026-06-17 07:57:39 +08] run: no due posts
[2026-06-17 08:04:49 +08] run: no due posts
[2026-06-17 12:17:47 +08] HEARTBEAT lag 253 min (prev=2026-06-17T08:04:49.449157+08:00)
[2026-06-17 12:17:47 +08] CATCH-UP igs-cat-a-coe-june-2026-hits-126009-whats-driving-the-climb-b-d2 — 1.3h late, publishing
[2026-06-17 12:17:47 +08] Posting igs-cat-a-coe-june-2026-hits-126009-whats-driving-the-climb-b-d2 (story) — notes: IGS B for blog: cat-a-coe-june-2026-hits-126009-whats-driving-the-climb
[2026-06-17 12:18:02 +08] OK  igs-cat-a-coe-june-2026-hits-126009-whats-driving-the-climb-b-d2 -> 18219318847322201
[2026-06-17 12:43:55 +08] run: no due posts
[2026-06-17 17:15:42 +08] HEARTBEAT lag 272 min (prev=2026-06-17T12:43:55.661463+08:00)
[2026-06-17 17:15:42 +08] run: no due posts
[2026-06-17 17:22:45 +08] run: no due posts
[2026-06-17 20:58:23 +08] HEARTBEAT lag 216 min (prev=2026-06-17T17:22:45.005380+08:00)
[2026-06-17 20:58:23 +08] CATCH-UP batch-v3-truth-not-sale-2026-06-16-20 — 1.0h late, publishing
[2026-06-17 20:58:23 +08] Posting batch-v3-truth-not-sale-2026-06-16-20 (carousel) — notes: Voice card · Truth, not the sale
[2026-06-17 20:58:45 +08] OK  batch-v3-truth-not-sale-2026-06-16-20 -> https://www.instagram.com/p/DZsBbXNkyul/
[2026-06-18 00:40:19 +08] HEARTBEAT lag 222 min (prev=2026-06-17T20:58:23.661919+08:00)
[2026-06-18 00:40:19 +08] run: no due posts
[2026-06-18 00:41:23 +08] run: no due posts
[2026-06-18 02:26:25 +08] HEARTBEAT lag 105 min (prev=2026-06-18T00:41:23.952391+08:00)
[2026-06-18 02:26:25 +08] run: no due posts
[2026-06-18 02:35:20 +08] run: no due posts
[2026-06-18 04:35:31 +08] HEARTBEAT lag 120 min (prev=2026-06-18T02:35:20.723023+08:00)
[2026-06-18 04:35:31 +08] run: no due posts
[2026-06-18 04:57:26 +08] run: no due posts
[2026-06-18 06:47:16 +08] HEARTBEAT lag 110 min (prev=2026-06-18T04:57:26.312911+08:00)
[2026-06-18 06:47:16 +08] run: no due posts
[2026-06-18 06:56:17 +08] run: no due posts
[2026-06-18 08:19:37 +08] HEARTBEAT lag 83 min (prev=2026-06-18T06:56:17.257859+08:00)
[2026-06-18 08:19:37 +08] run: no due posts
[2026-06-18 09:43:47 +08] HEARTBEAT lag 84 min (prev=2026-06-18T08:19:37.431602+08:00)
[2026-06-18 09:43:47 +08] run: no due posts
[2026-06-18 12:10:00 +08] HEARTBEAT lag 146 min (prev=2026-06-18T09:43:47.705486+08:00)
[2026-06-18 12:10:00 +08] run: no due posts
[2026-06-18 12:27:12 +08] run: no due posts
[2026-06-18 16:56:16 +08] HEARTBEAT lag 269 min (prev=2026-06-18T12:27:12.729480+08:00)
[2026-06-18 16:56:16 +08] run: no due posts
[2026-06-18 17:04:27 +08] run: no due posts
[2026-06-18 20:28:57 +08] HEARTBEAT lag 205 min (prev=2026-06-18T17:04:27.015504+08:00)
[2026-06-18 20:28:57 +08] Posting batch-n1-st-mode-a-2026-06-08-20 (carousel) — notes: Series: Straight Talk · Mode A (Editorial Dark) · 3 questions
[2026-06-18 20:29:34 +08] OK  batch-n1-st-mode-a-2026-06-08-20 -> https://www.instagram.com/p/DZui3zRFPMP/
[2026-06-18 20:29:35 +08] Posting igs-cat-a-coe-june-2026-hits-126009-whats-driving-the-climb-c-d3 (story) — notes: IGS C for blog: cat-a-coe-june-2026-hits-126009-whats-driving-the-climb
[2026-06-18 20:29:47 +08] OK  igs-cat-a-coe-june-2026-hits-126009-whats-driving-the-climb-c-d3 -> 17883233379435215
[2026-06-18 20:30:37 +08] run: no due posts
[2026-06-19 00:00:36 +08] HEARTBEAT lag 210 min (prev=2026-06-18T20:30:37.311778+08:00)
[2026-06-19 00:00:36 +08] run: no due posts
[2026-06-19 00:02:01 +08] run: no due posts
[2026-06-19 02:29:00 +08] HEARTBEAT lag 147 min (prev=2026-06-19T00:02:01.207662+08:00)
[2026-06-19 02:29:00 +08] run: no due posts
[2026-06-19 02:36:47 +08] run: no due posts
[2026-06-19 05:06:34 +08] HEARTBEAT lag 150 min (prev=2026-06-19T02:36:47.856989+08:00)
[2026-06-19 05:06:34 +08] run: no due posts
[2026-06-19 05:14:40 +08] run: no due posts
[2026-06-19 07:12:14 +08] HEARTBEAT lag 118 min (prev=2026-06-19T05:14:40.604508+08:00)
[2026-06-19 07:12:14 +08] run: no due posts
[2026-06-19 07:19:25 +08] run: no due posts
[2026-06-19 10:07:08 +08] HEARTBEAT lag 168 min (prev=2026-06-19T07:19:25.414104+08:00)
[2026-06-19 10:07:08 +08] run: no due posts
[2026-06-19 10:19:31 +08] run: no due posts
[2026-06-19 12:27:54 +08] HEARTBEAT lag 128 min (prev=2026-06-19T10:19:31.067189+08:00)
[2026-06-19 12:27:54 +08] run: no due posts
[2026-06-19 12:55:16 +08] run: no due posts
[2026-06-19 17:21:02 +08] HEARTBEAT lag 266 min (prev=2026-06-19T12:55:16.017424+08:00)
[2026-06-19 17:21:02 +08] CATCH-UP igs-car-insurance-broker-vs-direct-singapore-a-d1 — 1.9h late, publishing
[2026-06-19 17:21:02 +08] Posting igs-car-insurance-broker-vs-direct-singapore-a-d1 (story) — notes: IGS A for blog: car-insurance-broker-vs-direct-singapore
[2026-06-19 17:21:15 +08] OK  igs-car-insurance-broker-vs-direct-singapore-a-d1 -> 17896181604471564
[2026-06-19 17:24:37 +08] run: no due posts
[2026-06-19 20:56:42 +08] HEARTBEAT lag 212 min (prev=2026-06-19T17:24:37.055385+08:00)
[2026-06-19 20:56:42 +08] CATCH-UP batch-n2-dm-mode-e-2026-06-09-20 — 0.9h late, publishing
[2026-06-19 20:56:42 +08] Posting batch-n2-dm-mode-e-2026-06-09-20 (carousel) — notes: Series: Driver's Manual · Mode E (Spec Sheet) · Brake pads in 10s
[2026-06-19 20:57:31 +08] OK  batch-n2-dm-mode-e-2026-06-09-20 -> https://www.instagram.com/p/DZxK290H8e5/
[2026-06-19 20:59:45 +08] run: no due posts
[2026-06-20 00:09:49 +08] HEARTBEAT lag 190 min (prev=2026-06-19T20:59:45.692908+08:00)
[2026-06-20 00:09:49 +08] run: no due posts
[2026-06-20 00:11:56 +08] run: no due posts
[2026-06-20 02:03:04 +08] HEARTBEAT lag 111 min (prev=2026-06-20T00:11:56.306087+08:00)
[2026-06-20 02:03:04 +08] run: no due posts
[2026-06-20 02:07:48 +08] run: no due posts
[2026-06-20 04:04:08 +08] HEARTBEAT lag 116 min (prev=2026-06-20T02:07:48.570868+08:00)
[2026-06-20 04:04:08 +08] run: no due posts
[2026-06-20 04:16:55 +08] run: no due posts
[2026-06-20 05:36:04 +08] HEARTBEAT lag 79 min (prev=2026-06-20T04:16:55.155119+08:00)
[2026-06-20 05:36:04 +08] run: no due posts
[2026-06-20 05:46:13 +08] run: no due posts
[2026-06-20 06:38:42 +08] HEARTBEAT lag 52 min (prev=2026-06-20T05:46:13.666845+08:00)
[2026-06-20 06:38:42 +08] run: no due posts
[2026-06-20 07:03:32 +08] run: no due posts
[2026-06-20 07:49:30 +08] HEARTBEAT lag 46 min (prev=2026-06-20T07:03:32.176079+08:00)
[2026-06-20 07:49:30 +08] run: no due posts
[2026-06-20 09:36:44 +08] HEARTBEAT lag 107 min (prev=2026-06-20T07:49:30.086884+08:00)
[2026-06-20 09:36:44 +08] run: no due posts
[2026-06-20 11:52:41 +08] HEARTBEAT lag 136 min (prev=2026-06-20T09:36:44.258257+08:00)
[2026-06-20 11:52:41 +08] CATCH-UP igs-car-insurance-broker-vs-direct-singapore-b-d2 — 0.9h late, publishing
[2026-06-20 11:52:41 +08] Posting igs-car-insurance-broker-vs-direct-singapore-b-d2 (story) — notes: IGS B for blog: car-insurance-broker-vs-direct-singapore
[2026-06-20 11:52:51 +08] OK  igs-car-insurance-broker-vs-direct-singapore-b-d2 -> 18395520475093133
[2026-06-20 12:10:13 +08] run: no due posts
[2026-06-20 15:51:57 +08] HEARTBEAT lag 222 min (prev=2026-06-20T12:10:13.433883+08:00)
[2026-06-20 15:51:57 +08] run: no due posts
[2026-06-20 15:57:12 +08] run: no due posts
[2026-06-20 18:33:56 +08] HEARTBEAT lag 157 min (prev=2026-06-20T15:57:12.169386+08:00)
[2026-06-20 18:33:56 +08] run: no due posts
[2026-06-20 18:36:15 +08] run: no due posts
[2026-06-20 20:16:36 +08] HEARTBEAT lag 100 min (prev=2026-06-20T18:36:15.469243+08:00)
[2026-06-20 20:16:36 +08] run: no due posts
[2026-06-20 20:17:30 +08] run: no due posts
[2026-06-20 22:35:20 +08] HEARTBEAT lag 138 min (prev=2026-06-20T20:17:30.858461+08:00)
[2026-06-20 22:35:20 +08] run: no due posts
[2026-06-21 00:03:21 +08] HEARTBEAT lag 88 min (prev=2026-06-20T22:35:20.095292+08:00)
[2026-06-21 00:03:21 +08] run: no due posts
[2026-06-21 00:04:45 +08] run: no due posts
[2026-06-21 01:40:14 +08] HEARTBEAT lag 95 min (prev=2026-06-21T00:04:45.248938+08:00)
[2026-06-21 01:40:14 +08] run: no due posts
[2026-06-21 01:48:40 +08] run: no due posts
[2026-06-21 03:46:09 +08] HEARTBEAT lag 117 min (prev=2026-06-21T01:48:40.550738+08:00)
[2026-06-21 03:46:09 +08] run: no due posts
[2026-06-21 03:57:19 +08] run: no due posts
[2026-06-21 05:22:54 +08] HEARTBEAT lag 86 min (prev=2026-06-21T03:57:19.749909+08:00)
[2026-06-21 05:22:54 +08] run: no due posts
[2026-06-21 05:41:00 +08] run: no due posts
[2026-06-21 06:44:36 +08] HEARTBEAT lag 64 min (prev=2026-06-21T05:41:00.446519+08:00)
[2026-06-21 06:44:36 +08] run: no due posts
[2026-06-21 06:50:52 +08] run: no due posts
[2026-06-21 08:13:58 +08] HEARTBEAT lag 83 min (prev=2026-06-21T06:50:52.121568+08:00)
[2026-06-21 08:13:58 +08] run: no due posts
[2026-06-21 09:40:28 +08] HEARTBEAT lag 87 min (prev=2026-06-21T08:13:58.466370+08:00)
[2026-06-21 09:40:28 +08] run: no due posts
[2026-06-21 12:23:32 +08] HEARTBEAT lag 163 min (prev=2026-06-21T09:40:28.760531+08:00)
[2026-06-21 12:23:32 +08] run: no due posts
[2026-06-21 12:51:23 +08] run: no due posts
[2026-06-21 16:46:05 +08] HEARTBEAT lag 235 min (prev=2026-06-21T12:51:23.051303+08:00)
[2026-06-21 16:46:05 +08] run: no due posts
[2026-06-21 16:51:44 +08] run: no due posts
[2026-06-21 19:36:06 +08] HEARTBEAT lag 164 min (prev=2026-06-21T16:51:44.804020+08:00)
[2026-06-21 19:36:06 +08] run: no due posts
[2026-06-21 21:24:52 +08] HEARTBEAT lag 109 min (prev=2026-06-21T19:36:06.719060+08:00)
[2026-06-21 21:24:52 +08] CATCH-UP igs-car-insurance-broker-vs-direct-singapore-c-d3 — 1.4h late, publishing
[2026-06-21 21:24:52 +08] Posting igs-car-insurance-broker-vs-direct-singapore-c-d3 (story) — notes: IGS C for blog: car-insurance-broker-vs-direct-singapore
[2026-06-21 21:25:06 +08] OK  igs-car-insurance-broker-vs-direct-singapore-c-d3 -> 18093031637255600
[2026-06-21 23:20:49 +08] HEARTBEAT lag 116 min (prev=2026-06-21T21:24:52.071848+08:00)
[2026-06-21 23:20:49 +08] run: no due posts
[2026-06-21 23:27:15 +08] run: no due posts
[2026-06-22 00:56:59 +08] HEARTBEAT lag 90 min (prev=2026-06-21T23:27:15.481347+08:00)
[2026-06-22 00:56:59 +08] run: no due posts
[2026-06-22 01:06:41 +08] run: no due posts
[2026-06-22 01:43:57 +08] HEARTBEAT lag 37 min (prev=2026-06-22T01:06:41.419991+08:00)
[2026-06-22 01:43:57 +08] run: no due posts
[2026-06-22 01:53:26 +08] run: no due posts
[2026-06-22 03:51:15 +08] HEARTBEAT lag 118 min (prev=2026-06-22T01:53:26.565479+08:00)
[2026-06-22 03:51:15 +08] run: no due posts
[2026-06-22 04:03:31 +08] run: no due posts
[2026-06-22 05:19:52 +08] HEARTBEAT lag 76 min (prev=2026-06-22T04:03:31.381293+08:00)
[2026-06-22 05:19:52 +08] run: no due posts
[2026-06-22 05:42:36 +08] run: no due posts
[2026-06-22 06:44:08 +08] HEARTBEAT lag 62 min (prev=2026-06-22T05:42:36.519240+08:00)
[2026-06-22 06:44:08 +08] run: no due posts
[2026-06-22 06:50:43 +08] run: no due posts
[2026-06-22 08:17:38 +08] HEARTBEAT lag 87 min (prev=2026-06-22T06:50:43.667819+08:00)
[2026-06-22 08:17:38 +08] run: no due posts
[2026-06-22 09:41:39 +08] HEARTBEAT lag 84 min (prev=2026-06-22T08:17:38.441269+08:00)
[2026-06-22 09:41:39 +08] run: no due posts
[2026-06-22 12:25:39 +08] HEARTBEAT lag 164 min (prev=2026-06-22T09:41:39.236800+08:00)
[2026-06-22 12:25:39 +08] run: no due posts
[2026-06-22 12:59:51 +08] HEARTBEAT lag 34 min (prev=2026-06-22T12:25:39.814038+08:00)
[2026-06-22 12:59:51 +08] run: no due posts
[2026-06-22 18:22:15 +08] HEARTBEAT lag 322 min (prev=2026-06-22T12:59:51.271743+08:00)
[2026-06-22 18:22:15 +08] run: no due posts
[2026-06-22 18:44:00 +08] run: no due posts
[2026-06-22 23:35:45 +08] HEARTBEAT lag 292 min (prev=2026-06-22T18:44:00.242912+08:00)
[2026-06-22 23:35:45 +08] run: no due posts
[2026-06-22 23:44:56 +08] run: no due posts
[2026-06-23 02:58:57 +08] HEARTBEAT lag 194 min (prev=2026-06-22T23:44:56.232563+08:00)
[2026-06-23 02:58:57 +08] run: no due posts
[2026-06-23 03:00:23 +08] run: no due posts
[2026-06-23 03:35:37 +08] HEARTBEAT lag 35 min (prev=2026-06-23T03:00:23.493377+08:00)
[2026-06-23 03:35:37 +08] run: no due posts
[2026-06-23 03:48:05 +08] run: no due posts
[2026-06-23 06:08:37 +08] HEARTBEAT lag 141 min (prev=2026-06-23T03:48:05.030844+08:00)
[2026-06-23 06:08:37 +08] run: no due posts
[2026-06-23 06:16:38 +08] run: no due posts
[2026-06-23 07:51:10 +08] HEARTBEAT lag 95 min (prev=2026-06-23T06:16:38.176648+08:00)
[2026-06-23 07:51:10 +08] run: no due posts
[2026-06-23 07:55:27 +08] run: no due posts
[2026-06-23 11:42:26 +08] HEARTBEAT lag 227 min (prev=2026-06-23T07:55:27.862508+08:00)
[2026-06-23 11:42:26 +08] run: no due posts
[2026-06-23 11:59:54 +08] run: no due posts
[2026-06-23 15:34:07 +08] HEARTBEAT lag 214 min (prev=2026-06-23T11:59:54.727067+08:00)
[2026-06-23 15:34:07 +08] run: no due posts
[2026-06-23 15:53:42 +08] run: no due posts
[2026-06-23 18:48:14 +08] HEARTBEAT lag 175 min (prev=2026-06-23T15:53:42.388757+08:00)
[2026-06-23 18:48:14 +08] run: no due posts
[2026-06-23 18:51:15 +08] run: no due posts
[2026-06-23 21:31:47 +08] HEARTBEAT lag 161 min (prev=2026-06-23T18:51:15.733253+08:00)
[2026-06-23 21:31:47 +08] run: no due posts
[2026-06-24 00:11:25 +08] HEARTBEAT lag 160 min (prev=2026-06-23T21:31:47.543722+08:00)
[2026-06-24 00:11:25 +08] run: no due posts
[2026-06-24 00:13:19 +08] run: no due posts
[2026-06-24 02:04:12 +08] HEARTBEAT lag 111 min (prev=2026-06-24T00:13:19.554370+08:00)
[2026-06-24 02:04:12 +08] run: no due posts
[2026-06-24 02:15:06 +08] run: no due posts
[2026-06-24 04:26:18 +08] HEARTBEAT lag 131 min (prev=2026-06-24T02:15:06.717767+08:00)
[2026-06-24 04:26:18 +08] run: no due posts
[2026-06-24 04:34:30 +08] run: no due posts
[2026-06-24 06:04:41 +08] HEARTBEAT lag 90 min (prev=2026-06-24T04:34:30.708298+08:00)
[2026-06-24 06:04:41 +08] run: no due posts
[2026-06-24 06:18:52 +08] run: no due posts
[2026-06-24 07:31:09 +08] HEARTBEAT lag 72 min (prev=2026-06-24T06:18:52.130654+08:00)
[2026-06-24 07:31:09 +08] run: no due posts
[2026-06-24 07:36:33 +08] run: no due posts
[2026-06-24 09:32:36 +08] HEARTBEAT lag 116 min (prev=2026-06-24T07:36:33.769355+08:00)
[2026-06-24 09:32:36 +08] run: no due posts
[2026-06-24 11:45:01 +08] HEARTBEAT lag 132 min (prev=2026-06-24T09:32:36.981890+08:00)
[2026-06-24 11:45:01 +08] run: no due posts
[2026-06-24 12:02:13 +08] run: no due posts
[2026-06-24 15:02:22 +08] HEARTBEAT lag 180 min (prev=2026-06-24T12:02:13.612321+08:00)
[2026-06-24 15:02:22 +08] run: no due posts
[2026-06-24 15:50:49 +08] HEARTBEAT lag 48 min (prev=2026-06-24T15:02:22.500603+08:00)
[2026-06-24 15:50:49 +08] run: no due posts
[2026-06-24 18:27:07 +08] HEARTBEAT lag 156 min (prev=2026-06-24T15:50:49.701075+08:00)
[2026-06-24 18:27:07 +08] run: no due posts
[2026-06-24 18:36:03 +08] run: no due posts
[2026-06-24 20:34:13 +08] HEARTBEAT lag 118 min (prev=2026-06-24T18:36:03.679318+08:00)
[2026-06-24 20:34:13 +08] run: no due posts
[2026-06-24 20:36:02 +08] run: no due posts
[2026-06-24 23:21:51 +08] HEARTBEAT lag 166 min (prev=2026-06-24T20:36:02.319325+08:00)
[2026-06-24 23:21:51 +08] run: no due posts
[2026-06-24 23:22:43 +08] run: no due posts
[2026-06-25 01:23:39 +08] HEARTBEAT lag 121 min (prev=2026-06-24T23:22:43.420276+08:00)
[2026-06-25 01:23:39 +08] run: no due posts
[2026-06-25 01:27:21 +08] run: no due posts
[2026-06-25 02:00:45 +08] HEARTBEAT lag 33 min (prev=2026-06-25T01:27:21.222967+08:00)
[2026-06-25 02:00:45 +08] run: no due posts
[2026-06-25 02:10:22 +08] run: no due posts
[2026-06-25 04:10:51 +08] HEARTBEAT lag 120 min (prev=2026-06-25T02:10:22.683069+08:00)
[2026-06-25 04:10:51 +08] run: no due posts
[2026-06-25 04:18:53 +08] run: no due posts
[2026-06-25 05:47:01 +08] HEARTBEAT lag 88 min (prev=2026-06-25T04:18:53.346723+08:00)
[2026-06-25 05:47:01 +08] run: no due posts
[2026-06-25 05:54:57 +08] run: no due posts
[2026-06-25 07:11:01 +08] HEARTBEAT lag 76 min (prev=2026-06-25T05:54:57.637639+08:00)
[2026-06-25 07:11:01 +08] run: no due posts
[2026-06-25 07:34:38 +08] run: no due posts
[2026-06-25 09:32:29 +08] HEARTBEAT lag 118 min (prev=2026-06-25T07:34:38.126387+08:00)
[2026-06-25 09:32:29 +08] run: no due posts
[2026-06-25 09:49:45 +08] run: no due posts
[2026-06-25 11:43:42 +08] HEARTBEAT lag 114 min (prev=2026-06-25T09:49:45.493858+08:00)
[2026-06-25 11:43:42 +08] run: no due posts
[2026-06-25 12:02:38 +08] run: no due posts
[2026-06-25 15:02:39 +08] HEARTBEAT lag 180 min (prev=2026-06-25T12:02:38.622405+08:00)
[2026-06-25 15:02:39 +08] run: no due posts
[2026-06-25 15:52:03 +08] HEARTBEAT lag 49 min (prev=2026-06-25T15:02:39.980972+08:00)
[2026-06-25 15:52:03 +08] run: no due posts
[2026-06-25 18:19:39 +08] HEARTBEAT lag 148 min (prev=2026-06-25T15:52:03.308835+08:00)
[2026-06-25 18:19:39 +08] run: no due posts
[2026-06-25 18:30:21 +08] run: no due posts
[2026-06-25 20:35:05 +08] HEARTBEAT lag 125 min (prev=2026-06-25T18:30:21.936391+08:00)
[2026-06-25 20:35:05 +08] CATCH-UP eng-mon-tyre-age — 0.6h late, publishing
[2026-06-25 20:35:05 +08] Posting eng-mon-tyre-age (carousel) — notes: Engine wk1 · Driver's Manual · Mode A · Tyre date code
[2026-06-25 20:35:48 +08] OK  eng-mon-tyre-age -> https://www.instagram.com/p/DaAlJcIEiy6/
[2026-06-25 20:37:55 +08] run: no due posts
[2026-06-25 23:31:58 +08] HEARTBEAT lag 174 min (prev=2026-06-25T20:37:55.334587+08:00)
[2026-06-25 23:31:58 +08] run: no due posts
[2026-06-26 01:32:09 +08] HEARTBEAT lag 120 min (prev=2026-06-25T23:31:58.899269+08:00)
[2026-06-26 01:32:09 +08] run: no due posts
[2026-06-26 01:33:16 +08] run: no due posts
[2026-06-26 02:17:46 +08] HEARTBEAT lag 45 min (prev=2026-06-26T01:33:16.100642+08:00)
[2026-06-26 02:17:46 +08] run: no due posts
[2026-06-26 02:26:55 +08] run: no due posts
[2026-06-26 04:32:49 +08] HEARTBEAT lag 126 min (prev=2026-06-26T02:26:55.008951+08:00)
[2026-06-26 04:32:49 +08] run: no due posts
[2026-06-26 04:49:39 +08] run: no due posts
[2026-06-26 06:24:23 +08] HEARTBEAT lag 95 min (prev=2026-06-26T04:49:39.721943+08:00)
[2026-06-26 06:24:23 +08] run: no due posts
[2026-06-26 06:46:58 +08] run: no due posts
[2026-06-26 07:53:54 +08] HEARTBEAT lag 67 min (prev=2026-06-26T06:46:58.266261+08:00)
[2026-06-26 07:53:55 +08] run: no due posts
[2026-06-26 09:30:38 +08] HEARTBEAT lag 97 min (prev=2026-06-26T07:53:54.994253+08:00)
[2026-06-26 09:30:38 +08] run: no due posts
[2026-06-26 11:53:53 +08] HEARTBEAT lag 143 min (prev=2026-06-26T09:30:38.652993+08:00)
[2026-06-26 11:53:53 +08] run: no due posts
[2026-06-26 12:09:56 +08] run: no due posts
[2026-06-26 15:55:50 +08] HEARTBEAT lag 226 min (prev=2026-06-26T12:09:56.066030+08:00)
[2026-06-26 15:55:50 +08] run: no due posts
[2026-06-26 16:01:39 +08] run: no due posts
[2026-06-26 18:53:56 +08] HEARTBEAT lag 172 min (prev=2026-06-26T16:01:39.482956+08:00)
[2026-06-26 18:53:56 +08] run: no due posts
[2026-06-26 19:10:53 +08] run: no due posts
[2026-06-26 21:13:21 +08] HEARTBEAT lag 122 min (prev=2026-06-26T19:10:53.150948+08:00)
[2026-06-26 21:13:21 +08] CATCH-UP eng-tue-40k-80 — 1.2h late, publishing
[2026-06-26 21:13:21 +08] Posting eng-tue-40k-80 (carousel) — notes: Engine wk1 · Cost of Waiting · Mode C · $40k car $80 service
[2026-06-26 21:14:00 +08] OK  eng-tue-40k-80 -> https://www.instagram.com/p/DaDOUSSkjBn/
[2026-06-26 21:19:04 +08] run: no due posts
[2026-06-26 23:32:16 +08] HEARTBEAT lag 133 min (prev=2026-06-26T21:19:04.439192+08:00)
[2026-06-26 23:32:16 +08] run: no due posts
[2026-06-27 01:17:33 +08] HEARTBEAT lag 105 min (prev=2026-06-26T23:32:16.930420+08:00)
[2026-06-27 01:17:34 +08] run: no due posts
[2026-06-27 01:20:52 +08] run: no due posts
[2026-06-27 01:55:18 +08] HEARTBEAT lag 34 min (prev=2026-06-27T01:20:52.520418+08:00)
[2026-06-27 01:55:18 +08] run: no due posts
[2026-06-27 02:03:46 +08] run: no due posts
[2026-06-27 03:58:29 +08] HEARTBEAT lag 115 min (prev=2026-06-27T02:03:46.830483+08:00)
[2026-06-27 03:58:29 +08] run: no due posts
[2026-06-27 04:11:02 +08] run: no due posts
[2026-06-27 05:26:32 +08] HEARTBEAT lag 75 min (prev=2026-06-27T04:11:02.436295+08:00)
[2026-06-27 05:26:32 +08] run: no due posts
[2026-06-27 05:41:09 +08] run: no due posts
